{"response_code":0,"results":[{"category":"Science & Nature","type":"boolean","difficulty":"medium","question":"The Neanderthals were a direct ancestor of modern humans.","correct_answer":"False","incorrect_answers":["True"]},{"category":"Geography","type":"multiple","difficulty":"hard","question":"What country is not a part of Scandinavia?","correct_answer":"Finland","incorrect_answers":["Norway","Sweden","Denmark"]},{"category":"Science: Computers","type":"multiple","difficulty":"easy","question":"Which company was established on April 1st, 1976 by Steve Jobs, Steve Wozniak and Ronald Wayne?","correct_answer":"Apple","incorrect_answers":["Microsoft","Atari","Commodore"]},{"category":"Science & Nature","type":"multiple","difficulty":"easy","question":"Which of these bones is hardest to break?","correct_answer":"Femur","incorrect_answers":["Cranium","Humerus","Tibia"]},{"category":"Entertainment: Music","type":"multiple","difficulty":"easy","question":"In the  Rossini opera, what was the name of &#039;The Barber of Seville&#039;?","correct_answer":"Figaro","incorrect_answers":["Angelo","Fernando","Dave"]},{"category":"Entertainment: Television","type":"multiple","difficulty":"medium","question":"What is the title of The Allman Brothers Band instrumental used as the theme to the BBC motoring show, &#039;Top Gear&#039;?","correct_answer":"Jessica","incorrect_answers":["Angela","Erica","Sandra"]},{"category":"Geography","type":"boolean","difficulty":"medium","question":"The flag of South Africa features 7 colours.","correct_answer":"False","incorrect_answers":["True"]},{"category":"Politics","type":"multiple","difficulty":"medium","question":"Who was the only president to not be in office in Washington D.C?","correct_answer":"George Washington","incorrect_answers":["Abraham Lincoln","Richard Nixon","Thomas Jefferson"]},{"category":"General Knowledge","type":"boolean","difficulty":"medium","question":"Coca-Cola&#039;s original colour was green.","correct_answer":"False","incorrect_answers":["True"]},{"category":"Entertainment: Television","type":"multiple","difficulty":"hard","question":"The theme for the popular science fiction series &quot;Doctor Who&quot; was composed by who?","correct_answer":"Ron Grainer","incorrect_answers":["Murray Gold","Delia Derbyshire","Peter Howell"]},{"category":"Entertainment: Film","type":"multiple","difficulty":"easy","question":"This movie contains the quote, &quot;I feel the need ... the need for speed!&quot;","correct_answer":"Top Gun","incorrect_answers":["Days of Thunder","The Color of Money","Cocktail"]},{"category":"Entertainment: Video Games","type":"multiple","difficulty":"hard","question":"What was the world&#039;s first video game?","correct_answer":"Tennis for Two","incorrect_answers":["Spacewar!","Pong","Space Travel"]},{"category":"Entertainment: Video Games","type":"multiple","difficulty":"medium","question":"What is the world&#039;s first video game console?","correct_answer":"Magnavox Odyssey","incorrect_answers":["Coleco Telstar","Nintendo Color TV Game","Atari 2600"]},{"category":"History","type":"multiple","difficulty":"medium","question":"Who was the Prime Minister of the United Kingdom for most of World War II?","correct_answer":"Winston Churchill","incorrect_answers":["Neville Chamberlain","Harold Macmillan","Edward Heath"]},{"category":"Science & Nature","type":"multiple","difficulty":"medium","question":"Au on the Periodic Table refers to which element?","correct_answer":"Gold","incorrect_answers":["Silver","Oxygen","Nickel"]},{"category":"Celebrities","type":"multiple","difficulty":"medium","question":"Donald J. Trump&#039;s Middle Name is...","correct_answer":"John","incorrect_answers":["Jeff","Jerald","Jason"]},{"category":"Entertainment: Video Games","type":"multiple","difficulty":"medium","question":"Which football player is featured on the international cover version of the video game FIFA 16?","correct_answer":"Lionel Messi","incorrect_answers":["Cristiano Ronaldo","Wayne Rooney","David Beckham"]},{"category":"Entertainment: Video Games","type":"multiple","difficulty":"medium","question":"Which of the following Pok&eacute;mon games released first?","correct_answer":"Pok&eacute;mon Crystal","incorrect_answers":["Pok&eacute;mon Platinum","Pok&eacute;mon FireRed","Pok&eacute;mon Black"]},{"category":"History","type":"multiple","difficulty":"medium","question":"In what year was the video game company Electronic Arts founded?","correct_answer":"1982","incorrect_answers":["1999","1981","2005"]},{"category":"Geography","type":"multiple","difficulty":"hard","question":"Which is the largest freshwater lake in the world?","correct_answer":"Lake Superior ","incorrect_answers":["Caspian Sea","Lake Michigan","Lake Huron"]},{"category":"Entertainment: Video Games","type":"multiple","difficulty":"easy","question":"What video game sparked controversy because of its hidden &quot;Hot Coffee&quot; minigame?","correct_answer":"Grand Theft Auto: San Andreas","incorrect_answers":["Grand Theft Auto: Vice City","Hitman: Blood Money","Cooking Mama"]},{"category":"Geography","type":"boolean","difficulty":"easy","question":"St. Louis is the capital of the US State Missouri.","correct_answer":"False","incorrect_answers":["True"]},{"category":"History","type":"multiple","difficulty":"hard","question":"When did Lithuania declare independence from the Soviet Union?","correct_answer":"March 11th, 1990","incorrect_answers":["December 25th, 1991","December 5th, 1991","April 20th, 1989"]},{"category":"Entertainment: Video Games","type":"multiple","difficulty":"easy","question":"In what year was &quot;Antichamber&quot; released?","correct_answer":"2013","incorrect_answers":["2012","2014","2011"]},{"category":"Geography","type":"multiple","difficulty":"medium","question":"The towns of Brugelette, Arlon and Ath are located in which country?","correct_answer":"Belgium","incorrect_answers":["Andorra","France","Luxembourg"]},{"category":"Sports","type":"multiple","difficulty":"medium","question":"What is the oldest team in Major League Baseball?","correct_answer":"Atlanta Braves","incorrect_answers":["Chicago Cubs","Cincinnati Reds","St. Louis Cardinals"]},{"category":"Geography","type":"multiple","difficulty":"easy","question":"Which of the following Japanese islands is the biggest?","correct_answer":"Honshu","incorrect_answers":["Hokkaido","Shikoku","Kyushu"]},{"category":"Entertainment: Board Games","type":"multiple","difficulty":"medium","question":"In Chess, the Queen has the combined movement of which two pieces?","correct_answer":"Bishop and Rook","incorrect_answers":["Rook and King","Knight and Bishop","King and Knight"]},{"category":"Entertainment: Video Games","type":"multiple","difficulty":"medium","question":"How many regular Sunken Sea Scrolls are there in &quot;Splatoon&quot;?","correct_answer":"27","incorrect_answers":["32","30","5"]},{"category":"Entertainment: Japanese Anime & Manga","type":"multiple","difficulty":"medium","question":"What is the name of the device that allows for infinite energy in the anime &quot;Dimension W&quot;?","correct_answer":"Coils","incorrect_answers":["Wires","Collectors","Tesla"]},{"category":"Entertainment: Video Games","type":"multiple","difficulty":"medium","question":"Which of the following Copy Abilities was only featured in &quot;Kirby &amp; The Amazing Mirror&quot;?","correct_answer":"Mini","incorrect_answers":["Magic","Smash","Missile"]},{"category":"Entertainment: Video Games","type":"boolean","difficulty":"easy","question":"In Heroes of the Storm, the Cursed Hollow map gimmick requires players to kill the undead to curse the enemy team.","correct_answer":"False","incorrect_answers":["True"]},{"category":"Vehicles","type":"multiple","difficulty":"easy","question":"The LS1 engine is how many cubic inches?","correct_answer":"346","incorrect_answers":["350","355","360"]},{"category":"Entertainment: Video Games","type":"boolean","difficulty":"medium","question":"Resident Evil 4 was originally meant to be a Nintendo GameCube exclusive.","correct_answer":"True","incorrect_answers":["False"]},{"category":"Entertainment: Music","type":"multiple","difficulty":"medium","question":"Which artist or group did John Lennon consider &quot;son(s) of the Beatles&quot;?","correct_answer":"Jeff Lynne&#039;s Electric Light Orchestra","incorrect_answers":["The Rolling Stones","Pink Floyd","The Who"]},{"category":"Entertainment: Video Games","type":"multiple","difficulty":"hard","question":"In &quot;Team Fortress 2&quot;, what is the fastest taunt kill that can be pulled off?","correct_answer":"Showdown","incorrect_answers":["Hadouken","Organ Grinder","Skewer"]},{"category":"Entertainment: Video Games","type":"multiple","difficulty":"medium","question":"In Telltale Games&#039; &quot;The Walking Dead: Season One&quot; what is the name of Clementine&#039;s father?","correct_answer":"Ed","incorrect_answers":["Charles","Lee","Walter"]},{"category":"Entertainment: Video Games","type":"multiple","difficulty":"hard","question":"In which game did the character &quot;Mario&quot; make his first appearance?","correct_answer":"Donkey Kong","incorrect_answers":["Super Mario Bros.","Super Mario Land","Mario Bros."]},{"category":"Entertainment: Japanese Anime & Manga","type":"multiple","difficulty":"hard","question":"What is the name of the school in the anime and manga &quot;Gosick&quot;?","correct_answer":"St. Marguerite","incorrect_answers":["St. Augustine","St. Mary","St. Bernadette"]},{"category":"Entertainment: Television","type":"boolean","difficulty":"medium","question":"An episode of &quot;The Simpsons&quot; is dedicated to Moe Szyslak&#039;s bar rag.","correct_answer":"True","incorrect_answers":["False"]},{"category":"Science & Nature","type":"multiple","difficulty":"easy","question":"What is the speed of light in a vacuum?","correct_answer":"299,792,458 m\/s","incorrect_answers":["50,461 m\/s","308,215,043 m\/s","751,665,014,151 m\/s"]},{"category":"Entertainment: Music","type":"multiple","difficulty":"hard","question":"What is the official name of Prince&#039;s backing band?","correct_answer":"The Revolution","incorrect_answers":["The Paupers","The Wailers","The Heartbreakers"]},{"category":"Entertainment: Film","type":"multiple","difficulty":"medium","question":"Which stand-up comedian voiced the talking parrot &quot;Iago&quot; in Disney&#039;s 1992 adaptation of Aladdin?","correct_answer":"Gilbert Gottfried","incorrect_answers":["Robin Williams","Pauly Shore","Jonathan Freeman"]},{"category":"Entertainment: Music","type":"multiple","difficulty":"medium","question":"What date is referenced in the 1971 song &quot;September&quot; by Earth, Wind &amp; Fire?","correct_answer":"21st of September","incorrect_answers":["26th of September","23rd of September","24th of September"]},{"category":"General Knowledge","type":"boolean","difficulty":"medium","question":"Popcorn was invented in 1871 by Frederick W. Rueckheim in the USA where he sold the snack on the streets of Chicago.","correct_answer":"False","incorrect_answers":["True"]},{"category":"Entertainment: Music","type":"multiple","difficulty":"easy","question":"Whose albums included &quot;Back in Black&quot; and &quot;Ballbreaker&quot;?","correct_answer":"AC\/DC","incorrect_answers":["Iron Maiden","Black Sabbath","Metallica"]},{"category":"Sports","type":"multiple","difficulty":"hard","question":"Who is Manchester United&#039;s leading appearance maker?","correct_answer":"Ryan Giggs","incorrect_answers":["David Beckham","Wayne Rooney","Eric Cantona"]},{"category":"Art","type":"multiple","difficulty":"hard","question":"The painting &quot;The Starry Night&quot; by Vincent van Gogh was part of which art movement?","correct_answer":"Post-Impressionism","incorrect_answers":["Romanticism","Neoclassical","Impressionism"]},{"category":"General Knowledge","type":"multiple","difficulty":"easy","question":"What kind of aircraft was developed by Igor Sikorsky in the United States in 1942?","correct_answer":"Helicopter","incorrect_answers":["Stealth Blimp","Jet","Space Capsule"]},{"category":"Geography","type":"multiple","difficulty":"medium","question":"The formerly East-Prussian city of K&ouml;nigsberg is known as which Russian City today?","correct_answer":"Kaliningrad","incorrect_answers":["Kazan","Kursk","Krasnodar"]}]}