{"response_code":0,"results":[{"category":"Entertainment: Video Games","type":"multiple","difficulty":"medium","question":"What is Solid Snake&#039;s real name?","correct_answer":"David","incorrect_answers":["Solid Snake","John","Huey"]},{"category":"Science: Mathematics","type":"multiple","difficulty":"hard","question":"What is the derivative of Acceleration with respect to time?","correct_answer":"Jerk","incorrect_answers":["Shift","Bump","Slide"]},{"category":"Science & Nature","type":"multiple","difficulty":"hard","question":"How many objects are equivalent to one mole?","correct_answer":"6.022 x 10^23","incorrect_answers":["6.002 x 10^22","6.022 x 10^22","6.002 x 10^23"]},{"category":"Entertainment: Film","type":"multiple","difficulty":"easy","question":"Who played Deputy Marshal Samuel Gerard in the 1993 film &quot;The Fugitive&quot;?","correct_answer":"Tommy Lee Jones","incorrect_answers":["Harrison Ford","Harvey Keitel","Martin Landau"]},{"category":"Entertainment: Film","type":"multiple","difficulty":"medium","question":"What was Marilyn Monroe`s character&#039;s first name in the film &quot;Some Like It Hot&quot;?","correct_answer":"Sugar","incorrect_answers":["Honey","Caramel","Candy"]},{"category":"Science & Nature","type":"boolean","difficulty":"medium","question":"Hippopotomonstrosesquippedaliophobia is the irrational fear of long words.","correct_answer":"True","incorrect_answers":["False"]},{"category":"History","type":"multiple","difficulty":"medium","question":"In relation to the British Occupation in Ireland, what does the IRA stand for.","correct_answer":"Irish Republican Army","incorrect_answers":["Irish Rebel Alliance","Irish Reformation Army","Irish-Royal Alliance"]},{"category":"Entertainment: Music","type":"multiple","difficulty":"easy","question":"Which country does the band Rammstein hail from?","correct_answer":"Germany","incorrect_answers":["Austria","Armenia","Belgium"]},{"category":"Animals","type":"multiple","difficulty":"hard","question":"Which species of Brown Bear is not extinct?","correct_answer":"Syrian Brown Bear","incorrect_answers":["California Grizzly Bear","Atlas Bear","Mexican Grizzly Bear"]},{"category":"Geography","type":"multiple","difficulty":"hard","question":"What is the name of one of the Neo-Aramaic languages spoken by the Jewish population from Northwestern Iraq?","correct_answer":"Lishana Deni","incorrect_answers":["Hulaul&aacute;","Lishan Didan","Chaldean Neo-Aramaic"]},{"category":"General Knowledge","type":"boolean","difficulty":"easy","question":"Nutella is produced by the German company Ferrero.","correct_answer":"False","incorrect_answers":["True"]},{"category":"History","type":"multiple","difficulty":"hard","question":"What age was King Henry V when he died?","correct_answer":"35","incorrect_answers":["62","87","73"]},{"category":"Entertainment: Film","type":"multiple","difficulty":"hard","question":"What is the name of the assassin in the first &quot;Hellboy&quot; movie?","correct_answer":"Karl Ruprecht Kroenen","incorrect_answers":["Klaus Werner von Krupt","Grigori Efimovich Rasputin","Ilsa Haupstein"]},{"category":"History","type":"boolean","difficulty":"easy","question":"The United States was a member of the League of Nations.","correct_answer":"False","incorrect_answers":["True"]},{"category":"Entertainment: Video Games","type":"multiple","difficulty":"medium","question":"Who is the main character of &quot;Metal Gear Solid 3&quot;?","correct_answer":"Naked Snake","incorrect_answers":["Solid Snake","Liquid Snake","Venom Snake"]},{"category":"Entertainment: Books","type":"multiple","difficulty":"easy","question":"How many Harry Potter books are there?","correct_answer":"7","incorrect_answers":["8","5","6"]},{"category":"General Knowledge","type":"multiple","difficulty":"hard","question":"Sciophobia is the fear of what?","correct_answer":"Shadows","incorrect_answers":["Eating","Bright lights","Transportation"]},{"category":"Entertainment: Japanese Anime & Manga","type":"multiple","difficulty":"medium","question":"In the anime, &quot;Super Sonico&quot;, what is Super Sonico&#039;s favorite food?","correct_answer":"Macroons","incorrect_answers":["Ice Cream","Pizza","Chips"]},{"category":"Entertainment: Video Games","type":"multiple","difficulty":"hard","question":"Which game was exclusive to Dreamcast?","correct_answer":"Pen Pen TriIcelon","incorrect_answers":["Sylvester &amp; Tweety in Cagey Capers","Perfect Dark","Tetrisphere"]},{"category":"Entertainment: Video Games","type":"multiple","difficulty":"easy","question":"Gordon Freeman is said to have burnt and destroyed what food in the break room microwave?","correct_answer":"Casserole","incorrect_answers":["Sub Sandwich","Chicken Soup","Pepperoni Pizza"]},{"category":"General Knowledge","type":"boolean","difficulty":"medium","question":"The French word to travel is &quot;Travail&quot;","correct_answer":"False","incorrect_answers":["True"]},{"category":"Science & Nature","type":"multiple","difficulty":"easy","question":"The human heart has how many chambers?","correct_answer":"4","incorrect_answers":["2","6","3"]},{"category":"Science & Nature","type":"multiple","difficulty":"easy","question":"The element involved in making human blood red is which of the following?","correct_answer":"Iron","incorrect_answers":["Copper","Iridium","Cobalt"]},{"category":"History","type":"multiple","difficulty":"medium","question":"When Christopher Columbus sailed to America, what was the first region he arrived in?","correct_answer":"The Bahamas Archipelago","incorrect_answers":["Florida","Isthmus of Panama","Nicaragua"]},{"category":"Science: Computers","type":"multiple","difficulty":"medium","question":".rs is the top-level domain for what country?","correct_answer":"Serbia","incorrect_answers":["Romania","Russia","Rwanda"]},{"category":"Entertainment: Japanese Anime & Manga","type":"multiple","difficulty":"easy","question":"The characters of &quot;Log Horizon&quot; are trapped in what game?","correct_answer":"Elder Tale","incorrect_answers":["Sword Art Online","Tower Unite","Yggdrasil"]},{"category":"History","type":"multiple","difficulty":"medium","question":"Which country was an allied power in World War II?","correct_answer":"Soviet Union","incorrect_answers":["Italy","Germany","Japan"]},{"category":"Entertainment: Music","type":"multiple","difficulty":"medium","question":"The Who&#039;s eponymous line, &quot;Teenage Wasteland&quot;, appears in which of their songs?","correct_answer":"Baba O&#039; Riley","incorrect_answers":["The Seeker","Won&#039;t Get Fooled Again","Pinball Wizard"]},{"category":"Entertainment: Music","type":"multiple","difficulty":"medium","question":"What was the name of Pink Floyd&#039;s first studio album?","correct_answer":"The Piper at the Gates of Dawn","incorrect_answers":["Ummagumma","More","Atom Heart Mother"]},{"category":"Entertainment: Television","type":"multiple","difficulty":"medium","question":"In Battlestar Galactica (2004), what is the name of the President of the Twelve Colonies?","correct_answer":"Laura Roslin","incorrect_answers":["William Adama","Tricia Helfer","Harry Stills"]},{"category":"Geography","type":"multiple","difficulty":"hard","question":"What is the capital of Mauritius?","correct_answer":"Port Louis","incorrect_answers":["Port Moresby","Port Vila","Port-au-Prince"]},{"category":"Science: Computers","type":"multiple","difficulty":"medium","question":"Approximately how many Apple I personal computers were created?","correct_answer":"200","incorrect_answers":["100","500","1000"]},{"category":"Entertainment: Video Games","type":"multiple","difficulty":"medium","question":"How many games are there in the &quot;Colony Wars&quot; series for the PlayStation?","correct_answer":"3","incorrect_answers":["2","4","5"]},{"category":"Entertainment: Video Games","type":"multiple","difficulty":"medium","question":"The walls of the Goldenrod City Gym in &quot;Pok&eacute;mon Gold and Silver&quot; are arranged in the shape of which Pok&eacute;mon?","correct_answer":"Clefairy","incorrect_answers":["Bulbasaur","Pikachu","Pidgey"]},{"category":"Entertainment: Japanese Anime & Manga","type":"multiple","difficulty":"hard","question":"In which manga did the &quot;404 Girl&quot; from 4chan originate from?","correct_answer":"Yotsuba&amp;!","incorrect_answers":["Azumanga Daioh","Lucky Star","Clover"]},{"category":"History","type":"multiple","difficulty":"medium","question":"What year did Skoal, a smokeless Tobacco company, release their first line of Pouches, known as &quot;Skoal Bandits&quot;?","correct_answer":"1983","incorrect_answers":["1934","1984","1822"]},{"category":"General Knowledge","type":"multiple","difficulty":"easy","question":"What company developed the vocaloid Hatsune Miku?","correct_answer":"Crypton Future Media","incorrect_answers":["Sega","Sony","Yamaha Corporation"]},{"category":"Entertainment: Comics","type":"multiple","difficulty":"medium","question":"Who was the inspiration for Cuthbert Calculus in the Tintin series?","correct_answer":"Auguste Picard","incorrect_answers":["Jacques Piccard","Will Morris","J. Cecil Maby"]},{"category":"Entertainment: Television","type":"multiple","difficulty":"easy","question":"On the NBC show Community, whose catch-phrase was &quot;Pop! Pop!&quot;?","correct_answer":"Magnitude","incorrect_answers":["Star Burns","Leonard","Senoir Chang"]},{"category":"History","type":"multiple","difficulty":"medium","question":"What year did the Vietnam War end?","correct_answer":"1975","incorrect_answers":["1978","1967","1969"]},{"category":"Entertainment: Film","type":"multiple","difficulty":"easy","question":"Who directed the Kill Bill movies?","correct_answer":"Quentin Tarantino","incorrect_answers":["Arnold Schwarzenegger","David Lean","Stanley Kubrick"]},{"category":"History","type":"multiple","difficulty":"hard","question":"Who was the first man to travel into outer space twice?","correct_answer":"Gus Grissom","incorrect_answers":["Vladimir Komarov","Charles Conrad","Yuri Gagarin"]},{"category":"Entertainment: Video Games","type":"multiple","difficulty":"hard","question":"In the game Warframe, what Mastery Rank do you need to have to build the Tigris Prime?","correct_answer":"13","incorrect_answers":["6","18","10"]},{"category":"Sports","type":"multiple","difficulty":"easy","question":"In the 2014 FIFA World Cup, what was the final score in the match Brazil - Germany?","correct_answer":"1-7","incorrect_answers":["1-5","1-6","2-6"]},{"category":"History","type":"multiple","difficulty":"hard","question":"During World War I, which nation&#039;s monarchs were blood related?","correct_answer":"England, Germany, Russia","incorrect_answers":["France, Russia, Germany","Serbia, Russia, Croatia","Germany, Spain, Austria"]},{"category":"Entertainment: Comics","type":"multiple","difficulty":"easy","question":"In &quot;Homestuck&quot; the &quot;Kingdom of Darkness&quot; is also known as?","correct_answer":"Derse","incorrect_answers":["Skaia","Prospit","The Medium"]},{"category":"Geography","type":"multiple","difficulty":"medium","question":"Which country claims ownership of the disputed state Kosovo?","correct_answer":"Serbia","incorrect_answers":["Croatia","Albania","Macedonia"]},{"category":"Science & Nature","type":"multiple","difficulty":"hard","question":"In physics, conservation of energy and conservation of momentum are both consequences of which of the following?","correct_answer":"Noether&#039;s Theorem","incorrect_answers":["Bell&#039;s Theorem","Wick&#039;s Theorem","Carnot&#039;s Theorem"]},{"category":"Entertainment: Television","type":"multiple","difficulty":"hard","question":"What was the date of original airing of the pilot episode of My Little Pony: Friendship is Magic?","correct_answer":"October 10th, 2010","incorrect_answers":["November 6th, 2010","April 14th, 1984","May 18th, 2015"]},{"category":"Entertainment: Video Games","type":"multiple","difficulty":"medium","question":"In Call Of Duty: Black Ops II, who is the main antagonist?","correct_answer":"Raul Men&eacute;ndez ","incorrect_answers":["Vladimir Makarov ","Frank Woods","DeFalco"]}]}