{"response_code":0,"results":[{"category":"Geography","type":"multiple","difficulty":"medium","question":"The Principality of Sealand is an unrecognized micronation off the coast of what country?","correct_answer":"The United Kingdom","incorrect_answers":["Japan","Austrailia","Argentina"]},{"category":"General Knowledge","type":"multiple","difficulty":"easy","question":"What is the largest organ of the human body?","correct_answer":"Skin","incorrect_answers":["Heart","large Intestine","Liver"]},{"category":"Entertainment: Musicals & Theatres","type":"boolean","difficulty":"easy","question":"In the play Oedipus Rex, Oedipus kills his father due to jealousy in loving his mother.","correct_answer":"False","incorrect_answers":["True"]},{"category":"Entertainment: Film","type":"boolean","difficulty":"easy","question":"The 2010 film &quot;The Social Network&quot; is a biographical drama film about MySpace founder Tom Anderson.","correct_answer":"False","incorrect_answers":["True"]},{"category":"Animals","type":"boolean","difficulty":"medium","question":"&quot;Kamea,&quot; the Gilbertese Islander word for dog, is derived from the English phrase &quot;Come here!&quot;","correct_answer":"True","incorrect_answers":["False"]},{"category":"Geography","type":"multiple","difficulty":"medium","question":"On which continent is the country of Angola located?","correct_answer":"Africa","incorrect_answers":["South America","Europe","Asia"]},{"category":"Entertainment: Video Games","type":"boolean","difficulty":"easy","question":"Big the Cat is a playable character in &quot;Sonic Generations&quot;.","correct_answer":"False","incorrect_answers":["True"]},{"category":"Geography","type":"multiple","difficulty":"easy","question":"What is the official language of Costa Rica?","correct_answer":"Spanish","incorrect_answers":["English","Portuguese","Creole"]},{"category":"Science & Nature","type":"multiple","difficulty":"medium","question":"What is the chemical formula for ammonia?","correct_answer":"NH3","incorrect_answers":["CO2","NO3","CH4"]},{"category":"Entertainment: Japanese Anime & Manga","type":"multiple","difficulty":"hard","question":"In the anime, Full Metal Panic!, who is Kaname&#039;s best friend?","correct_answer":"Kyoko Tokiwa","incorrect_answers":["Melissa Mao","Ren Mikihara","Teletha &quot;Tessa&quot; Testarossa"]},{"category":"Entertainment: Video Games","type":"multiple","difficulty":"medium","question":"&quot;Rollercoaster Tycoon&quot; was programmed mostly entirely in...","correct_answer":"x86 Assembly","incorrect_answers":["C++","C","ALGOL"]},{"category":"Science & Nature","type":"multiple","difficulty":"medium","question":"What polymer is used to make CDs, safety goggles and riot shields?","correct_answer":"Polycarbonate","incorrect_answers":["Rubber","Nylon","Bakelite"]},{"category":"Entertainment: Video Games","type":"multiple","difficulty":"medium","question":"What was the FIRST Valve game to have VR?","correct_answer":"The Lab","incorrect_answers":["Dota 2","Destinations","Half-Life 2"]},{"category":"Entertainment: Video Games","type":"boolean","difficulty":"easy","question":"The 2005 video game &quot;Call of Duty 2: Big Red One&quot; is not available on PC.","correct_answer":"True","incorrect_answers":["False"]},{"category":"Entertainment: Video Games","type":"multiple","difficulty":"easy","question":"In the Half-Life series, Gordon Freeman&#039;s signature weapon is a:","correct_answer":"Crowbar","incorrect_answers":["Sledgehammer","Fiber Wire","Katana"]},{"category":"Entertainment: Television","type":"multiple","difficulty":"medium","question":"Who co-founded the YouTube Let&#039;s Play channel &quot;Game Grumps&quot; alongside Newgrounds animator Egoraptor?","correct_answer":"JonTron","incorrect_answers":["Pewdiepie","Tobuscus","Markiplier"]},{"category":"Geography","type":"multiple","difficulty":"hard","question":"What is the most populous Muslim-majority nation in 2010?","correct_answer":"Indonesia","incorrect_answers":["Saudi Arabia","Iran","Sudan"]},{"category":"Science: Computers","type":"multiple","difficulty":"hard","question":"Which of these was the name of a bug found in April 2014 in the publicly available OpenSSL cryptography library?","correct_answer":"Heartbleed","incorrect_answers":["Shellshock","Corrupted Blood","Shellscript"]},{"category":"Science: Computers","type":"boolean","difficulty":"medium","question":"The first dual-core CPU was the Intel Pentium D.","correct_answer":"False","incorrect_answers":["True"]},{"category":"Mythology","type":"multiple","difficulty":"easy","question":"In most traditions, who was the wife of Zeus?","correct_answer":"Hera","incorrect_answers":["Aphrodite","Athena","Hestia"]},{"category":"Geography","type":"multiple","difficulty":"easy","question":"What is Canada&#039;s smallest province?","correct_answer":"Prince Edward Island","incorrect_answers":["New Brunswick","Nova Scotia","Yukon"]},{"category":"Geography","type":"multiple","difficulty":"hard","question":"What is Canada&#039;s largest island?","correct_answer":"Baffin Island","incorrect_answers":["Prince Edward Island","Vancouver Island","Newfoundland"]},{"category":"Entertainment: Video Games","type":"multiple","difficulty":"medium","question":"What CS:GO case contains the Butterfly Knife?","correct_answer":"Breakout Case","incorrect_answers":["Shadow Case","Vanguard Case","Esports 2014 Case"]},{"category":"Entertainment: Video Games","type":"multiple","difficulty":"medium","question":"In which year did the first Monster Hunter game get released?","correct_answer":"2004","incorrect_answers":["2006","2005","2002"]},{"category":"Entertainment: Television","type":"multiple","difficulty":"easy","question":"Who won Big Brother 2014 UK?","correct_answer":"Helen Wood","incorrect_answers":["Christopher Hall","Pauline Bennett","Pavandeep &quot;Pav&quot; Paul"]},{"category":"Entertainment: Music","type":"multiple","difficulty":"medium","question":"Ellie Goulding&#039;s earliest album was named?","correct_answer":"Lights","incorrect_answers":["Halcyon","Bright Lights","Halcyon Days"]},{"category":"Entertainment: Board Games","type":"multiple","difficulty":"medium","question":"Which of the following tabletop games is the oldest?","correct_answer":"Go","incorrect_answers":["Chess","Mahjong","Shogi"]},{"category":"History","type":"multiple","difficulty":"medium","question":"In World War I, what was the name of the alliance of Germany, Austria-Hungary, the Ottoman Empire, and Bulgaria?","correct_answer":"The Central Powers","incorrect_answers":["The Axis Powers","The Federation of Empires","Authoritarian Alliance"]},{"category":"Entertainment: Film","type":"multiple","difficulty":"medium","question":"Leonardo Di Caprio won his first Best Actor Oscar for his performance in which film?","correct_answer":"The Revenant","incorrect_answers":["The Wolf Of Wall Street","Shutter Island","Inception"]},{"category":"Entertainment: Music","type":"multiple","difficulty":"easy","question":"Which former boy-band star released hit solo single &quot;Angels&quot; in 1997?","correct_answer":"Robbie Williams","incorrect_answers":["Justin Timberlake","Harry Styles","Gary Barlow"]},{"category":"Entertainment: Television","type":"multiple","difficulty":"hard","question":"Which of these voices wasn&#039;t a choice for the House AI in &quot;The Simpsons Treehouse of Horror&quot; short, House of Whacks?","correct_answer":"George Clooney","incorrect_answers":["Matthew Perry","Dennis Miller","Pierce Brosnan"]},{"category":"Entertainment: Japanese Anime & Manga","type":"multiple","difficulty":"medium","question":"In &quot;To Love-Ru: Darkness&quot;, which of the girls attempt making a harem for Rito Yuuki?","correct_answer":"Momo Deviluke","incorrect_answers":["Yami (Golden Darkness)","Haruna Sairenji","Mea Kurosaki"]},{"category":"Entertainment: Japanese Anime & Manga","type":"multiple","difficulty":"medium","question":"In &quot;To Love-Ru&quot;, who is the first to hear of Yami&#039;s past from her?","correct_answer":"Rito","incorrect_answers":["Mikan","Lala","Haruna"]},{"category":"Geography","type":"multiple","difficulty":"medium","question":"How many independent countries are there within the continent of South America?","correct_answer":"12","incorrect_answers":["8","9","10"]},{"category":"Entertainment: Video Games","type":"multiple","difficulty":"medium","question":"In which game did the Konami Code make its first appearance?","correct_answer":"Gradius","incorrect_answers":["Contra","Castlevania","Dance Dance Revolution"]},{"category":"History","type":"multiple","difficulty":"medium","question":"When did construction of the Suez Canal finish?","correct_answer":"1869","incorrect_answers":["1859","1860","1850"]},{"category":"Entertainment: Television","type":"multiple","difficulty":"medium","question":"On the NBC show Community what was Star Burns&#039; real name?","correct_answer":"Alex","incorrect_answers":["Todd","Neal","Grimus"]},{"category":"History","type":"multiple","difficulty":"medium","question":"In 1845, a series of wars named after which indigenous people began in New Zealand?","correct_answer":"M\u0101ori","incorrect_answers":["Papuans","Aborigines","Polynesians"]},{"category":"General Knowledge","type":"multiple","difficulty":"easy","question":"When someone is inexperienced they are said to be what color?","correct_answer":"Green","incorrect_answers":["Red","Blue","Yellow"]},{"category":"Entertainment: Video Games","type":"multiple","difficulty":"easy","question":"In Fallout: New Vegas, which one of these casinos can you not play in?","correct_answer":"Lucky 38","incorrect_answers":["The Tops","Gammorah","Ultra-Luxe"]},{"category":"General Knowledge","type":"multiple","difficulty":"hard","question":"The word &quot;abulia&quot; means which of the following?","correct_answer":"The inability to make decisions","incorrect_answers":["The inability to stand up","The inability to concentrate on anything","A feverish desire to rip one&#039;s clothes off"]},{"category":"History","type":"multiple","difficulty":"hard","question":"The pantheon in Rome was used to worship what god?","correct_answer":"Any god they wanted","incorrect_answers":["Athena","Zeus","Both Athena and Zeus"]},{"category":"Science: Mathematics","type":"multiple","difficulty":"medium","question":"How many books are in Euclid&#039;s Elements of Geometry?","correct_answer":"13","incorrect_answers":["8","10","17"]},{"category":"Entertainment: Film","type":"multiple","difficulty":"medium","question":"In the film &quot;Requiem for a Dream&quot;, what drug does Jared Leto&#039;s character get addicted to?","correct_answer":"Heroin","incorrect_answers":["Cocaine","Marijuana","Oxycodone"]},{"category":"General Knowledge","type":"multiple","difficulty":"medium","question":"The Mexican Beer &quot;Corona&quot; is what type of beer?","correct_answer":"Pale Lager","incorrect_answers":["India Pale Ale","Pilfsner","Baltic Porter"]},{"category":"Science & Nature","type":"multiple","difficulty":"easy","question":"Which of these Elements is a metalloid?","correct_answer":"Antimony","incorrect_answers":["Tin","Bromine","Rubidium"]},{"category":"Entertainment: Video Games","type":"multiple","difficulty":"easy","question":"Which Grand Theft Auto (GTA) games have the same setting?","correct_answer":"GTA V and GTA San Andreas","incorrect_answers":["GTA V and GTA Vice City","GTA IV and GTA San Andreas","GTA IV and GTA Vice City"]},{"category":"Entertainment: Board Games","type":"multiple","difficulty":"medium","question":"In the Board Game, Settlers of Catan, a die roll of what number causes the Robber to attack? ","correct_answer":"7","incorrect_answers":["3","10","1"]},{"category":"Entertainment: Film","type":"multiple","difficulty":"easy","question":"Which of these films is NOT set in Los Angeles?","correct_answer":"RoboCop","incorrect_answers":["Blade Runner","The Terminator","Predator 2"]},{"category":"Entertainment: Comics","type":"multiple","difficulty":"easy","question":"What&#039;s the race of Invincible&#039;s father?","correct_answer":"Viltrumite","incorrect_answers":["Kryptonian","Kree","Irken"]}]}