{"response_code":0,"results":[{"category":"Sports","type":"multiple","difficulty":"easy","question":"In golf, what name is given to a hole score of two under par?","correct_answer":"Eagle","incorrect_answers":["Birdie","Bogey","Albatross"]},{"category":"General Knowledge","type":"multiple","difficulty":"hard","question":"What type of dog is &#039;Handsome Dan&#039;, the mascot of Yale University?","correct_answer":"Bulldog","incorrect_answers":["Yorkshire Terrier","Boxer","Pug"]},{"category":"Entertainment: Books","type":"multiple","difficulty":"easy","question":"Which famous book is sub-titled &#039;The Modern Prometheus&#039;?","correct_answer":"Frankenstein","incorrect_answers":["Dracula","The Strange Case of Dr. Jekyll and Mr. Hyde ","The Legend of Sleepy Hollow"]},{"category":"Entertainment: Board Games","type":"multiple","difficulty":"easy","question":"How many spaces are there on a standard Monopoly board?","correct_answer":"40","incorrect_answers":["28","55","36"]},{"category":"Geography","type":"multiple","difficulty":"medium","question":"Which country inside the United Kingdom does NOT appear on its flag, the Union Jack?","correct_answer":"Wales","incorrect_answers":["Scotland","Ireland","Isle of Wight"]},{"category":"Animals","type":"multiple","difficulty":"easy","question":"What is the scientific name for modern day humans?","correct_answer":"Homo Sapiens","incorrect_answers":["Homo Ergaster","Homo Erectus","Homo Neanderthalensis"]},{"category":"Geography","type":"multiple","difficulty":"hard","question":"Which of these island countries is located in the Caribbean?","correct_answer":"Barbados","incorrect_answers":["Fiji","Maldives","Seychelles"]},{"category":"Entertainment: Books","type":"multiple","difficulty":"hard","question":"In the Harry Potter universe, what is Cornelius Fudge&#039;s middle name?","correct_answer":"Oswald","incorrect_answers":["James","Harold","Christopher"]},{"category":"Entertainment: Comics","type":"multiple","difficulty":"easy","question":"Who is the creator of the comic series &quot;The Walking Dead&quot;?","correct_answer":"Robert Kirkman","incorrect_answers":["Stan Lee","Malcolm Wheeler-Nicholson","Robert Crumb"]},{"category":"Entertainment: Video Games","type":"multiple","difficulty":"easy","question":"What Nationality is D.Va from Overwatch?","correct_answer":"Korean","incorrect_answers":["Japanese","Chinese","Vietnamese "]},{"category":"Entertainment: Film","type":"multiple","difficulty":"medium","question":"What is the name of the first &quot;Star Wars&quot; film by release order?","correct_answer":"A New Hope","incorrect_answers":["The Phantom Menace","The Force Awakens","Revenge of the Sith"]},{"category":"Mythology","type":"boolean","difficulty":"easy","question":"According to Greek Mythology, Zeus can control lightning.","correct_answer":"True","incorrect_answers":["False"]},{"category":"Entertainment: Film","type":"multiple","difficulty":"hard","question":"In 2012, which movie won every category in the 32nd &quot;Golden Raspberry Awards&quot;?","correct_answer":"Jack and Jill","incorrect_answers":["The Girl with the Dragon Tattoo","Thor","The King&#039;s Speech"]},{"category":"Science: Computers","type":"multiple","difficulty":"medium","question":"Which one of these is not an official development name for a Ubuntu release?","correct_answer":"Mystic Mansion","incorrect_answers":["Trusty Tahr","Utopic Unicorn","Wily Werewolf"]},{"category":"Entertainment: Music","type":"multiple","difficulty":"medium","question":"Which of these is NOT a name of an album released by American rapper Pitbull?","correct_answer":"Welcome to Miami","incorrect_answers":["Dale","Global Warming","Armando"]},{"category":"Science & Nature","type":"multiple","difficulty":"hard","question":"Which moon is the only satellite in our solar system to possess a dense atmosphere?","correct_answer":"Titan","incorrect_answers":["Europa","Miranda","Callisto"]},{"category":"Entertainment: Musicals & Theatres","type":"multiple","difficulty":"hard","question":"Who wrote the lyrics for Leonard Bernstein&#039;s 1957 Brodway musical West Side Story?","correct_answer":"Stephen Sondheim","incorrect_answers":["Himself","Oscar Hammerstein","Richard Rodgers"]},{"category":"History","type":"boolean","difficulty":"medium","question":"Abraham Lincoln was the first U.S. President to be born outside the borders of the thirteen original states. ","correct_answer":"True","incorrect_answers":["False"]},{"category":"Geography","type":"multiple","difficulty":"easy","question":"What is the name of the peninsula containing Spain and Portugal?","correct_answer":"Iberian Peninsula","incorrect_answers":["European Peninsula","Peloponnesian Peninsula","Scandinavian Peninsula"]},{"category":"History","type":"multiple","difficulty":"hard","question":"The Hagia Sophia was commissioned by which emperor of the Byzantine Empire?","correct_answer":"Justinian I","incorrect_answers":["Constantine IV","Arcadius","Theodosius the Great"]},{"category":"General Knowledge","type":"multiple","difficulty":"hard","question":"Which of the following languages does NOT use gender as a part of its grammar?","correct_answer":"Turkish","incorrect_answers":["German","Danish","Polish"]},{"category":"Entertainment: Video Games","type":"multiple","difficulty":"medium","question":"The first version of Blockland came out in which year?","correct_answer":"2004","incorrect_answers":["2007","2008","2006"]},{"category":"Animals","type":"multiple","difficulty":"medium","question":"What is the name of the family that the domestic cat is a member of?","correct_answer":"Felidae","incorrect_answers":["Felinae","Felis","Cat"]},{"category":"Entertainment: Musicals & Theatres","type":"multiple","difficulty":"medium","question":"Which of the following is not a piece from the 1950&#039;s musical West Side Story?","correct_answer":"The Back Alley","incorrect_answers":["Maria","Tonight","Mambo"]},{"category":"Science: Computers","type":"multiple","difficulty":"easy","question":"The numbering system with a radix of 16 is more commonly referred to as ","correct_answer":"Hexidecimal","incorrect_answers":["Binary","Duodecimal","Octal"]},{"category":"General Knowledge","type":"multiple","difficulty":"medium","question":"Which of the General Mills Corporation&#039;s monster cereals was the last to be released in the 1970&#039;s?","correct_answer":"Fruit Brute","incorrect_answers":["Count Chocula","Franken Berry","Boo-Berry"]},{"category":"Vehicles","type":"multiple","difficulty":"easy","question":"What are the cylinder-like parts that pump up and down within the engine?","correct_answer":"Pistons","incorrect_answers":["Leaf Springs","Radiators","ABS"]},{"category":"Geography","type":"multiple","difficulty":"medium","question":"What is the region conjoining Pakistan, India, and China with unknown leadership called?","correct_answer":"Kashmir","incorrect_answers":["Andorra","Gibraltar","Quin"]},{"category":"Entertainment: Music","type":"multiple","difficulty":"easy","question":"When was Gangnam Style uploaded to YouTube?","correct_answer":"2012","incorrect_answers":["2013","2014","2011"]},{"category":"General Knowledge","type":"multiple","difficulty":"hard","question":"According to Fair Works Australia, how long do you have to work to get Long Service Leave?","correct_answer":"7 years","incorrect_answers":["2 years","8 years","6 months"]},{"category":"Entertainment: Japanese Anime & Manga","type":"boolean","difficulty":"medium","question":"In &quot;JoJo&#039;s Bizarre Adventure&quot;, Father Enrico Pucchi uses a total of 3 stands in Part 6: Stone Ocean.","correct_answer":"True","incorrect_answers":["False"]},{"category":"Entertainment: Japanese Anime & Manga","type":"multiple","difficulty":"hard","question":"In &quot;Hunter x Hunter&quot;, what are members in Killua&#039;s family known for being?","correct_answer":"Assassins","incorrect_answers":["Bandits","Hunters","Ninjas"]},{"category":"Entertainment: Television","type":"multiple","difficulty":"easy","question":"How many seasons did the Sci-Fi television show &quot;Stargate Universe&quot; have?","correct_answer":"2","incorrect_answers":["10","5","3"]},{"category":"Entertainment: Video Games","type":"multiple","difficulty":"hard","question":"Which game in the &quot;Monster Hunter&quot; series introduced the monster &quot;Gobul&quot;?","correct_answer":"Monster Hunter Tri","incorrect_answers":["Monster Hunter Freedom Unite","Monster Hunter Frontier","Monster Hunter Generations"]},{"category":"General Knowledge","type":"multiple","difficulty":"medium","question":"Computer manufacturer Compaq was acquired for $25 billion dollars in 2002 by which company?","correct_answer":"Hewlett-Packard","incorrect_answers":["Toshiba","Asus","Dell"]},{"category":"Entertainment: Cartoon & Animations","type":"multiple","difficulty":"easy","question":"Which of these characters live in a pineapple under the sea in the cartoon &quot;SpongeBob SquarePants&quot;.","correct_answer":"SpongeBob SquarePants ","incorrect_answers":["Patrick Star","Squidward Tentacles","Mr. Krabs"]},{"category":"Geography","type":"multiple","difficulty":"medium","question":"What is the fifth largest country by area?","correct_answer":"Brazil","incorrect_answers":["United States","Australia","India"]},{"category":"Entertainment: Video Games","type":"multiple","difficulty":"medium","question":"How many controllers could a Nintendo GameCube have plugged in at one time?","correct_answer":"4","incorrect_answers":["8","6","2"]},{"category":"Geography","type":"multiple","difficulty":"hard","question":"What is the most common climbing route for the second highest mountain in the world, K2?","correct_answer":"Abruzzi Spur","incorrect_answers":["Magic Line","Cesen Route","Polish Line"]},{"category":"Entertainment: Video Games","type":"multiple","difficulty":"hard","question":"What is the plane of existence in MicroProse&#039;s 1997 &quot;Magic the Gathering&quot;?","correct_answer":"Shandalar","incorrect_answers":["Theros","Ravnica","Amonkhet"]},{"category":"Animals","type":"multiple","difficulty":"easy","question":"By definition, where does an abyssopelagic animal live?","correct_answer":"At the bottom of the ocean","incorrect_answers":["In the desert","On top of a mountain","Inside a tree"]},{"category":"Sports","type":"multiple","difficulty":"easy","question":"Who won the premier league title in the 2015-2016 season following a fairy tale run?","correct_answer":"Leicester City","incorrect_answers":["Tottenham Hotspur","Watford","Stoke City"]},{"category":"Entertainment: Television","type":"multiple","difficulty":"medium","question":"In the Sci-Fi television show Doctor Who, who plays the Tenth Doctor?","correct_answer":"David Tennant","incorrect_answers":["William Hartnell","Peter Capaldi","Peter Davison"]},{"category":"Mythology","type":"multiple","difficulty":"medium","question":"The Norse god Odin has two pet crows named &quot;Huginn&quot; and &quot;Muninn&quot;.  What do their names mean?","correct_answer":"Thought &amp; Memory","incorrect_answers":["Power &amp; Peace","War &amp; Learning","Sleeping &amp; Waking"]},{"category":"Geography","type":"multiple","difficulty":"hard","question":"Which of these is NOT a real tectonic plate?","correct_answer":"Atlantic Plate","incorrect_answers":["North American Plate","Eurasian Plate","Nazca Plate"]},{"category":"Entertainment: Film","type":"multiple","difficulty":"medium","question":"Which musical artist had a prominent role in the 2017 film &quot;Kingsman: The Golden Circle&quot;?","correct_answer":"Elton John","incorrect_answers":["Lady Gaga","Rihanna","Justin Bieber"]},{"category":"Entertainment: Music","type":"multiple","difficulty":"medium","question":"Which of these is not a song on the album Graduation by Kanye West?","correct_answer":"Waves","incorrect_answers":["I Wonder","Big Brother","The Glory"]},{"category":"Entertainment: Video Games","type":"multiple","difficulty":"medium","question":"Who is the half-demon character in Divinity: Original Sin 2 who you talk to to transition between acts?","correct_answer":"Malady","incorrect_answers":["Meister Siva","Gawin","Exter"]},{"category":"Sports","type":"multiple","difficulty":"medium","question":"Who won the 2018 Monaco Grand Prix?","correct_answer":"Daniel Ricciardo","incorrect_answers":["Sebastian Vettel","Kimi Raikkonen","Lewis Hamilton"]},{"category":"General Knowledge","type":"boolean","difficulty":"easy","question":"Jingle Bells was originally meant for Thanksgiving","correct_answer":"True","incorrect_answers":["False"]}]}