{"response_code":0,"results":[{"category":"Entertainment: Cartoon & Animations","type":"multiple","difficulty":"easy","question":"Who was the villain of &#039;&#039;The Lion King&#039;&#039;?","correct_answer":"Scar","incorrect_answers":["Fred","Jafar","Vada"]},{"category":"Entertainment: Film","type":"multiple","difficulty":"easy","question":"What breed of dog was Marley in the film &quot;Marley &amp; Me&quot; (2008)?","correct_answer":"Labrador Retriever","incorrect_answers":["Golden Retriever","Dalmatian","Shiba Inu"]},{"category":"Entertainment: Video Games","type":"boolean","difficulty":"easy","question":"Peter Molyneux was the founder of Bullfrog Productions.","correct_answer":"True","incorrect_answers":["False"]},{"category":"General Knowledge","type":"multiple","difficulty":"easy","question":"Where is the train station &quot;Llanfair&shy;pwllgwyngyll&shy;gogery&shy;chwyrn&shy;drobwll&shy;llan&shy;tysilio&shy;gogo&shy;goch&quot;?","correct_answer":"Wales","incorrect_answers":["Moldova","Czech Republic","Denmark"]},{"category":"Entertainment: Video Games","type":"multiple","difficulty":"medium","question":"Which of these games was the earliest known first-person shooter with a known time of publication?","correct_answer":"Spasim","incorrect_answers":["Doom","Wolfenstein","Quake"]},{"category":"Entertainment: Music","type":"multiple","difficulty":"easy","question":"What is the best selling album of all time from 1976 to 2018?","correct_answer":"Thriller","incorrect_answers":["Back in Black","Abbey Road","The Dark Side of the Moon"]},{"category":"Entertainment: Film","type":"boolean","difficulty":"medium","question":"There aren&#039;t any live-action clones in &quot;Star Wars: Episode III - Revenge of the Sith&quot;.","correct_answer":"True","incorrect_answers":["False"]},{"category":"Science: Computers","type":"boolean","difficulty":"easy","question":"Linus Torvalds created Linux and Git.","correct_answer":"True","incorrect_answers":["False"]},{"category":"General Knowledge","type":"multiple","difficulty":"easy","question":"What geometric shape is generally used for stop signs?","correct_answer":"Octagon","incorrect_answers":["Hexagon","Circle","Triangle"]},{"category":"Entertainment: Video Games","type":"boolean","difficulty":"medium","question":"The first Maxis game to feature the fictional language &quot;Simlish&quot; was The Sims (2000).","correct_answer":"False","incorrect_answers":["True"]},{"category":"Entertainment: Music","type":"multiple","difficulty":"medium","question":"Madonna&#039;s song &quot;Hung Up&quot; includes a piece from which popular 70s song?","correct_answer":"Gimmie! Gimmie! Gimme! (A Man After Midnight)","incorrect_answers":["Staying Alive","Night Fever","The Chain"]},{"category":"Science: Computers","type":"multiple","difficulty":"easy","question":"What is the code name for the mobile operating system Android 7.0?","correct_answer":"Nougat","incorrect_answers":["Ice Cream Sandwich","Jelly Bean","Marshmallow"]},{"category":"Geography","type":"multiple","difficulty":"medium","question":"The World Health Organization headquarters is located in which European country?","correct_answer":"Switzerland","incorrect_answers":["United Kingdom","France","Belgium"]},{"category":"Entertainment: Cartoon & Animations","type":"multiple","difficulty":"easy","question":"In the Pixar film, &quot;Toy Story&quot; what was the name of the child who owned the toys?","correct_answer":"Andy","incorrect_answers":["Edward","Danny","Matt"]},{"category":"General Knowledge","type":"multiple","difficulty":"medium","question":"What did the Spanish autonomous community of Catalonia ban in 2010, that took effect in 2012?","correct_answer":"Bullfighting","incorrect_answers":["Fiestas","Flamenco","Mariachi"]},{"category":"General Knowledge","type":"boolean","difficulty":"medium","question":"Sitting for more than three hours a day can cut two years off a person&#039;s life expectancy.","correct_answer":"True","incorrect_answers":["False"]},{"category":"Entertainment: Music","type":"multiple","difficulty":"easy","question":"In Mean Girls, who has breasts that tell when it&#039;s raining?","correct_answer":"Karen Smith","incorrect_answers":["Gretchen Weiners","Janice Ian","Cady Heron"]},{"category":"Animals","type":"multiple","difficulty":"medium","question":"The now extinct species &quot;Thylacine&quot; was native to where?","correct_answer":"Tasmania, Australia","incorrect_answers":["Baluchistan, Pakistan","Wallachia, Romania","Oregon, United States"]},{"category":"Science & Nature","type":"multiple","difficulty":"easy","question":"Which is the most abundant element in the universe?","correct_answer":"Hydrogen","incorrect_answers":["Helium","Lithium","Oxygen"]},{"category":"History","type":"boolean","difficulty":"medium","question":"United States President Ronald Reagan was the first president to appoint a woman to the Supreme Court. ","correct_answer":"True","incorrect_answers":["False"]},{"category":"Science: Computers","type":"multiple","difficulty":"easy","question":"In &quot;Hexadecimal&quot;, what color would be displayed from the color code? &quot;#00FF00&quot;?","correct_answer":"Green","incorrect_answers":["Red","Blue","Yellow"]},{"category":"Science & Nature","type":"multiple","difficulty":"easy","question":"Which element has the highest melting point?","correct_answer":"Carbon","incorrect_answers":["Tungsten","Platinum","Osmium"]},{"category":"Geography","type":"multiple","difficulty":"medium","question":"What is the official language of Bhutan?","correct_answer":"Dzongkha","incorrect_answers":["Ladakhi","Karen","Groma"]},{"category":"Science & Nature","type":"multiple","difficulty":"medium","question":"At what temperature does water boil?","correct_answer":"212&deg;F","incorrect_answers":["200&deg;F","181&deg;F","178&deg;F"]},{"category":"Entertainment: Video Games","type":"boolean","difficulty":"easy","question":"The end credits sequence in Grand Theft Auto 5 is over half an hour long.","correct_answer":"True","incorrect_answers":["False"]},{"category":"Entertainment: Video Games","type":"boolean","difficulty":"easy","question":"In the game Dead by Daylight, the killer Michael Myers is refered to as &quot;The Shape&quot;.","correct_answer":"True","incorrect_answers":["False"]},{"category":"Science: Computers","type":"multiple","difficulty":"medium","question":"In computing terms, typically what does CLI stand for?","correct_answer":"Command Line Interface","incorrect_answers":["Common Language Input","Control Line Interface","Common Language Interface"]},{"category":"History","type":"boolean","difficulty":"medium","question":"Oxford University is older than the Aztec Empire. ","correct_answer":"True","incorrect_answers":["False"]},{"category":"Celebrities","type":"multiple","difficulty":"medium","question":"Which famous New York Yankees outfielder did Marilyn Monroe marry?","correct_answer":"Joe DiMaggio","incorrect_answers":["Tino Martinez","Babe Ruth","Mason Williams"]},{"category":"Entertainment: Video Games","type":"multiple","difficulty":"medium","question":"In &quot;The Binding of Isaac&quot;, what is the name of the final boss that you fight in The Void?","correct_answer":"Delirium","incorrect_answers":["Mega Satan","Hush","The Lamb"]},{"category":"Entertainment: Japanese Anime & Manga","type":"multiple","difficulty":"hard","question":"Medaka Kurokami from &quot;Medaka Box&quot; has what abnormality?","correct_answer":"The End","incorrect_answers":["Perfection","Sandbox","Fairness"]},{"category":"Entertainment: Video Games","type":"multiple","difficulty":"medium","question":"Who is the main protagonist of &quot;Ace Combat Zero: The Belkan War&quot;?","correct_answer":"Cipher","incorrect_answers":["Mobius 1","Blaze","Pixy"]},{"category":"Entertainment: Video Games","type":"multiple","difficulty":"hard","question":"In &quot;Starbound&quot;, according to the asset files, the description of the &quot;Erchius Ghost&quot; is the same as which other assets?","correct_answer":"Spookit","incorrect_answers":["Petricub","Trictus","Pyromantle"]},{"category":"Entertainment: Video Games","type":"multiple","difficulty":"easy","question":"Who is the creator of Touhou project?","correct_answer":"Zun","incorrect_answers":["Jun","Twilight Frontier","Tasofro"]},{"category":"Geography","type":"multiple","difficulty":"medium","question":"Where is the &quot;Sonoran Desert&quot; located?","correct_answer":"North America","incorrect_answers":["South America","Asia","Africa"]},{"category":"History","type":"multiple","difficulty":"medium","question":"In what year did the Berlin Wall fall?","correct_answer":"1989","incorrect_answers":["1987","1991","1993"]},{"category":"Entertainment: Video Games","type":"multiple","difficulty":"medium","question":"In &quot;Call Of Duty: Zombies&quot;, which map introduced the perk &quot;PhD Flopper&quot;?","correct_answer":"Ascension","incorrect_answers":["Moon","Call Of The Dead","Die Rise"]},{"category":"Entertainment: Music","type":"multiple","difficulty":"medium","question":"Which of these bands was a featuring artist in Compton rapper Kendrick Lamar&#039;s 2017 album, &quot;DAMN.&quot;?","correct_answer":"U2","incorrect_answers":["Radiohead","Coldplay","Bon Jovi"]},{"category":"Entertainment: Video Games","type":"multiple","difficulty":"hard","question":"Which artist composed the original soundtrack for &quot;Watch Dogs 2&quot;?","correct_answer":"Hudson Mohawke","incorrect_answers":["Rustie","Machinedrum","Flying Lotus"]},{"category":"General Knowledge","type":"boolean","difficulty":"easy","question":"The National Animal of Scotland is the Unicorn.","correct_answer":"True","incorrect_answers":["False"]},{"category":"Geography","type":"multiple","difficulty":"easy","question":"Which country was NOT part of the Soviet Union?","correct_answer":"Romania","incorrect_answers":["Turkmenistan","Belarus","Tajikistan"]},{"category":"Entertainment: Video Games","type":"multiple","difficulty":"medium","question":"Which of the following is not a prosecutor in the &quot;Ace Attorney&quot; video game series?","correct_answer":"Jake Marshall","incorrect_answers":["Godot","Miles Edgeworth","Jacques Portsman"]},{"category":"Entertainment: Japanese Anime & Manga","type":"multiple","difficulty":"medium","question":"What was the reason for the banning of episode 35 of the &quot;Pok&eacute;mon Original Series&quot; Anime?","correct_answer":"Gun Usage","incorrect_answers":["Flashing Images","Jynx","Strong Violence"]},{"category":"Sports","type":"multiple","difficulty":"hard","question":"What team did England beat in the semi-final stage to win in the 1966 World Cup final?","correct_answer":"Portugal","incorrect_answers":["West Germany","Soviet Union","Brazil"]},{"category":"Entertainment: Film","type":"multiple","difficulty":"easy","question":"In &quot;ALF&quot;, what was ALF&#039;s real name?","correct_answer":"Gordon Shumway","incorrect_answers":["Gordon Milipp","Gordon Foster","Gordon von Gam"]},{"category":"Entertainment: Video Games","type":"multiple","difficulty":"hard","question":"In Left 4 Dead, what is the character Bill&#039;s last name?","correct_answer":"Overbeck","incorrect_answers":["Fish","Roberts","Stevenson"]},{"category":"Entertainment: Film","type":"multiple","difficulty":"medium","question":"Who did the score to the original Blade Runner?","correct_answer":"Vangelis","incorrect_answers":["Kitaro","Yanni","Enya"]},{"category":"Entertainment: Film","type":"boolean","difficulty":"hard","question":"YouTube personality Jenna Marbles served as an executive producer of the film Maximum Ride (2016).","correct_answer":"True","incorrect_answers":["False"]},{"category":"Entertainment: Music","type":"multiple","difficulty":"medium","question":"What was Raekwon the Chefs debut solo album?","correct_answer":"Only Built 4 Cuban Linx","incorrect_answers":["Shaolin vs Wu-Tang","The Wild","The Lex Diamond Story"]},{"category":"Entertainment: Video Games","type":"multiple","difficulty":"easy","question":"What was the name of the canceled projected by Blizzard Entertainment that would be later become Overwatch?","correct_answer":"Titan","incorrect_answers":["Omnic","Omega","Ghost"]}]}