{"response_code":0,"results":[{"category":"Art","type":"multiple","difficulty":"easy","question":"Who painted the Mona Lisa?","correct_answer":"Leonardo da Vinci","incorrect_answers":["Pablo Picasso","Claude Monet","Vincent van Gogh"]},{"category":"Entertainment: Video Games","type":"multiple","difficulty":"easy","question":"What year was the game Team Fortress 2 released?","correct_answer":"2007","incorrect_answers":["2009","2005","2010"]},{"category":"Entertainment: Music","type":"multiple","difficulty":"medium","question":"What French artist\/band is known for playing on the midi instrument &quot;Launchpad&quot;?","correct_answer":"Madeon","incorrect_answers":["Daft Punk ","Disclosure","David Guetta"]},{"category":"History","type":"multiple","difficulty":"easy","question":"King Henry VIII was the second monarch of which European royal house?","correct_answer":"Tudor","incorrect_answers":["York","Stuart","Lancaster"]},{"category":"Entertainment: Cartoon & Animations","type":"multiple","difficulty":"easy","question":"Which &#039;Family Guy&#039; character got his own spin-off show in 2009?","correct_answer":"Cleveland Brown","incorrect_answers":["Glenn Quagmire","Joe Swanson","The Greased-up Deaf Guy"]},{"category":"Entertainment: Comics","type":"multiple","difficulty":"hard","question":"In the Batman comics, by what other name is the villain Dr. Jonathan Crane known?","correct_answer":"Scarecrow","incorrect_answers":["Bane","Calendar Man","Clayface"]},{"category":"History","type":"multiple","difficulty":"hard","question":"In the year 1900, what were the most popular first names given to boy and girl babies born in the United States?","correct_answer":"John and Mary","incorrect_answers":["Joseph and Catherine","William and Elizabeth","George and Anne"]},{"category":"Entertainment: Music","type":"multiple","difficulty":"medium","question":"The song &quot;Twin Size Mattress&quot; was written by which band?","correct_answer":"The Front Bottoms","incorrect_answers":["Twenty One Pilots","The Wonder Years","The Smith Street Band"]},{"category":"Entertainment: Film","type":"multiple","difficulty":"medium","question":"Who directed the 1973 film &quot;American Graffiti&quot;?","correct_answer":"George Lucas","incorrect_answers":["Ron Howard","Francis Ford Coppola","Steven Spielberg"]},{"category":"Entertainment: Books","type":"multiple","difficulty":"medium","question":"Who wrote the children&#039;s story &quot;The Little Match Girl&quot;?","correct_answer":"Hans Christian Andersen","incorrect_answers":["Charles Dickens","Lewis Carroll","Oscar Wilde"]},{"category":"Entertainment: Video Games","type":"multiple","difficulty":"hard","question":"In the Gamecube Version of &quot;Resident Evil&quot; what text document is open on the monitor of the computer in the Visual Data Room?","correct_answer":"A GDC Document","incorrect_answers":["Text Document on Herbs","Nothing","Document on B.O.Ws"]},{"category":"Entertainment: Video Games","type":"boolean","difficulty":"easy","question":"There are 6 legendary cards in &quot;Clash Royale&quot;.","correct_answer":"False","incorrect_answers":["True"]},{"category":"General Knowledge","type":"multiple","difficulty":"hard","question":"What year was Queen Elizabeth II born?","correct_answer":"1926","incorrect_answers":["1923","1929","1930"]},{"category":"Entertainment: Film","type":"multiple","difficulty":"medium","question":"Which iconic character is featured in movies such as &quot;The Enforcer&quot;, &quot;Sudden Impact&quot;, and &quot;The Dead Pool&quot;?","correct_answer":"Dirty Harry","incorrect_answers":["Indiana Jones","James Bond","Harry Potter"]},{"category":"Entertainment: Film","type":"boolean","difficulty":"medium","question":"The Xenomorph from the science fiction film &quot;Alien&quot; has acidic blood.","correct_answer":"True","incorrect_answers":["False"]},{"category":"Science & Nature","type":"multiple","difficulty":"medium","question":"What term is best associated with Sigmund Freud?","correct_answer":"Psychoanalysis","incorrect_answers":["Cognitive-Behavioral Therapy","Theory of Gravity","Dialectical Behavior Therapy"]},{"category":"Animals","type":"multiple","difficulty":"hard","question":"What is the Gray Wolf&#039;s scientific name?","correct_answer":"Canis Lupus","incorrect_answers":["Canis Aureus","Canis Latrans","Canis Lupus Lycaon"]},{"category":"Entertainment: Video Games","type":"multiple","difficulty":"easy","question":"In vanilla Minecraft, which of the following cannot be made into a block?","correct_answer":"Charcoal","incorrect_answers":["Coal","Wheat","String"]},{"category":"Entertainment: Video Games","type":"multiple","difficulty":"medium","question":"Mirror&#039;s Edge Catalyst takes place in the City of...?","correct_answer":"Glass","incorrect_answers":["Mirrors","Purity","Diamonds"]},{"category":"Science: Computers","type":"multiple","difficulty":"medium","question":"Which of these programming languages is a low-level language?","correct_answer":"Assembly","incorrect_answers":["Python","C#","Pascal"]},{"category":"Animals","type":"multiple","difficulty":"easy","question":"Which class of animals are newts members of?","correct_answer":"Amphibian","incorrect_answers":["Fish","Reptiles","Mammals"]},{"category":"General Knowledge","type":"multiple","difficulty":"medium","question":"Which of the following carbonated soft drinks were introduced first?","correct_answer":"Dr. Pepper","incorrect_answers":["Coca-Cola","Sprite","Mountain Dew"]},{"category":"General Knowledge","type":"multiple","difficulty":"medium","question":"In what year was McDonald&#039;s founded?","correct_answer":"1955","incorrect_answers":["1964","1951","1947"]},{"category":"History","type":"multiple","difficulty":"medium","question":"Who is attributed credit for recording the epic poem The Odyssey?","correct_answer":"Homer","incorrect_answers":["Aristotle","Odysseus","Socrates"]},{"category":"Entertainment: Video Games","type":"multiple","difficulty":"medium","question":"Which of the following has Jennifer Taylor NOT voiced?","correct_answer":"Sarah Kerrigan","incorrect_answers":["Princess Peach","Zoey","Cortana"]},{"category":"Celebrities","type":"multiple","difficulty":"medium","question":"Which radio personality calls himself &quot;The King of All Media&quot;?","correct_answer":"Howard Stern","incorrect_answers":["Rush Limbaugh","Pete Tong","Ryan Seacrest"]},{"category":"Entertainment: Television","type":"multiple","difficulty":"medium","question":"Which British writer wrote for both Doctor Who and Sherlock?","correct_answer":"Steven Moffatt","incorrect_answers":["Phil Ford","Russell T Davies","Toby Whithouse"]},{"category":"Geography","type":"multiple","difficulty":"easy","question":"What is the capital of India?","correct_answer":"New Delhi","incorrect_answers":["Bejing","Montreal","Tithi"]},{"category":"Entertainment: Video Games","type":"multiple","difficulty":"medium","question":"One of the Nintendo Entertainment System voice channels supports playback of sound samples. Which one?","correct_answer":"DMC","incorrect_answers":["Noise","Triangle","Square"]},{"category":"Entertainment: Cartoon & Animations","type":"multiple","difficulty":"medium","question":"Who created &quot;RWBY&quot;?","correct_answer":"Monty Oum","incorrect_answers":["Miles Luna","Kerry Shawcross","Shane Newville"]},{"category":"History","type":"boolean","difficulty":"hard","question":"The USS Missouri (BB-63) last served in the Korean War.","correct_answer":"False","incorrect_answers":["True"]},{"category":"History","type":"multiple","difficulty":"medium","question":"Which of the following countries was the first to send an object into space?","correct_answer":"Germany","incorrect_answers":["USA","Russia","China"]},{"category":"Entertainment: Music","type":"multiple","difficulty":"medium","question":"Which rapper had an album that went double platinum with no features?","correct_answer":"J. Cole","incorrect_answers":["Kendrick Lamar","Drake","Big Sean"]},{"category":"Entertainment: Cartoon & Animations","type":"multiple","difficulty":"hard","question":"In &quot;Gravity Falls&quot;, the character Bill Cipher remarks that &quot;the universe is what?&quot;","correct_answer":"A hologram ","incorrect_answers":["An illusion ","A simulation","Corrupting"]},{"category":"Entertainment: Video Games","type":"multiple","difficulty":"easy","question":"Who created the indie adventure game &quot;Night in the Woods&quot;?","correct_answer":"Alec Holowka","incorrect_answers":["Ron Gilbert","Tim Schafer"," Tommy Refenes"]},{"category":"Entertainment: Film","type":"multiple","difficulty":"hard","question":"Which actors made up the trio in &quot;The Good, the Bad, and the Ugly&quot;? ","correct_answer":"Clint Eastwood, Eli Wallach, and Lee Van Cleef","incorrect_answers":["Sergio Leone, Ennio Morricone, and Tonino Delli Colli","Yul Brynner, Steve McQueen, and Charles Bronson","Aldo Giuffr&egrave;, Mario Brega, and Luigi Pistilli"]},{"category":"Vehicles","type":"boolean","difficulty":"medium","question":"The majority of Subaru vehicles are made in China.","correct_answer":"False","incorrect_answers":["True"]},{"category":"Science & Nature","type":"multiple","difficulty":"hard","question":"How long is a light-year?","correct_answer":"9.461 Trillion Kilometres","incorrect_answers":["1 AU","105.40 Earth-years","501.2 Million Miles"]},{"category":"Entertainment: Video Games","type":"multiple","difficulty":"hard","question":"What was the name of Sonic the Hedgehog&#039;s original human girlfriend?","correct_answer":"Madonna","incorrect_answers":["Celeste","Sierra","Nina"]},{"category":"Entertainment: Music","type":"multiple","difficulty":"easy","question":"The band Muse released their first album, Showbiz, in what year?","correct_answer":"1999","incorrect_answers":["1998","2000","2001"]},{"category":"Entertainment: Video Games","type":"multiple","difficulty":"easy","question":"What is the name of the City in Saints Row The Third?","correct_answer":"Steelport","incorrect_answers":["Stilwater","Carcer","Liberty"]},{"category":"Mythology","type":"multiple","difficulty":"easy","question":"The Nike apparel and footwear brand takes it&#039;s name from the Greek goddess of what?","correct_answer":"Victory","incorrect_answers":["Courage","Strength","Honor"]},{"category":"Entertainment: Video Games","type":"multiple","difficulty":"easy","question":"Before it&#039;s redesign of the company logo in the year 2000, which 3D shape is NOT represented in the Electronic Arts logo?","correct_answer":"Cylinder","incorrect_answers":["Pyramid","Cube","Sphere"]},{"category":"Entertainment: Music","type":"multiple","difficulty":"medium","question":"Who was walking like an Egyptian in 1981?","correct_answer":"The Bangles","incorrect_answers":["R.E.M.","The Ocean Blue","The Connells"]},{"category":"Entertainment: Television","type":"multiple","difficulty":"medium","question":"Which actor was not a major character in TV Show Freaks and Geeks?","correct_answer":"Jonah Hill","incorrect_answers":["Jason Segel","Seth Rogen","James Franco"]},{"category":"History","type":"multiple","difficulty":"easy","question":"What does the United States of America celebrate during the 4th of July?","correct_answer":"The signing of the Declaration of Independence","incorrect_answers":["The anniversary of the Battle of Gettysburg","The crossing of the Delaware River","The ratification of the Constitution"]},{"category":"Entertainment: Books","type":"multiple","difficulty":"medium","question":"Which Russian author wrote the epic novel War and Peace?","correct_answer":"Leo Tolstoy","incorrect_answers":["Fyodor Dostoyevsky","Alexander Pushkin","Vladimir Nabokov"]},{"category":"Entertainment: Video Games","type":"multiple","difficulty":"easy","question":"In the Video Game, Half-life, what type of US military force starts clearing out the Black Mesa Research Facility?","correct_answer":"The HECU","incorrect_answers":["Navy Seals","The Combine","The Marines"]},{"category":"Science: Computers","type":"multiple","difficulty":"hard","question":"What is the codename of the eighth generation Intel Core micro-architecture launched in October 2017?","correct_answer":"Coffee Lake","incorrect_answers":["Sandy Bridge","Skylake","Broadwell"]},{"category":"Science & Nature","type":"multiple","difficulty":"easy","question":"What is the atomic mass of Carbon?","correct_answer":"12","incorrect_answers":["14","16","10"]}]}