{"response_code":0,"results":[{"category":"Entertainment: Video Games","type":"multiple","difficulty":"medium","question":"What name did &quot;Mario&quot;, from &quot;Super Mario Brothers&quot;, originally have?","correct_answer":"Ossan","incorrect_answers":["Jumpman","Mr. Video","Mario"]},{"category":"Entertainment: Music","type":"multiple","difficulty":"hard","question":"Which Elton John hit starts with the line &quot;When are you gonna come down&quot;?","correct_answer":"Goodbye Yellow Brick Road","incorrect_answers":["Rocket Man","Bennie and the Jets","Crocodile Rock"]},{"category":"Entertainment: Film","type":"multiple","difficulty":"medium","question":"In the 1984 movie &quot;The Terminator&quot;, what model number is the Terminator portrayed by Arnold Schwarzenegger?","correct_answer":"T-800","incorrect_answers":["I-950","T-888","T-1000"]},{"category":"Entertainment: Video Games","type":"multiple","difficulty":"hard","question":"In the game &quot;The Sims&quot;, how many Simoleons does each family start with?","correct_answer":"20,000","incorrect_answers":["10,000","15,000","25,000"]},{"category":"Science: Computers","type":"boolean","difficulty":"medium","question":"FLAC stands for &quot;Free Lossless Audio Condenser&quot;&#039;","correct_answer":"False","incorrect_answers":["True"]},{"category":"Entertainment: Video Games","type":"multiple","difficulty":"easy","question":"Who is Sonic&#039;s sidekick?","correct_answer":"Tails","incorrect_answers":["Shadow","Amy","Knuckles"]},{"category":"Geography","type":"boolean","difficulty":"medium","question":"The surface area of Russia is slightly larger than that of the dwarf planet Pluto.","correct_answer":"True","incorrect_answers":["False"]},{"category":"Entertainment: Books","type":"multiple","difficulty":"hard","question":"In the Harry Potter universe, who does Draco Malfoy end up marrying?","correct_answer":"Astoria Greengrass","incorrect_answers":["Pansy Parkinson","Millicent Bulstrode","Hermione Granger"]},{"category":"History","type":"multiple","difficulty":"medium","question":"Which of the following is NOT classified as a Semetic language?","correct_answer":"Sumerian","incorrect_answers":["Maltese","Akkadian","Mandaic"]},{"category":"Science & Nature","type":"multiple","difficulty":"medium","question":"The Axiom of Preventive Medicine states that people with ___ risk for a disease should be screened and we should treat ___ of those people.","correct_answer":"low, all","incorrect_answers":["low, some","high, all","high, some"]},{"category":"Geography","type":"multiple","difficulty":"easy","question":"Which of the following languages does NOT use the Latin alphabet?","correct_answer":"Georgian","incorrect_answers":["Turkish","Swahili","Vietnamese"]},{"category":"Vehicles","type":"multiple","difficulty":"medium","question":"Which of the following car models has been badge-engineered (rebadged) the most?","correct_answer":"Isuzu Trooper","incorrect_answers":["Holden Monaro","Suzuki Swift","Chevy Camaro"]},{"category":"Entertainment: Books","type":"boolean","difficulty":"easy","question":"The book 1984 was published in 1949.","correct_answer":"True","incorrect_answers":["False"]},{"category":"Science: Computers","type":"multiple","difficulty":"medium","question":"Which of these is the name for the failed key escrow device introduced by the National Security Agency in 1993?","correct_answer":"Clipper Chip","incorrect_answers":["Enigma Machine","Skipjack","Nautilus"]},{"category":"Entertainment: Music","type":"multiple","difficulty":"medium","question":"Which of these is NOT a song on The Beatles&#039; 1968 self titled album, also known as the White album?","correct_answer":"Being For The Benefit Of Mr. Kite!","incorrect_answers":["Why Don&#039;t We Do It in the Road?","Everybody&#039;s Got Something to Hide Except Me and My Monkey","The Continuing Story of Bungalow Bill"]},{"category":"Geography","type":"boolean","difficulty":"medium","question":"Vietnam is the only country in the world that starts with V. ","correct_answer":"False","incorrect_answers":["True"]},{"category":"Entertainment: Video Games","type":"multiple","difficulty":"easy","question":"In the first game of the Sly Cooper franchise, what family heirloom did Sly Cooper want to steal back?","correct_answer":"Thievius Raccoonus","incorrect_answers":["Raccoon Training 101","The Art of Sneak","Raccoonus Teachus"]},{"category":"Entertainment: Video Games","type":"multiple","difficulty":"medium","question":"In Left 4 Dead, what is the name of the Special Infected that is unplayable in Versus mode?","correct_answer":"The Witch","incorrect_answers":["The Tank","The Smoker","The Spitter"]},{"category":"Entertainment: Television","type":"multiple","difficulty":"easy","question":"In the show Stranger Things, what is Eleven&#039;s favorite breakfast food?","correct_answer":"Eggo Waffles","incorrect_answers":["Toast","Captain Crunch","Bacon and Eggs"]},{"category":"Entertainment: Film","type":"multiple","difficulty":"medium","question":"In the 2010 Nightmare on Elm Street reboot, who played Freddy Kruger?","correct_answer":"Jackie Earle Haley","incorrect_answers":["Tyler Mane","Derek Mears","Gunnar Hansen"]},{"category":"Entertainment: Video Games","type":"multiple","difficulty":"easy","question":"How many differently shaped Tetris pieces are there?","correct_answer":"7","incorrect_answers":["5","6","8"]},{"category":"History","type":"multiple","difficulty":"hard","question":"Who invented the &quot;Flying Shuttle&quot; in 1738; one of the key developments in the industrialization of weaving?","correct_answer":"John Kay","incorrect_answers":["James Hargreaves","Richard Arkwright","John Deere"]},{"category":"History","type":"multiple","difficulty":"medium","question":"What was Genghis Khan&#039;s real name?","correct_answer":"Tem&uuml;jin","incorrect_answers":["M&ouml;ngke","&Ouml;gedei","Tem&uuml;r"]},{"category":"Sports","type":"multiple","difficulty":"medium","question":"Which soccer team won the Copa Am&eacute;rica 2015 Championship ?","correct_answer":"Chile","incorrect_answers":["Argentina","Brazil","Paraguay"]},{"category":"Geography","type":"multiple","difficulty":"medium","question":"Which country has three capital cities?","correct_answer":"South Africa","incorrect_answers":["Somalia","China","United Kingdom"]},{"category":"Entertainment: Video Games","type":"boolean","difficulty":"hard","question":"The names of Roxas&#039;s Keyblades in Kingdom Hearts are &quot;Oathkeeper&quot; and &quot;Oblivion&quot;.","correct_answer":"True","incorrect_answers":["False"]},{"category":"Entertainment: Video Games","type":"multiple","difficulty":"medium","question":"Of the following space shooter games, which came out first?","correct_answer":"Space Invaders","incorrect_answers":["Galaxian","Galaga","Sinistar"]},{"category":"Entertainment: Video Games","type":"multiple","difficulty":"medium","question":"Phil Fish was the designer of which game?","correct_answer":"Fez","incorrect_answers":["Super Meat Boy","Hotline Miami","FTL"]},{"category":"Science: Mathematics","type":"multiple","difficulty":"easy","question":"What is the symbol for Displacement?","correct_answer":"&Delta;r","incorrect_answers":["dr","Dp","r"]},{"category":"Entertainment: Japanese Anime & Manga","type":"multiple","difficulty":"medium","question":"Aoi Miyamori is the production manager of what anime in &quot;Shirobako&quot;?","correct_answer":"The Third Aerial Girls Squad","incorrect_answers":["Exodus!","Andes Chucky","Angel Beats!"]},{"category":"Entertainment: Music","type":"multiple","difficulty":"hard","question":"Which of Michael Jackson&#039;s albums sold the most copies?","correct_answer":"Thriller","incorrect_answers":["Dangerous","Bad","Off the Wall"]},{"category":"History","type":"multiple","difficulty":"easy","question":"These two countries held a commonwealth from the 16th to 18th century.","correct_answer":"Poland and Lithuania","incorrect_answers":["Hutu and Rwanda","North Korea and South Korea","Bangladesh and Bhutan"]},{"category":"History","type":"multiple","difficulty":"easy","question":"What year did World War I begin?","correct_answer":"1914","incorrect_answers":["1905","1919","1925"]},{"category":"Entertainment: Books","type":"multiple","difficulty":"medium","question":"What book series published by Jim Butcher follows a wizard in modern day Chicago?","correct_answer":"The Dresden Files","incorrect_answers":["A Hat in Time","The Cinder Spires","My Life as a Teenage Wizard"]},{"category":"Entertainment: Video Games","type":"multiple","difficulty":"medium","question":"In &quot;Call Of Duty: Zombies&quot;, which map features the &quot;Fly Trap&quot; easter egg?","correct_answer":"Der Riese","incorrect_answers":["Tranzit","Call Of The Dead","Shi No Numa"]},{"category":"Entertainment: Video Games","type":"multiple","difficulty":"hard","question":"In &quot;Call Of Duty: Zombies&quot;, which weapon does NOT deal any damage?","correct_answer":"31-79 JGb215","incorrect_answers":["Sliquifier","V-R11","Wunderwaffe DG-2"]},{"category":"Entertainment: Japanese Anime & Manga","type":"multiple","difficulty":"medium","question":"In the 2011 TV anime series, &quot;THE iDOLM@STER&quot;, what was the name of Iori&#039;s stuffed toy bunny?","correct_answer":"Charles","incorrect_answers":["Bubsy","Kero","Usagi"]},{"category":"Entertainment: Video Games","type":"multiple","difficulty":"hard","question":"In World of Warcraft, which raid instance features a chess event?","correct_answer":"Karazhan","incorrect_answers":["Zul&#039;Aman","Blackwing Lair","Temple of Ahn&#039;Qiraj"]},{"category":"Entertainment: Board Games","type":"multiple","difficulty":"hard","question":"Which character class in Dungeons and Dragons 5th edition gains it&#039;s powers from making a pact with a being of higher power?","correct_answer":"Warlock","incorrect_answers":["Wizard","Sorceror","Cleric"]},{"category":"Science: Gadgets","type":"multiple","difficulty":"hard","question":"Which round does a WW2 M1 Garand fire?","correct_answer":".30-06","incorrect_answers":[".308","7.62","7.62x51mm"]},{"category":"Entertainment: Television","type":"multiple","difficulty":"hard","question":"Who was the winner of &quot;Big Brother&quot; Season 10?","correct_answer":"Dan Gheesling","incorrect_answers":["Bryce Kranyik","Ryan Sutfin","Chris Mundorf"]},{"category":"Entertainment: Cartoon & Animations","type":"multiple","difficulty":"medium","question":"Who voiced Finn in Adventure Time?","correct_answer":"Jeremy Shada","incorrect_answers":["Nolan North","John DiMaggio","Tom Kenny"]},{"category":"Entertainment: Music","type":"multiple","difficulty":"easy","question":"The &quot;British Invasion&quot; was a cultural phenomenon in music where British boy bands became popular in the USA in what decade?","correct_answer":"60&#039;s","incorrect_answers":["50&#039;s","40&#039;s","30&#039;s"]},{"category":"General Knowledge","type":"boolean","difficulty":"medium","question":"The pickled gherkin was first added to hamburgers because a US health law required all fast-food to include a source of Vitamin C.","correct_answer":"False","incorrect_answers":["True"]},{"category":"General Knowledge","type":"multiple","difficulty":"hard","question":"How many notes are there on a standard grand piano?","correct_answer":"88","incorrect_answers":["98","108","78"]},{"category":"Celebrities","type":"multiple","difficulty":"medium","question":"What year was O.J. Simpson aquitted of his murder charges?","correct_answer":"1995","incorrect_answers":["1992","1996","1991"]},{"category":"Science & Nature","type":"multiple","difficulty":"easy","question":"What lies at the center of our galaxy?","correct_answer":"A black hole","incorrect_answers":["A wormhole","A supernova","A quasar"]},{"category":"General Knowledge","type":"boolean","difficulty":"medium","question":"Instant mashed potatoes were invented by Canadian Edward Asselbergs in 1962.","correct_answer":"True","incorrect_answers":["False"]},{"category":"History","type":"multiple","difficulty":"hard","question":"Which of the following Physicists aided Nazi Germany in their production of a nuclear weapon?","correct_answer":"Werner Heisenberg","incorrect_answers":["John von Neumann","Albert Einstein","Max Planck"]},{"category":"Vehicles","type":"multiple","difficulty":"easy","question":"What is the fastest road legal car in the world?","correct_answer":"Koenigsegg Agera RS","incorrect_answers":["Hennessy Venom GT","Bugatti Veyron Super Sport","Pagani Huayra BC"]}]}