{"response_code":0,"results":[{"category":"Sports","type":"multiple","difficulty":"medium","question":"With which team did Michael Schumacher make his Formula One debut at the 1991 Belgian Grand Prix?","correct_answer":"Jordan","incorrect_answers":["Benetton","Ferrari","Mercedes"]},{"category":"Entertainment: Comics","type":"multiple","difficulty":"medium","question":"In Marvel Comics, Taurus is the founder and leader of which criminal organization?","correct_answer":"Zodiac","incorrect_answers":["Scorpio","Tiger Mafia","The Union"]},{"category":"Entertainment: Cartoon & Animations","type":"multiple","difficulty":"hard","question":"In the TV show &quot;Rick and Morty&quot;, Rick uses the catchphrase &quot;Wubba Lubba Dub Dub&quot;, which means what in Birdperson?","correct_answer":"I am in great pain, please help me.","incorrect_answers":["I pray that my life ends soon.","Lets get this party started!","I am suffering, please help me."]},{"category":"Science & Nature","type":"multiple","difficulty":"easy","question":"What does the letter &#039;S&#039; stand for in &#039;NASA&#039;?","correct_answer":"Space","incorrect_answers":["Science","Society","Star"]},{"category":"Entertainment: Musicals & Theatres","type":"multiple","difficulty":"easy","question":"Which Shakespeare play inspired the musical &#039;West Side Story&#039;?","correct_answer":"Romeo &amp; Juliet","incorrect_answers":["Hamlet","Macbeth","Othello"]},{"category":"History","type":"multiple","difficulty":"medium","question":"Which king was killed at the Battle of Bosworth Field in 1485? ","correct_answer":"Richard III","incorrect_answers":["Edward V","Henry VII","James I"]},{"category":"General Knowledge","type":"boolean","difficulty":"easy","question":"Gumbo is a stew that originated in Louisiana.","correct_answer":"True","incorrect_answers":["False"]},{"category":"Entertainment: Video Games","type":"multiple","difficulty":"easy","question":"Which of these video game engines was made by the company Epic Games?","correct_answer":"Unreal","incorrect_answers":["Unity","Game Maker: Studio","Cry Engine"]},{"category":"Mythology","type":"multiple","difficulty":"medium","question":"Which of the following Mesopotamian mythological figures was NOT a deity?","correct_answer":"Enkidu","incorrect_answers":["Enki","Enlil","Enkimdu"]},{"category":"History","type":"boolean","difficulty":"easy","question":"The United States Department of Homeland Security was formed in response to the September 11th attacks.","correct_answer":"True","incorrect_answers":["False"]},{"category":"Entertainment: Music","type":"multiple","difficulty":"medium","question":"EDM record label Monstercat is based in which country?","correct_answer":"Canada","incorrect_answers":["United States","Australia","United Kingdom"]},{"category":"Geography","type":"multiple","difficulty":"medium","question":"What event led to Liechenstein adding a crown to its flag?","correct_answer":"The 1936 Olympics","incorrect_answers":["Coronation of Prince Johann I Joseph in 1805","Charles VI&#039;s decree in 1719","Signing of the 1862 Constitution of Liechtenstein"]},{"category":"Sports","type":"multiple","difficulty":"easy","question":"What was the final score of the Germany vs. Brazil 2014 FIFA World Cup match?","correct_answer":"7 - 1","incorrect_answers":["0 - 1","3 - 4","16 - 0"]},{"category":"General Knowledge","type":"multiple","difficulty":"easy","question":"What is the Spanish word for &quot;donkey&quot;?","correct_answer":"Burro","incorrect_answers":["Caballo","Toro","Perro"]},{"category":"General Knowledge","type":"boolean","difficulty":"easy","question":"You can legally drink alcohol while driving in Mississippi.","correct_answer":"True","incorrect_answers":["False"]},{"category":"Celebrities","type":"multiple","difficulty":"medium","question":"What was the cause of death for Freddie Mercury?","correct_answer":"Pneumonia","incorrect_answers":["Stomach Cancer","HIV","Brain Hemorrhage"]},{"category":"Entertainment: Music","type":"multiple","difficulty":"medium","question":"Johnny Cash did a cover of this song written by lead singer of Nine Inch Nails, Trent Reznor.","correct_answer":"Hurt","incorrect_answers":["Closer","A Warm Place","Big Man with a Gun"]},{"category":"Celebrities","type":"multiple","difficulty":"easy","question":"What does film maker Dan Bell typically focus his films on?","correct_answer":"Abandoned Buildings and Dead Malls","incorrect_answers":["Historic Landmarks","Action Films","Documentaries "]},{"category":"History","type":"multiple","difficulty":"easy","question":"When was Google founded?","correct_answer":"September 4, 1998","incorrect_answers":["October 9, 1997","December 12, 1989","Feburary 7th, 2000"]},{"category":"Entertainment: Music","type":"multiple","difficulty":"easy","question":"Which band released songs suchs as &quot;Rio&quot;, &quot;Girls on Film&quot;, and &quot;The Reflex&quot;?","correct_answer":"Duran Duran","incorrect_answers":["The Cure","New Order","Depeche Mode"]},{"category":"Geography","type":"multiple","difficulty":"medium","question":"What tiny principality lies between Spain and France?","correct_answer":"Andorra","incorrect_answers":["Liechtenstein","Monaco","San Marino"]},{"category":"Science: Mathematics","type":"multiple","difficulty":"hard","question":"The decimal number 31 in hexadecimal would be what?","correct_answer":"1F","incorrect_answers":["3D","2E","1B"]},{"category":"Entertainment: Video Games","type":"multiple","difficulty":"hard","question":"Which of these weapon classes DO NOT appear in the first Monster Hunter game?","correct_answer":"Bow ","incorrect_answers":["Hammer","Heavy Bowgun","Light Bowgun"]},{"category":"General Knowledge","type":"boolean","difficulty":"easy","question":"The Lego Group was founded in 1932.","correct_answer":"True","incorrect_answers":["False"]},{"category":"General Knowledge","type":"multiple","difficulty":"easy","question":"Which American-owned brewery led the country in sales by volume in 2015?","correct_answer":"D. G. Yuengling and Son, Inc","incorrect_answers":["Anheuser Busch","Boston Beer Company","Miller Coors"]},{"category":"Entertainment: Cartoon & Animations","type":"boolean","difficulty":"medium","question":"Nickelodeon rejected the pilot to Adventure Time.","correct_answer":"True","incorrect_answers":["False"]},{"category":"Geography","type":"multiple","difficulty":"easy","question":"What is the smallest country in the world?","correct_answer":"Vatican City","incorrect_answers":["Maldives","Monaco","Malta"]},{"category":"Entertainment: Television","type":"boolean","difficulty":"medium","question":"In &quot;Star Trek&quot;, Klingons respect William Shakespeare, they even suspect him having a Klingon lineage.","correct_answer":"True","incorrect_answers":["False"]},{"category":"Science: Computers","type":"multiple","difficulty":"hard","question":"What does the International System of Quantities refer 1024 bytes as?","correct_answer":"Kibibyte","incorrect_answers":["Kylobyte","Kilobyte","Kelobyte"]},{"category":"Entertainment: Video Games","type":"multiple","difficulty":"medium","question":"In the &quot;Call Of Duty: Zombies&quot; map &quot;Der Riese&quot;, what is the name of the &quot;Pack-A-Punched PPSH-41&quot;?","correct_answer":"The Reaper","incorrect_answers":["Lamentation","The Grim Reaper","The Eviscerator  "]},{"category":"Entertainment: Cartoon & Animations","type":"multiple","difficulty":"medium","question":"In &quot;My Little Pony: Friendship is Magic&quot;, which of these ponies represents the quality of honesty?","correct_answer":"Applejack","incorrect_answers":["Twilight Sparkle","Pinkie Pie","Rarity"]},{"category":"General Knowledge","type":"multiple","difficulty":"hard","question":"Who founded the Khan Academy?","correct_answer":"Sal Khan","incorrect_answers":["Ben Khan","Kitt Khan","Adel Khan"]},{"category":"History","type":"multiple","difficulty":"easy","question":"How old was Adolf Hitler when he died?","correct_answer":"56","incorrect_answers":["43","65","47"]},{"category":"Geography","type":"multiple","difficulty":"medium","question":"What continent is the country Lesotho in?","correct_answer":"Africa","incorrect_answers":["Asia","South America","Europe"]},{"category":"General Knowledge","type":"multiple","difficulty":"easy","question":"Which of the following presidents is not on Mount Rushmore?","correct_answer":"John F. Kennedy","incorrect_answers":["Theodore Roosevelt","Abraham Lincoln","Thomas Jefferson"]},{"category":"Entertainment: Video Games","type":"multiple","difficulty":"medium","question":"Which Crypt of the NecroDancer (2015) character has a soundtrack by Jake &quot;Virt&quot; Kaufman?","correct_answer":"Uncle Eli","incorrect_answers":["Cadence","Nocturna","Octavian (Bard)"]},{"category":"Entertainment: Comics","type":"multiple","difficulty":"medium","question":"In Calvin and Hobbes, what is the name of the babysitter&#039;s boyfriend?","correct_answer":"Charlie","incorrect_answers":["Dave","Charles","Nathaniel"]},{"category":"Entertainment: Video Games","type":"multiple","difficulty":"medium","question":"What is the subtitle for Gran Turismo 3?","correct_answer":"A-Spec","incorrect_answers":["Championship","Drive","Nitro"]},{"category":"Entertainment: Video Games","type":"boolean","difficulty":"medium","question":"The scrapped Sonic the Hedgehog 2 level &quot;Hidden Palace Zone&quot; was later reused in the iOS port of the game. ","correct_answer":"True","incorrect_answers":["False"]},{"category":"Entertainment: Music","type":"multiple","difficulty":"medium","question":"Who released the 1991 album &quot;Out of Time&quot;?","correct_answer":"R.E.M.","incorrect_answers":["U2","Coldplay","The Rolling Stones"]},{"category":"Entertainment: Cartoon & Animations","type":"boolean","difficulty":"medium","question":"Nutcracker Suite was one of the musical pieces featured in Disney&#039;s 1940&#039;s film Fantasia.","correct_answer":"True","incorrect_answers":["False"]},{"category":"Entertainment: Television","type":"multiple","difficulty":"easy","question":"In which state of America was the Fresh Prince of Bel-Air born and raised in?","correct_answer":"Pennsylvania","incorrect_answers":["Florida","California","New Jersey"]},{"category":"Entertainment: Video Games","type":"multiple","difficulty":"medium","question":"Which weapon that was cut from the game &quot;Half Life 2&quot; was going to replace the crowbar?","correct_answer":"Ice Axe","incorrect_answers":["Fire Axe","Wrench","Hunting Knife"]},{"category":"Geography","type":"multiple","difficulty":"medium","question":"What is the northernmost human settlement with year round inhabitants?","correct_answer":"Alert, Canada","incorrect_answers":["Nagurskoye, Russia","McMurdo Station, Antarctica ","Honningsv&aring;g, Norway"]},{"category":"Entertainment: Television","type":"multiple","difficulty":"medium","question":"What actor portrays Hogan &quot;Wash&quot; Washburne in the TV Show Firefly?","correct_answer":"Alan Tudyk","incorrect_answers":["Adam Baldwin","Nathan Fillion","Sean Maher"]},{"category":"Science: Mathematics","type":"multiple","difficulty":"hard","question":"Which of the following famous mathematicians died in a duel at the age of 20?","correct_answer":"Galois","incorrect_answers":["Abel","Euler","Gauss"]},{"category":"Science & Nature","type":"multiple","difficulty":"hard","question":"Which of the following is considered classical conditioning?","correct_answer":"Pavlov&#039;s dog experiments","incorrect_answers":["Skinner box experiment","Schr&ouml;dinger&#039;s cat experiment","Harlow&rsquo;s monkey experiments"]},{"category":"Science & Nature","type":"multiple","difficulty":"medium","question":"When was the first mammal successfully cloned?","correct_answer":"1996","incorrect_answers":["2009","1999","1985"]},{"category":"Entertainment: Video Games","type":"multiple","difficulty":"medium","question":"During the events of Half-Life: Opposing Force, what is the age of Adrian Shephard, the protagonist?","correct_answer":"22","incorrect_answers":["23","21","24"]},{"category":"Entertainment: Comics","type":"multiple","difficulty":"easy","question":"In Black Hammer, what city did the heroes save from the Anti-God?","correct_answer":"Spiral City","incorrect_answers":["Mega-City One","Rockwood","Star City"]}]}