{"response_code":0,"results":[{"category":"Entertainment: Film","type":"multiple","difficulty":"easy","question":"Which of the following was not one of &quot;The Magnificent Seven&quot;?","correct_answer":"Clint Eastwood","incorrect_answers":["Steve McQueen","Charles Bronson","Robert Vaughn"]},{"category":"Entertainment: Video Games","type":"multiple","difficulty":"medium","question":"In the &quot;Halo&quot; franchise, in what country is New Mombasa?","correct_answer":"Kenya","incorrect_answers":["India","Turkey","Slovakia"]},{"category":"Entertainment: Video Games","type":"multiple","difficulty":"easy","question":"Which company did Gabe Newell work at before founding Valve Corporation?","correct_answer":"Microsoft","incorrect_answers":["Apple","Google","Yahoo"]},{"category":"General Knowledge","type":"multiple","difficulty":"easy","question":"Which company did Valve cooperate with in the creation of the Vive?","correct_answer":"HTC","incorrect_answers":["Oculus","Google","Razer"]},{"category":"Entertainment: Books","type":"multiple","difficulty":"medium","question":"How many books are in the Chronicles of Narnia series?","correct_answer":"7","incorrect_answers":["6","8","5"]},{"category":"Entertainment: Video Games","type":"multiple","difficulty":"medium","question":"What engine did the original &quot;Half-Life&quot; run on?","correct_answer":"GoldSrc","incorrect_answers":["Source","Quake","Unreal"]},{"category":"Entertainment: Video Games","type":"multiple","difficulty":"easy","question":"Half-Life by Valve uses the GoldSrc game engine, which is a highly modified version of what engine?","correct_answer":"Quake Engine","incorrect_answers":["Doom Engine","id Engine","Source Engine"]},{"category":"History","type":"multiple","difficulty":"hard","question":"What year was Canada founded in?","correct_answer":"1867","incorrect_answers":["1798","1859","1668"]},{"category":"Entertainment: Video Games","type":"multiple","difficulty":"medium","question":"In Forza Motorsport 6, which of these track-exclusive cars was NOT featured in the game, either originally with the game or added as DLC?","correct_answer":"Aston Martin Vulcan","incorrect_answers":["Ferrari FXX-K","McLaren P1 GTR","Lotus E23"]},{"category":"Art","type":"boolean","difficulty":"medium","question":"Vincent van Gogh cut off one of his ears.","correct_answer":"True","incorrect_answers":["False"]},{"category":"Entertainment: Music","type":"multiple","difficulty":"hard","question":"Which of these aliases has NOT been used by electronic musician Aphex Twin?","correct_answer":"Burial","incorrect_answers":["Caustic Window","Bradley Strider","GAK"]},{"category":"Science & Nature","type":"boolean","difficulty":"medium","question":"Type 1 diabetes is a result of the liver working improperly.","correct_answer":"False","incorrect_answers":["True"]},{"category":"Sports","type":"multiple","difficulty":"medium","question":"What is the highest belt you can get in Taekwondo?","correct_answer":"Black","incorrect_answers":["White","Red","Green"]},{"category":"Entertainment: Video Games","type":"boolean","difficulty":"easy","question":"Niko Bellic is the protagonist of Grand Theft Auto IV.","correct_answer":"True","incorrect_answers":["False"]},{"category":"Entertainment: Video Games","type":"multiple","difficulty":"easy","question":"Which of these is NOT a playable character in the 2016 video game Overwatch?","correct_answer":"Invoker","incorrect_answers":["Mercy","Winston","Zenyatta"]},{"category":"Entertainment: Music","type":"multiple","difficulty":"hard","question":"What is the British term for a 64th note?","correct_answer":"Hemidemisemiquaver","incorrect_answers":["Semihemidemisemiquaver","Semiquaver","Demisemiquaver"]},{"category":"Entertainment: Cartoon & Animations","type":"multiple","difficulty":"medium","question":"What is the name of Sid&#039;s dog in &quot;Toy Story&quot;?","correct_answer":"Scud","incorrect_answers":["Buster","Whiskers","Mr. Jones"]},{"category":"History","type":"multiple","difficulty":"medium","question":"In what prison was Adolf Hitler held in 1924?","correct_answer":"Landsberg Prison","incorrect_answers":["Spandau Prison","Ebrach Abbey","Hohenasperg"]},{"category":"Geography","type":"multiple","difficulty":"medium","question":"How many countries does Spain have a land border with?","correct_answer":"5","incorrect_answers":["2","3","4"]},{"category":"Entertainment: Musicals & Theatres","type":"multiple","difficulty":"hard","question":"What is the name of Broadway&#039;s first &quot;long-run&quot; musical?","correct_answer":"The Elves","incorrect_answers":["Wicked","Hamilton","The Book of Mormon"]},{"category":"Entertainment: Video Games","type":"multiple","difficulty":"easy","question":"Which Game Boy from the Game Boy series of portable video game consoles was released first?","correct_answer":"Game Boy Color","incorrect_answers":["Game Boy Advance","Game Boy Micro","Game Boy Advance SP"]},{"category":"Entertainment: Video Games","type":"multiple","difficulty":"easy","question":"Which of these is NOT a playable character in &quot;Left 4 Dead&quot;?","correct_answer":"Nick","incorrect_answers":["Louis","Zoey","Bill"]},{"category":"Entertainment: Video Games","type":"multiple","difficulty":"easy","question":"In the videogame Bully, what is the protagonist&#039;s last name?","correct_answer":"Hopkins","incorrect_answers":["Smith","Kowalski","Crabblesnitch"]},{"category":"History","type":"multiple","difficulty":"medium","question":"What were the first states to break away from Yugoslavia?","correct_answer":"Slovenia, Croatia","incorrect_answers":["Macedonia, Montenegro","Slovenia, Macedonia","Montenegro, Slovenia"]},{"category":"Entertainment: Music","type":"multiple","difficulty":"easy","question":"From which country did the song &quot;Gangnam Style&quot; originate from?","correct_answer":"South Korea","incorrect_answers":["Japan","North Korea","China"]},{"category":"Sports","type":"multiple","difficulty":"hard","question":"Which female player won the gold medal of table tennis singles in 2016 Olympics Games?","correct_answer":"DING Ning (China)","incorrect_answers":["LI Xiaoxia (China)","Ai FUKUHARA (Japan)","Song KIM (North Korea)"]},{"category":"Science: Computers","type":"boolean","difficulty":"easy","question":"Time on Computers is measured via the EPOX System.","correct_answer":"False","incorrect_answers":["True"]},{"category":"Sports","type":"multiple","difficulty":"medium","question":"What national team won the 2016 edition of UEFA European Championship?","correct_answer":"Portugal","incorrect_answers":["France","Germany","England"]},{"category":"Sports","type":"multiple","difficulty":"medium","question":"In 2016, who won the Formula 1 World Constructor&#039;s Championship for the third time in a row?","correct_answer":"Mercedes-AMG Petronas","incorrect_answers":["Scuderia Ferrari","McLaren Honda","Red Bull Racing Renault"]},{"category":"Entertainment: Video Games","type":"multiple","difficulty":"medium","question":"In The Elder Scrolls V: Skyrim, who is the jester in the dark brotherhood?","correct_answer":"Cicero","incorrect_answers":["Lucien Lachance","Archimedes","Astrid"]},{"category":"Entertainment: Cartoon & Animations","type":"multiple","difficulty":"easy","question":"In the show &quot;Steven Universe&quot;, who are the main two employees of The Big Donut?","correct_answer":"Sadie and Lars","incorrect_answers":["Steven and James","Erik and Julie","Bob and May"]},{"category":"Entertainment: Music","type":"multiple","difficulty":"easy","question":"&quot;The Singing Cowboy&quot; Gene Autry is credited with the first recording for all but which classic Christmas jingle?","correct_answer":"White Christmas","incorrect_answers":["Frosty the Snowman","Rudolph the Red-Nosed Reindeer","Here Comes Santa Claus"]},{"category":"History","type":"multiple","difficulty":"easy","question":"To what political party did Abraham Lincoln belong when elected POTUS?","correct_answer":"Republican","incorrect_answers":["Democrat","Independent","Whig"]},{"category":"Entertainment: Video Games","type":"multiple","difficulty":"medium","question":"In the game Pok&eacute;mon Conquest, which warlord is able to bond with Zekrom and a shiny Rayquazza?","correct_answer":"Nobunaga","incorrect_answers":["The Player","Oichi","Hideyoshi"]},{"category":"Entertainment: Video Games","type":"multiple","difficulty":"hard","question":"Which of the following games in the The Legend of Zelda franchise was released in North America before Japan?","correct_answer":"The Legend of Zelda: Twilight Princess","incorrect_answers":["Zelda II: The Adventure of Link","The Legend of Zelda: Four Swords Adventures","The Legend of Zelda: Majora&#039;s Mask"]},{"category":"Entertainment: Video Games","type":"multiple","difficulty":"medium","question":"In which location does Dark Sun Gwyndolin reside in &quot;Dark Souls&quot;?","correct_answer":"Anor Londo","incorrect_answers":["Firelink Shrine","Blighttown","Kiln of the first flame"]},{"category":"Entertainment: Cartoon & Animations","type":"multiple","difficulty":"medium","question":"Which Sanrio character was introduced in 1996?","correct_answer":"Pompompurin","incorrect_answers":["My Melody","Badtz-Maru","Kerropi"]},{"category":"Entertainment: Comics","type":"multiple","difficulty":"easy","question":"What is the full first name of the babysitter in Calvin and Hobbes?","correct_answer":"Rosalyn","incorrect_answers":["Rose","Ruby","Rachel"]},{"category":"Art","type":"multiple","difficulty":"medium","question":"Who designed the Chupa Chups logo?","correct_answer":"Salvador Dali","incorrect_answers":["Pablo Picasso","Andy Warhol","Vincent van Gogh"]},{"category":"History","type":"multiple","difficulty":"medium","question":"What was the code name for the German invasion of the Soviet Union in WW2?","correct_answer":"Operation Barbarossa","incorrect_answers":["Operation Kaiserschlact","Operation Unthinkable","Operation Molotov"]},{"category":"Entertainment: Video Games","type":"multiple","difficulty":"hard","question":"Which of these Generation 1 Pokemon did NOT have an evolution in Generation 4?","correct_answer":"Jynx","incorrect_answers":["Electabuzz","Magmar","Rhydon"]},{"category":"History","type":"multiple","difficulty":"medium","question":"When was the Grand Patriotic War in the USSR concluded?","correct_answer":"May 9th, 1945","incorrect_answers":["September 2nd, 1945","August 9th, 1945","December 11th, 1945"]},{"category":"Entertainment: Video Games","type":"multiple","difficulty":"medium","question":"In Kingdom Hearts which of the following people can NOT wield a keyblade?","correct_answer":"Larxene","incorrect_answers":["Xehanort","Lea","Mickey"]},{"category":"Entertainment: Japanese Anime & Manga","type":"multiple","difficulty":"hard","question":"In the Overlord Anime who was Cocytus made by?","correct_answer":"Warrior Takemikazuchi","incorrect_answers":["Peroroncino","Ulbert Alain Odle","Bukubukuchagama"]},{"category":"Entertainment: Video Games","type":"multiple","difficulty":"easy","question":"Which Pok&eacute;mon can learn the move &quot;Secret Power&quot; by leveling up?","correct_answer":"Audino","incorrect_answers":["Type:Null","Arceus","Silvally"]},{"category":"Entertainment: Television","type":"multiple","difficulty":"easy","question":"What Nickelodeon game show featured a house on the set that the contestants would ransack to find hidden objects?","correct_answer":"Finders Keepers","incorrect_answers":["Double Dare","Nickelodeon Guts","Nick Arcade"]},{"category":"Science: Computers","type":"multiple","difficulty":"hard","question":"According to DeMorgan&#039;s Theorem, the Boolean expression (AB)&#039; is equivalent to:","correct_answer":"A&#039; + B&#039;","incorrect_answers":["A&#039;B + B&#039;A","A&#039;B&#039;","AB&#039; + AB"]},{"category":"Entertainment: Video Games","type":"multiple","difficulty":"medium","question":"What is a Tetris piece called?","correct_answer":"Tetromino","incorrect_answers":["Tetratile","Tetris","Tetripiece"]},{"category":"Entertainment: Video Games","type":"multiple","difficulty":"medium","question":"What system was &quot;Touhou: Highly Responsive to Prayers&quot; released on?","correct_answer":"PC-98","incorrect_answers":["OSX 10.9.5","Windows ME","Windows 98"]},{"category":"Entertainment: Video Games","type":"boolean","difficulty":"easy","question":"In Resident Evil 4, the Chicago Typewriter has infinite ammo.","correct_answer":"True","incorrect_answers":["False"]}]}