{"response_code":0,"results":[{"category":"Entertainment: Video Games","type":"multiple","difficulty":"hard","question":"What was the code name given to Sonic the Hedgehog 4 during its development?","correct_answer":"Project Needlemouse","incorrect_answers":["Project Bluespike","Project Roboegg","Project Darksphere"]},{"category":"Entertainment: Film","type":"multiple","difficulty":"medium","question":"In the movie &ldquo;The Iron Giant,&rdquo; this character is the protagonist.","correct_answer":"Hogarth Hughes","incorrect_answers":["Kent Mansley","Dean McCoppin","Annie Hughes"]},{"category":"Entertainment: Music","type":"multiple","difficulty":"medium","question":"Which band had hits in 1972 with the songs &quot;Baby I&#039;m A Want You&quot;, &quot;Everything I Own&quot; and &quot;The Guitar Man&quot;","correct_answer":"Bread","incorrect_answers":["America","Chicago","Smokie"]},{"category":"Entertainment: Music","type":"multiple","difficulty":"medium","question":"Who is the founder and leader of industrial rock band, &#039;Nine Inch Nails&#039;?","correct_answer":"Trent Reznor","incorrect_answers":["Marilyn Manson","Robin Finck","Josh Homme"]},{"category":"General Knowledge","type":"multiple","difficulty":"medium","question":"What name represents the letter &quot;M&quot; in the NATO phonetic alphabet?","correct_answer":"Mike","incorrect_answers":["Matthew","Mark","Max"]},{"category":"History","type":"boolean","difficulty":"medium","question":"The two atomic bombs dropped on Japan by the United States in August 1945 were named &#039;Little Man&#039; and &#039;Fat Boy&#039;.","correct_answer":"False","incorrect_answers":["True"]},{"category":"Art","type":"multiple","difficulty":"hard","question":"What French sculptor designed the Statue of Liberty? ","correct_answer":"Fr&eacute;d&eacute;ric Auguste Bartholdi","incorrect_answers":["Jean-L&eacute;on G&eacute;r&ocirc;me","Auguste Rodin","Henri Matisse"]},{"category":"Entertainment: Music","type":"multiple","difficulty":"easy","question":"How many studio albums have the duo Daft Punk released?","correct_answer":"4","incorrect_answers":["1","5","2"]},{"category":"Art","type":"boolean","difficulty":"easy","question":"Leonardo da Vinci&#039;s Mona Lisa does not have eyebrows.","correct_answer":"True","incorrect_answers":["False"]},{"category":"Entertainment: Books","type":"multiple","difficulty":"medium","question":"What is the fourth book of the Old Testament?","correct_answer":"Numbers","incorrect_answers":["Genesis","Exodus","Leviticus"]},{"category":"Geography","type":"multiple","difficulty":"medium","question":"What is the name of the capital of Turkey?","correct_answer":"Ankara","incorrect_answers":["Istanbul","Izmir","Bursa"]},{"category":"General Knowledge","type":"multiple","difficulty":"medium","question":"Which essential condiment is also known as Japanese horseradish?","correct_answer":"Wasabi ","incorrect_answers":["Mentsuyu","Karashi","Ponzu"]},{"category":"Entertainment: Music","type":"multiple","difficulty":"medium","question":"Which country is singer Kyary Pamyu Pamyu from?","correct_answer":"Japan","incorrect_answers":["South Korea","China","Vietnam"]},{"category":"Science & Nature","type":"multiple","difficulty":"medium","question":"Which element has the atomic number of 7?","correct_answer":"Nitrogen","incorrect_answers":["Oxygen","Hydrogen","Neon"]},{"category":"Science: Computers","type":"multiple","difficulty":"easy","question":"In web design, what does CSS stand for?","correct_answer":"Cascading Style Sheet","incorrect_answers":["Counter Strike: Source","Corrective Style Sheet","Computer Style Sheet"]},{"category":"General Knowledge","type":"boolean","difficulty":"hard","question":"&quot;Number 16 Bus Shelter&quot; was a child&#039;s name that was approved by the New Zealand government.","correct_answer":"True","incorrect_answers":["False"]},{"category":"Entertainment: Video Games","type":"multiple","difficulty":"medium","question":"In the game &quot;Cave Story,&quot; what is the character Balrog&#039;s catchphrase?","correct_answer":"Huzzah!","incorrect_answers":["Yes!","Whoa there!","Nyeh heh heh!"]},{"category":"Entertainment: Video Games","type":"multiple","difficulty":"medium","question":"What type of genre is the controversial 2015 game &quot;Hatred&quot;?","correct_answer":"Shoot &#039;Em Up","incorrect_answers":["Point &amp; Click","MMORPG","Simulation"]},{"category":"Entertainment: Video Games","type":"multiple","difficulty":"medium","question":"In Cook, Serve, Delicious!, which food is NOT included in the game?","correct_answer":"Pie","incorrect_answers":["Shish Kabob","Hamburger","Lasagna"]},{"category":"Entertainment: Video Games","type":"boolean","difficulty":"easy","question":"In Splatoon, the Squid Sisters are named Tako and Yaki.","correct_answer":"False","incorrect_answers":["True"]},{"category":"Entertainment: Video Games","type":"multiple","difficulty":"medium","question":"When was Final Fantasy XV released?","correct_answer":"November 29th, 2016","incorrect_answers":["October 25th, 2016","December 31th, 2016","November 30th, 2016"]},{"category":"Entertainment: Video Games","type":"multiple","difficulty":"hard","question":"In Monster Hunter Generations, which of these hunter arts are exclusive to the Longsword?","correct_answer":"Unhinged Spirit","incorrect_answers":["Shoryugeki","Provoke","Demon Riot"]},{"category":"Entertainment: Film","type":"multiple","difficulty":"medium","question":"In The Lord of the Rings: The Fellowship of the Ring, which one of the following characters from the book was left out of the film?","correct_answer":"Tom Bombadil","incorrect_answers":["Strider","Barliman Butterbur","Celeborn"]},{"category":"Entertainment: Video Games","type":"multiple","difficulty":"hard","question":"Which character, in the game &quot;Morenatsu&quot;, has the most possible endings to their route, at a total of four different endings?","correct_answer":"Shin Kuroi","incorrect_answers":["Kouya Aotsuki","Soutarou Touno","Torahiko Ooshima"]},{"category":"Entertainment: Video Games","type":"boolean","difficulty":"easy","question":"In Pok&eacute;mon Sun and Moon, a male Salandit can evolve to a Salazzle.","correct_answer":"False","incorrect_answers":["True"]},{"category":"Geography","type":"multiple","difficulty":"medium","question":"Which of these countries is the smallest by population?","correct_answer":"Norway","incorrect_answers":["Slovakia","Finland","Hong Kong"]},{"category":"Entertainment: Film","type":"multiple","difficulty":"easy","question":"The 2016 Disney animated film &#039;Moana&#039; is based on which culture?","correct_answer":"Polynesian","incorrect_answers":["Native American","Japanese","Nordic"]},{"category":"Entertainment: Video Games","type":"multiple","difficulty":"easy","question":"Which franchise was NOT featured in the 2015 video game &quot;Lego Dimensions&quot;?","correct_answer":"Breaking Bad","incorrect_answers":["Portal","Doctor Who","Back to the Future"]},{"category":"Politics","type":"multiple","difficulty":"hard","question":"What is the name of Niccol&ograve; Machiavelli&#039;s work that argued effective leaders needed to crush their opponents at all costs?","correct_answer":"The Prince","incorrect_answers":["The Rape of Lucrece","Will to Power","Love&#039;s Labours Lost"]},{"category":"Entertainment: Video Games","type":"multiple","difficulty":"medium","question":"In &quot;Call of Duty: Black Ops III&quot; Zombies, what does completing all the main easter eggs reward you with?","correct_answer":"1,000,000 XP","incorrect_answers":["Juggernog at the start of each game","50 Liquid Diviniums","All three options."]},{"category":"Entertainment: Video Games","type":"multiple","difficulty":"medium","question":"Which of these is the only fighter in the game &quot;Super Smash Bros. Melee&quot; capable of dealing damage with their taunt animation?","correct_answer":"Luigi","incorrect_answers":["Mr. Game &amp; Watch","Jigglypuff","Pichu"]},{"category":"Entertainment: Japanese Anime & Manga","type":"multiple","difficulty":"medium","question":"In Haikyuu!!, who is not a member of Karasuno VBC?","correct_answer":"Shigeru Yahaba","incorrect_answers":["Tadashi Yamaguchi","Hisashi Kinoshita","Kazuhito Narita"]},{"category":"Entertainment: Board Games","type":"multiple","difficulty":"hard","question":"What was the development code name for the &quot;Weatherlight&quot; expansion for &quot;Magic: The Gathering&quot;, released in 1997?","correct_answer":"Mocha Latte","incorrect_answers":["Decaf","Frappuccino","Macchiato"]},{"category":"Entertainment: Japanese Anime & Manga","type":"multiple","difficulty":"medium","question":"In &quot;Puella Magi Madoka Magica&quot;, what is the first name of Madoka&#039;s younger brother?","correct_answer":"Tatsuya","incorrect_answers":["Montoya","Tomohisa","Minato"]},{"category":"Entertainment: Video Games","type":"multiple","difficulty":"medium","question":"In the 1980s, a service called Gameline allowed users to download games to what console?","correct_answer":"Atari 2600","incorrect_answers":["Sega Genesis","Nintendo Entertainment System","ColecoVision"]},{"category":"Entertainment: Comics","type":"multiple","difficulty":"easy","question":"The main six year old protagonist in Calvin and Hobbes is named after what theologian?","correct_answer":"John Calvin","incorrect_answers":["Calvin Klein","Calvin Coolidge","Phillip Calvin McGraw"]},{"category":"Geography","type":"multiple","difficulty":"medium","question":"Which of these country&#039;s capitals starts with the letter B?","correct_answer":"Lebanon","incorrect_answers":["Jordan","Kuwait","Qatar"]},{"category":"Entertainment: Film","type":"multiple","difficulty":"easy","question":"In which film does Humphrey Bogart say the famous line, &quot;Here&#039;s looking at you, kid&quot;?","correct_answer":"Casablanca","incorrect_answers":["The Maltese Falcon","The Treasure of the Sierra Madre","Citizen Kane"]},{"category":"Entertainment: Japanese Anime & Manga","type":"multiple","difficulty":"easy","question":"What is the name of Funny Valentine&#039;s stand in Jojo&#039;s Bizarre Adventure Part 7, Steel Ball Run?","correct_answer":"Dirty Deeds Done Dirt Cheap","incorrect_answers":["Filthy Acts Done For A Reasonable Price","Civil War","God Bless The USA"]},{"category":"Entertainment: Film","type":"multiple","difficulty":"medium","question":"Which 90&#039;s comedy cult classic features cameos appearances from Meat Loaf, Alice Cooper and Chris Farley?","correct_answer":"Wayne&#039;s World","incorrect_answers":["Bill &amp; Ted&#039;s Excellent Adventure","Dumb and Dumber","Austin Powers: International Man of Mystery"]},{"category":"General Knowledge","type":"boolean","difficulty":"medium","question":"The British organisation CAMRA stands for The Campaign for Real Ale.","correct_answer":"True","incorrect_answers":["False"]},{"category":"Entertainment: Music","type":"multiple","difficulty":"easy","question":"Who was &quot;Kung Fu Fighting&quot; in 1974?","correct_answer":"Carl Douglas","incorrect_answers":["The Bee Gees","Heatwave","Kool &amp; the Gang"]},{"category":"Animals","type":"multiple","difficulty":"medium","question":"What is the collective noun for bears?","correct_answer":"Sloth","incorrect_answers":["Drove","Tribe","Husk"]},{"category":"Entertainment: Books","type":"multiple","difficulty":"medium","question":"In Terry Pratchett&#039;s Discworld novel &#039;Wyrd Sisters&#039;, which of these are not one of the three main witches?","correct_answer":"Winny Hathersham","incorrect_answers":["Granny Weatherwax","Nanny Ogg","Magrat Garlick"]},{"category":"Entertainment: Video Games","type":"multiple","difficulty":"hard","question":"In 2004, which person(s) created &quot;Roblox&quot;?","correct_answer":"David Baszucki and Erik Cassel","incorrect_answers":["Erik Cassel","Jonas Alto and Sarah Smith","James Kolein"]},{"category":"Geography","type":"multiple","difficulty":"medium","question":"How many provinces are in the Netherlands?","correct_answer":"12","incorrect_answers":["14","10","13"]},{"category":"Sports","type":"multiple","difficulty":"hard","question":"What is &ldquo;The Sport of Kings&rdquo;?","correct_answer":"Horse Racing","incorrect_answers":["Chess","Jousting","Fencing"]},{"category":"Celebrities","type":"multiple","difficulty":"easy","question":"What was James Coburn&#039;s last film role before his death?","correct_answer":"American Gun","incorrect_answers":["Monsters Inc","Texas Rangers","Snow Dogs"]},{"category":"Entertainment: Music","type":"multiple","difficulty":"medium","question":"Which of these albums is a Wu-Tang Clan album?","correct_answer":"Iron Flag","incorrect_answers":["Perfect Hair","The Low End Theory","Licensed to Ill"]},{"category":"Entertainment: Comics","type":"multiple","difficulty":"easy","question":"Which one of these superhero teams appears in the Invincible comics?","correct_answer":"Guardians of the Globe","incorrect_answers":["Avengers","Justice League","Teenage Mutant Ninja Turtles"]}]}