{"response_code":0,"results":[{"category":"Geography","type":"multiple","difficulty":"hard","question":"In which city, is the Big Nickel located in Canada?","correct_answer":"Sudbury, Ontario","incorrect_answers":["Calgary, Alberta","Halifax, Nova Scotia ","Victoria, British Columbia"]},{"category":"Entertainment: Japanese Anime & Manga","type":"boolean","difficulty":"easy","question":"In the 1988 film &quot;Akira&quot;, Tetsuo ends up destroying Tokyo.","correct_answer":"True","incorrect_answers":["False"]},{"category":"History","type":"multiple","difficulty":"hard","question":"When did the French Revolution begin?","correct_answer":"1789","incorrect_answers":["1823","1756","1799"]},{"category":"History","type":"multiple","difficulty":"medium","question":"In what year did Neil Armstrong and Buzz Aldrin land on the moon?","correct_answer":"1969","incorrect_answers":["1965","1966","1973"]},{"category":"Entertainment: Music","type":"multiple","difficulty":"easy","question":"Which Canadian reggae musician had a 1993 hit with the song &#039;Informer&#039;?","correct_answer":"Snow","incorrect_answers":["Rain","Hail","Sleet"]},{"category":"General Knowledge","type":"multiple","difficulty":"easy","question":"What was the name of the WWF professional wrestling tag team made up of the wrestlers Ax and Smash?","correct_answer":"Demolition","incorrect_answers":["The Dream Team","The Bushwhackers","The British Bulldogs"]},{"category":"Animals","type":"boolean","difficulty":"easy","question":"A slug&rsquo;s blood is green.","correct_answer":"True","incorrect_answers":["False"]},{"category":"Geography","type":"multiple","difficulty":"hard","question":"Which of these countries is NOT a part of the Asian continent?","correct_answer":"Suriname","incorrect_answers":["Georgia","Russia","Singapore"]},{"category":"Entertainment: Video Games","type":"multiple","difficulty":"medium","question":"In World of Warcraft Lore, four Old Gods created a giant and powerful creature. What was it called? ","correct_answer":"The Ancient One","incorrect_answers":["Anomalous","Eater of Souls","The Lich King"]},{"category":"General Knowledge","type":"multiple","difficulty":"easy","question":"What is the shape of the toy invented by Hungarian professor Ern\u0151 Rubik?","correct_answer":"Cube","incorrect_answers":["Sphere","Cylinder","Pyramid"]},{"category":"History","type":"multiple","difficulty":"easy","question":"Which of the following African countries was most successful in resisting colonization?","correct_answer":"Ethiopia","incorrect_answers":["C&ocirc;te d&rsquo;Ivoire","Congo","Namibia"]},{"category":"Science: Mathematics","type":"boolean","difficulty":"medium","question":"The proof for the Chinese Remainder Theorem used in Number Theory was NOT developed by its first publisher, Sun Tzu.","correct_answer":"True","incorrect_answers":["False"]},{"category":"General Knowledge","type":"boolean","difficulty":"easy","question":"It is automatically considered entrapment in the United States if the police sell you illegal substances without revealing themselves.","correct_answer":"False","incorrect_answers":["True"]},{"category":"Entertainment: Cartoon & Animations","type":"multiple","difficulty":"easy","question":"When did the last episode of &quot;Futurama&quot; air?","correct_answer":"September 4, 2013","incorrect_answers":["December 25, 2010","March 28, 1999","On Going"]},{"category":"History","type":"boolean","difficulty":"medium","question":"Brezhnev was the 5th leader of the USSR.","correct_answer":"True","incorrect_answers":["False"]},{"category":"Entertainment: Video Games","type":"multiple","difficulty":"easy","question":"&quot;Tomb Raider&quot; icon Lara Croft was originally called...","correct_answer":"Laura Cruz","incorrect_answers":["Laura Craft","Laura Croft","Lara Craft"]},{"category":"General Knowledge","type":"multiple","difficulty":"hard","question":"Which of the following is not another name for the eggplant?","correct_answer":"Potimarron","incorrect_answers":["Brinjal","Guinea Squash","Melongene"]},{"category":"Science: Computers","type":"boolean","difficulty":"easy","question":"RAM stands for Random Access Memory.","correct_answer":"True","incorrect_answers":["False"]},{"category":"Entertainment: Music","type":"multiple","difficulty":"hard","question":"What is the name of the 2016 mixtape released by Venezuelan electronic producer Arca?","correct_answer":"Entra&ntilde;as","incorrect_answers":["&amp;&amp;&amp;&amp;&amp;&amp;","Sheep","Xen"]},{"category":"Entertainment: Cartoon & Animations","type":"multiple","difficulty":"easy","question":"What was the first Disney movie to use CGI?","correct_answer":"The Black Cauldron","incorrect_answers":["Tron","Toy Story","Fantasia"]},{"category":"Science & Nature","type":"multiple","difficulty":"easy","question":"What does DNA stand for?","correct_answer":"Deoxyribonucleic Acid","incorrect_answers":["Deoxyribogenetic Acid","Deoxyribogenetic Atoms","Detoxic Acid"]},{"category":"Science & Nature","type":"multiple","difficulty":"medium","question":"Which of these is NOT a part of the structure of a typical neuron?","correct_answer":"Islets of Langerhans","incorrect_answers":["Node of Ranvier","Schwann cell","Myelin sheath"]},{"category":"General Knowledge","type":"multiple","difficulty":"medium","question":"Which Italian automobile manufacturer gained majority control of U.S. automobile manufacturer Chrysler in 2011?","correct_answer":"Fiat","incorrect_answers":["Maserati","Alfa Romeo","Ferrari"]},{"category":"Science: Mathematics","type":"multiple","difficulty":"easy","question":"What prime number comes next after 19?","correct_answer":"23","incorrect_answers":["25","21","27"]},{"category":"Science: Computers","type":"multiple","difficulty":"hard","question":"Which of these names was an actual codename for a cancelled Microsoft project?","correct_answer":"Neptune","incorrect_answers":["Enceladus","Pollux","Saturn"]},{"category":"Entertainment: Japanese Anime & Manga","type":"multiple","difficulty":"easy","question":"Who is the main character with yellow hair in the anime Naruto?","correct_answer":"Naruto","incorrect_answers":["Ten Ten","Sasuke","Kakashi"]},{"category":"Entertainment: Video Games","type":"multiple","difficulty":"easy","question":"The starting pistol of the Terrorist team in a competitive match of Counter Strike: Global Offensive is what?","correct_answer":"Glock-18","incorrect_answers":["Tec-9","Desert Eagle","Dual Berretas"]},{"category":"History","type":"multiple","difficulty":"medium","question":"What is the oldest US state?","correct_answer":"Delaware","incorrect_answers":["Rhode Island","Maine","Virginia"]},{"category":"Entertainment: Video Games","type":"boolean","difficulty":"medium","question":"In the game &quot;Subnautica&quot;, a &quot;Cave Crawler&quot; will attack you.","correct_answer":"True","incorrect_answers":["False"]},{"category":"Science & Nature","type":"multiple","difficulty":"medium","question":"Which of these elements on the Periodic Table is a Noble Gas?","correct_answer":"Neon","incorrect_answers":["Potassium","Iodine","Colbalt"]},{"category":"Entertainment: Video Games","type":"multiple","difficulty":"hard","question":"In the game Danganronpa: Happy Trigger Havoc, the character Aoi Asahina&#039;s ultimate ability is what?","correct_answer":"Ultimate Swimmer","incorrect_answers":["Ultimate Detective","Ultimate Gambler","Ultimate Dancer"]},{"category":"Celebrities","type":"multiple","difficulty":"easy","question":"Which celebrity announced his presidency in 2015?","correct_answer":"Kanye West","incorrect_answers":["Donald Trump","Leonardo DiCaprio","Miley Cyrus"]},{"category":"History","type":"multiple","difficulty":"easy","question":"Which of the following countries was not an axis power during World War II?","correct_answer":" Soviet Union","incorrect_answers":["Italy","Germany","Japan"]},{"category":"Entertainment: Film","type":"multiple","difficulty":"medium","question":"In which movie does Robin Williams&#039; character have to disguise themselves into a woman?","correct_answer":"Mrs. Doubtfire","incorrect_answers":["Old Dogs","Jumanji","Awakenings"]},{"category":"Entertainment: Video Games","type":"boolean","difficulty":"hard","question":"All of these maps were in &quot;Tom Clancy&#039;s Rainbow Six Siege&quot; on its initial release: House, Clubhouse, Border, Consulate.","correct_answer":"False","incorrect_answers":["True"]},{"category":"Entertainment: Video Games","type":"multiple","difficulty":"medium","question":"Which of these games was NOT a Nintendo Switch launch title in the United States? ","correct_answer":"Voez","incorrect_answers":["Just Dance 2017","Snipperclips","Fast RMX"]},{"category":"Entertainment: Japanese Anime & Manga","type":"multiple","difficulty":"hard","question":"Which person from &quot;JoJo&#039;s Bizarre Adventure&quot; does NOT house a reference to a band, artist, or song earlier than 1980?","correct_answer":"Giorno Giovanna","incorrect_answers":["Josuke Higashikata","Jolyne Cujoh","Johnny Joestar"]},{"category":"Science & Nature","type":"multiple","difficulty":"hard","question":"Burning which of these metals will produce a bright white flame?","correct_answer":"Magnesium","incorrect_answers":["Copper","Lithium","Lead"]},{"category":"Science & Nature","type":"multiple","difficulty":"easy","question":"What animal takes part in Schr&ouml;dinger&#039;s most famous thought experiment?","correct_answer":"Cat","incorrect_answers":["Dog","Bat","Butterfly"]},{"category":"Entertainment: Video Games","type":"multiple","difficulty":"medium","question":"In &quot;Call of Duty: Zombies&quot;, what group does Doctor Maxis work for?","correct_answer":"Group 935","incorrect_answers":["Group Reanimate","Group Rezurrection","Division 9"]},{"category":"Entertainment: Music","type":"multiple","difficulty":"medium","question":"Where did the British Boy Band &quot;Bros&quot; come from?","correct_answer":"Camberley","incorrect_answers":["Guildford","Aldershot","Bagshot"]},{"category":"Entertainment: Film","type":"multiple","difficulty":"medium","question":"Which former Star Trek actor directed Three Men and a Baby (1987)?","correct_answer":"Leonard Nimoy","incorrect_answers":["William Shatner","George Takei","James Doohan"]},{"category":"Entertainment: Cartoon & Animations","type":"multiple","difficulty":"hard","question":"In the 1969 Cartoon show &quot;Dastardly and Muttley in Their Flying Machines&quot;, which were NOT one of the lyrics in the opening theme?","correct_answer":"Stab him","incorrect_answers":["Nab him","Jab him","Tab him"]},{"category":"Sports","type":"multiple","difficulty":"easy","question":"What team did England beat to win in the 1966 World Cup final?","correct_answer":"West Germany","incorrect_answers":["Soviet Union","Portugal","Brazil"]},{"category":"Entertainment: Television","type":"boolean","difficulty":"easy","question":"&quot;The Simpsons&quot; family is named after creator Matt Groening&#039;s real family.","correct_answer":"True","incorrect_answers":["False"]},{"category":"Science: Computers","type":"multiple","difficulty":"hard","question":"What major programming language does Unreal Engine 4 use?","correct_answer":"C++","incorrect_answers":["Assembly","C#","ECMAScript"]},{"category":"Entertainment: Books","type":"boolean","difficulty":"medium","question":"Originally, the character Charlie from Charlie and the Chocolate Factory was going to be black.","correct_answer":"True","incorrect_answers":["False"]},{"category":"History","type":"multiple","difficulty":"hard","question":"Which is the hull NO. of the Fletcher class destroyer Fletcher?","correct_answer":"DD-445","incorrect_answers":["DD-992","DD-444","DD-446"]},{"category":"Entertainment: Film","type":"multiple","difficulty":"medium","question":"The killer in the 1981 film &#039;My Bloody Valentine&#039; wears what sort of outfit?","correct_answer":"Mining gear","incorrect_answers":["Clown costume","Santa suit","Police uniform"]},{"category":"History","type":"multiple","difficulty":"hard","question":"What is the name of the Boeing B-29 that dropped the &#039;Little Boy&#039; atomic bomb on Hiroshima?","correct_answer":"Enola Gay","incorrect_answers":["Necessary Evil","The Great Artiste","Full House"]}]}