{"response_code":0,"results":[{"category":"Entertainment: Television","type":"multiple","difficulty":"easy","question":"Which character was played by Dustin Diamond in the sitcom &#039;Saved by the Bell&#039;?","correct_answer":"Screech","incorrect_answers":["Zack","Mr. Belding","A.C. Slater"]},{"category":"Entertainment: Film","type":"multiple","difficulty":"easy","question":"Which actress danced the twist with John Travolta in &#039;Pulp Fiction&#039;?","correct_answer":"Uma Thurman","incorrect_answers":["Kathy Griffin","Pam Grier","Bridget Fonda"]},{"category":"Entertainment: Video Games","type":"multiple","difficulty":"medium","question":"Which of these is NOT a terrorist faction in Counter-Strike (2000)?","correct_answer":"Midwest Militia","incorrect_answers":["Phoenix Connection","Elite Crew","Guerrilla Warfare"]},{"category":"Geography","type":"boolean","difficulty":"easy","question":"Greenland is almost as big as Africa.","correct_answer":"False","incorrect_answers":["True"]},{"category":"Mythology","type":"multiple","difficulty":"easy","question":"Who in Greek mythology, who led the Argonauts in search of the Golden Fleece?","correct_answer":"Jason","incorrect_answers":["Castor","Daedalus","Odysseus"]},{"category":"Entertainment: Music","type":"multiple","difficulty":"medium","question":"Which Beatle led the way across the zebra crossing on the Abbey Road album cover?","correct_answer":"John","incorrect_answers":["Paul","George","Ringo"]},{"category":"Entertainment: Music","type":"boolean","difficulty":"medium","question":"Scottish producer Calvin Harris is from the town of Dumfries, Scotland.","correct_answer":"True","incorrect_answers":["False"]},{"category":"Geography","type":"multiple","difficulty":"easy","question":"If soccer is called football in England, what is American football called in England?","correct_answer":"American football","incorrect_answers":["Combball","Handball","Touchdown"]},{"category":"Geography","type":"multiple","difficulty":"easy","question":"What is the 15th letter of the Greek alphabet?","correct_answer":"Omicron (&Omicron;)","incorrect_answers":["Sigma (&Sigma;)","Pi (&Pi;)","Nu (&Nu;)"]},{"category":"Science & Nature","type":"multiple","difficulty":"medium","question":"The &quot;Tibia&quot; is found in which part of the body?","correct_answer":"Leg","incorrect_answers":["Arm","Hand","Head"]},{"category":"Entertainment: Television","type":"multiple","difficulty":"medium","question":"Who was the star of the TV series &quot;24&quot;?","correct_answer":"Kiefer Sutherland","incorrect_answers":["Kevin Bacon","Hugh Laurie","Rob Lowe"]},{"category":"General Knowledge","type":"multiple","difficulty":"medium","question":"What was the destination of the missing flight MH370?","correct_answer":"Beijing","incorrect_answers":["Kuala Lumpur","Singapore","Tokyo"]},{"category":"Entertainment: Music","type":"multiple","difficulty":"hard","question":"What is the English title of the vaporwave track &quot;\u30ea\u30b5\u30d5\u30e9\u30f3\u30af420 \/ \u73fe\u4ee3\u306e\u30b3\u30f3\u30d4\u30e5\u30fc&quot; by Macintosh Plus (Vektroid)?","correct_answer":"Lisa Frank 420 \/ Modern Computing","incorrect_answers":["Smoke Weed 420 \/ Everyday","Make Your Move 420 \/ My Mind","It&#039;s All In Your Head 420 \/ Understand"]},{"category":"Entertainment: Video Games","type":"multiple","difficulty":"medium","question":"Which of the following characters were considered for inclusion in Super Smash Bros. Melee?","correct_answer":"Lucas","incorrect_answers":["Mega Man","Meta Knight","Diddy Kong"]},{"category":"Entertainment: Television","type":"multiple","difficulty":"easy","question":"In the show, Doctor Who, what does T.A.R.D.I.S stand for?","correct_answer":"Time And Relative Dimensions In Space","incorrect_answers":["Time And Resting Dimensions In Space","Time And Relative Dimensions In Style","Toilet Aid Rope Dog Is Soup"]},{"category":"Entertainment: Video Games","type":"multiple","difficulty":"medium","question":"Which of these is NOT a playable character race in the video game &quot;Starbound&quot;?","correct_answer":"Fenerox","incorrect_answers":["Floran","Novakid","Hylotl"]},{"category":"Science & Nature","type":"multiple","difficulty":"medium","question":"What does the yellow diamond on the NFPA 704 fire diamond represent?","correct_answer":"Reactivity","incorrect_answers":["Health","Flammability","Radioactivity"]},{"category":"Geography","type":"multiple","difficulty":"hard","question":"Fucking is a village in which country?","correct_answer":"Austria","incorrect_answers":["Germany","Switzerland","Czech Republic"]},{"category":"History","type":"multiple","difficulty":"hard","question":"What was Napoleon Bonaparte&#039;s name before he changed it?","correct_answer":"Napoleone di Buonaparte","incorrect_answers":["Naapolion van Bonijpaart","Napole&atilde;o do Boaparte","Napoleona de Buenoparte"]},{"category":"Entertainment: Video Games","type":"multiple","difficulty":"medium","question":"Who created the pump &quot;F.L.U.D.D.&quot; Mario uses in Super Mario Sunshine?","correct_answer":"Elvin Gadd","incorrect_answers":["Robert Fludd","Nirona","Crygor"]},{"category":"Entertainment: Japanese Anime & Manga","type":"multiple","difficulty":"medium","question":"What year did the anime &quot;Himouto! Umaru-chan&quot; air?","correct_answer":"2015","incorrect_answers":["2014","2012","2013"]},{"category":"Entertainment: Video Games","type":"multiple","difficulty":"hard","question":"In Halo 2, how many rounds does the M6C hold in a single magazine?","correct_answer":"12","incorrect_answers":["6","36","18"]},{"category":"Entertainment: Video Games","type":"multiple","difficulty":"hard","question":"In Animal Crossing: New Leaf, which of these paintings from Redd&#039;s Art Gallery is always genuine?","correct_answer":"Warm Painting","incorrect_answers":["Jolly Painting","Neutral Painting","Wistful Painting"]},{"category":"Entertainment: Music","type":"multiple","difficulty":"medium","question":"In what film was the Michael Jackson song &quot;Will You Be There&quot; featured?","correct_answer":"Free Willy","incorrect_answers":["Sleepless in Seattle","Men in Black","Bad Boys"]},{"category":"Entertainment: Music","type":"multiple","difficulty":"easy","question":"What was Daft Punk&#039;s first studio album?","correct_answer":"Homework","incorrect_answers":["Discovery","Random Access Memories","Human After All"]},{"category":"Entertainment: Video Games","type":"multiple","difficulty":"medium","question":"What element does the Zinogre use in Monster Hunter?","correct_answer":"Thunder","incorrect_answers":["Ice","Fire","Water"]},{"category":"Entertainment: Television","type":"multiple","difficulty":"medium","question":"In which year did the British television series &quot;The Bill&quot; end?","correct_answer":"2010","incorrect_answers":["2001","2007","2012"]},{"category":"Entertainment: Music","type":"multiple","difficulty":"medium","question":"How many copies have Metallica album &quot;Metallica&quot; (A.K.A The Black Album) sold worldwide (in Millions of Copies)?","correct_answer":"20.5","incorrect_answers":["19.5","22.5","25.5"]},{"category":"Entertainment: Music","type":"multiple","difficulty":"medium","question":"When did Tame Impala release their second album?","correct_answer":"2012","incorrect_answers":["2015","2010","1967"]},{"category":"Entertainment: Japanese Anime & Manga","type":"multiple","difficulty":"medium","question":"What year did &quot;Bishoujo Senshi Sailor Moon&quot; air in Japan?","correct_answer":"1992","incorrect_answers":["1989","1990","1994"]},{"category":"Entertainment: Japanese Anime & Manga","type":"multiple","difficulty":"medium","question":"&quot;Silhouette&quot;, a song performed by the group &#039;KANA-BOON&#039; is featured as the sixteenth opening of which anime?","correct_answer":"Naruto: Shipp\u016bden","incorrect_answers":["One Piece","Naruto","Gurren Lagann"]},{"category":"Entertainment: Video Games","type":"multiple","difficulty":"hard","question":"In &quot;Call Of Duty: Zombies&quot;, &quot;Richtofen&quot; is in possession of two filled blood vials belonging to who?","correct_answer":"Sal DeLuca and Finn O&#039;Leary","incorrect_answers":["Richtofen","Al Arlington and Sal DeLuca","Jessica Rose and Jack Vincent"]},{"category":"Science: Computers","type":"boolean","difficulty":"medium","question":"Linus Sebastian is the creator of the Linux kernel, which went on to be used in Linux, Android, and Chrome OS.","correct_answer":"False","incorrect_answers":["True"]},{"category":"Entertainment: Video Games","type":"multiple","difficulty":"medium","question":"What animal is featured in &quot;Bloons TD Battles&quot;?","correct_answer":"Monkeys","incorrect_answers":["Alligators","Pigeons","Lizards"]},{"category":"Entertainment: Television","type":"multiple","difficulty":"medium","question":"Alan Reed is known for providing the voice of which character?","correct_answer":"Fred Flintstone","incorrect_answers":["Bugs Bunny","Fangface","G.I. Joe"]},{"category":"Entertainment: Video Games","type":"multiple","difficulty":"medium","question":"Which of these characters won the Super Smash Bros. Fighter Ballot in 2015?","correct_answer":"Bayonetta","incorrect_answers":["Cloud","Ryu","Megaman"]},{"category":"Entertainment: Board Games","type":"multiple","difficulty":"medium","question":"Europa Universalis is a strategy video game based on which French board game?","correct_answer":"Europa Universalis","incorrect_answers":["Europe and the Universe","Europa!","Power in Europe"]},{"category":"Entertainment: Music","type":"boolean","difficulty":"medium","question":"Musical artist, Future, collaborated with Kendrick Lamar for the song: &quot;Mask Off&quot;.","correct_answer":"True","incorrect_answers":["False"]},{"category":"Science & Nature","type":"multiple","difficulty":"medium","question":"Which chemical element was originally known as Alabamine?","correct_answer":"Astatine","incorrect_answers":["Selenium","Antimony","Molybdenum"]},{"category":"Science: Gadgets","type":"multiple","difficulty":"easy","question":"What round is a classic AK-47 chambered in?","correct_answer":"7.62x39mm","incorrect_answers":["7.62x51mm","5.56x45mm","5.45x39mm"]},{"category":"Sports","type":"multiple","difficulty":"hard","question":"Which city features all of their professional sports teams&#039; jersey&#039;s with the same color scheme?","correct_answer":"Pittsburgh","incorrect_answers":["New York","Seattle","Tampa Bay"]},{"category":"General Knowledge","type":"boolean","difficulty":"easy","question":"Slovakia is a member of European Union-","correct_answer":"True","incorrect_answers":["False"]},{"category":"Geography","type":"multiple","difficulty":"medium","question":"How many time zones are in Russia?","correct_answer":"11","incorrect_answers":["8","5","2"]},{"category":"Science & Nature","type":"multiple","difficulty":"hard","question":"Which of these animals belongs in class Chondrichthyes?","correct_answer":"Great white shark","incorrect_answers":["Octopus","Killer whale","Catfish"]},{"category":"General Knowledge","type":"multiple","difficulty":"hard","question":"Which of the following  British Monarchs never appeared on a circulated pound sterling coin?","correct_answer":"Edward VIII","incorrect_answers":["Victoria","George VI","Charles II"]},{"category":"General Knowledge","type":"multiple","difficulty":"easy","question":"What is the famous Papa John&#039;s last name?","correct_answer":"Schnatter","incorrect_answers":["Chowder","Williams","ANDERSON"]},{"category":"Entertainment: Video Games","type":"multiple","difficulty":"easy","question":"Which of the following was a map that was in Team Fortress 2 at launch?","correct_answer":"Gravel Pit","incorrect_answers":["Hoodoo","Gold Rush","Upward"]},{"category":"Animals","type":"boolean","difficulty":"easy","question":"The freshwater amphibian, the Axolotl, can regrow it&#039;s limbs.","correct_answer":"True","incorrect_answers":["False"]},{"category":"General Knowledge","type":"multiple","difficulty":"easy","question":"Waluigi&#039;s first appearance was in what game?","correct_answer":"Mario Tennis 64 (N64)","incorrect_answers":["Wario Land: Super Mario Land 3","Mario Party (N64)","Super Smash Bros. Ultimate"]},{"category":"Entertainment: Video Games","type":"boolean","difficulty":"easy","question":"In the Monster Hunter Series, it is possible to capture Elder Dragons.","correct_answer":"False","incorrect_answers":["True"]}]}