{"response_code":0,"results":[{"category":"History","type":"multiple","difficulty":"medium","question":"What disease crippled President Franklin D. Roosevelt and led him to help the nation find a cure? ","correct_answer":"Polio","incorrect_answers":["Cancer","Meningitis","HIV"]},{"category":"Entertainment: Music","type":"multiple","difficulty":"hard","question":"Who recorded the 1975 album &#039;Captain Fantastic and the Brown Dirt Cowboy&#039;?","correct_answer":"Elton John","incorrect_answers":["John Denver","Billy Joel","Joe Cocker"]},{"category":"Geography","type":"boolean","difficulty":"easy","question":"Greenland is covered with grass and Iceland covered with ice.","correct_answer":"False","incorrect_answers":["True"]},{"category":"Sports","type":"multiple","difficulty":"easy","question":"Which team won the 2015-16 English Premier League?","correct_answer":"Leicester City","incorrect_answers":["Liverpool","Cheslea","Manchester United"]},{"category":"Animals","type":"boolean","difficulty":"easy","question":"Kangaroos keep food in their pouches next to their children.","correct_answer":"False","incorrect_answers":["True"]},{"category":"History","type":"multiple","difficulty":"medium","question":"One of the deadliest pandemics, the &quot;Spanish Flu&quot;, killed off what percentage of the human world population at the time?","correct_answer":"3 to 6 percent","incorrect_answers":["6 to 10 percent","1 to 3 percent","less than 1 percent"]},{"category":"Vehicles","type":"multiple","difficulty":"medium","question":"Complete the following analogy: Audi is to Volkswagen as Infiniti is to ?","correct_answer":"Nissan","incorrect_answers":["Honda","Hyundai","Subaru"]},{"category":"Entertainment: Video Games","type":"multiple","difficulty":"medium","question":"What is the name the location-based augmented reality game developed by Niantic before Pok&eacute;mon GO?","correct_answer":"Ingress","incorrect_answers":["Aggress","Regress","Digress"]},{"category":"Science: Computers","type":"multiple","difficulty":"hard","question":"The internet domain .fm is the country-code top-level domain for which Pacific Ocean island nation?","correct_answer":"Micronesia","incorrect_answers":["Fiji","Tuvalu","Marshall Islands"]},{"category":"Entertainment: Film","type":"multiple","difficulty":"hard","question":"What did the first moving picture depict?","correct_answer":"A galloping horse","incorrect_answers":["A woman in a dress","A man walking","A crackling fire"]},{"category":"Vehicles","type":"multiple","difficulty":"hard","question":"Which of these is NOT a car model produced by Malaysian car manufacturer Proton?","correct_answer":"Kelisa","incorrect_answers":["Saga","Perdana","Inspira"]},{"category":"Entertainment: Music","type":"multiple","difficulty":"easy","question":"What is the stage name of English female rapper Mathangi Arulpragasam, who is known for the song &quot;Paper Planes&quot;?","correct_answer":"M.I.A.","incorrect_answers":["K.I.A.","C.I.A.","A.I.A."]},{"category":"Mythology","type":"boolean","difficulty":"medium","question":"According to Norse mythology, Loki is a mother.","correct_answer":"True","incorrect_answers":["False"]},{"category":"Entertainment: Film","type":"multiple","difficulty":"easy","question":"What is the oldest Disney film?","correct_answer":"Snow White and the Seven Dwarfs","incorrect_answers":["Pinocchio","Dumbo","Fantasia"]},{"category":"Entertainment: Television","type":"multiple","difficulty":"easy","question":"Who is the main character in the show &quot;Burn Notice&quot;?","correct_answer":"Michael Westen","incorrect_answers":["Sam Axe","Fiona Glenanne","Madeline Westen"]},{"category":"Science & Nature","type":"multiple","difficulty":"easy","question":"The asteroid belt is located between which two planets?","correct_answer":"Mars and Jupiter","incorrect_answers":["Jupiter and Saturn","Mercury and Venus","Earth and Mars"]},{"category":"Science: Gadgets","type":"multiple","difficulty":"easy","question":"Which buzzword did Apple Inc. use to describe their removal of the headphone jack?","correct_answer":"Courage","incorrect_answers":["Innovation","Revolution","Bravery"]},{"category":"Entertainment: Music","type":"multiple","difficulty":"easy","question":"In an orchestra, what is the lowest member of the brass family?","correct_answer":"Tuba","incorrect_answers":["Trombone","Contrabass","Bassoon"]},{"category":"Entertainment: Video Games","type":"multiple","difficulty":"hard","question":"In Counter Strike: Global Offensive, what is the code implanted onto the C4 as the Terrorists plant the bomb?","correct_answer":"7355608","incorrect_answers":["7890728","7256380","7726354"]},{"category":"Entertainment: Video Games","type":"multiple","difficulty":"easy","question":"Which water-type Pok&eacute;mon starter was introduced in the 4th generation of the series?","correct_answer":"Piplup","incorrect_answers":["Totodile","Oshawott","Mudkip"]},{"category":"Entertainment: Music","type":"multiple","difficulty":"medium","question":"When did The Beatles release the LP &quot;Please Please Me&quot;?","correct_answer":"1963","incorrect_answers":["1970","1960","1969"]},{"category":"Entertainment: Video Games","type":"multiple","difficulty":"medium","question":"What is the first primary weapon the player gets in &quot;PAYDAY: The Heist&quot;?","correct_answer":"AMCAR-4","incorrect_answers":["Brenner 21","Reinbeck","M308"]},{"category":"Entertainment: Music","type":"multiple","difficulty":"easy","question":"Who was featured in the song &quot;Words&quot; by Feint? ","correct_answer":"Laura Brehm","incorrect_answers":["Anna Yvette ","Danyka Nadeau","Veela"]},{"category":"General Knowledge","type":"multiple","difficulty":"easy","question":"Which restaurant&#039;s mascot is a clown?","correct_answer":"McDonald&#039;s","incorrect_answers":["Whataburger","Burger King","Sonic"]},{"category":"Celebrities","type":"multiple","difficulty":"medium","question":"How much weight did Chris Pratt lose for his role as Star-Lord in &quot;Guardians of the Galaxy&quot;?","correct_answer":"60 lbs","incorrect_answers":["30 lbs","50 lbs","70 lbs"]},{"category":"Entertainment: Video Games","type":"multiple","difficulty":"easy","question":"Which Kirby game first introduced Copy Abilities?","correct_answer":"Kirby&#039;s Adventure","incorrect_answers":["Kirby Super Star","Kirby&#039;s Dream Land 2","Kirby&#039;s Dream Land"]},{"category":"Entertainment: Books","type":"multiple","difficulty":"easy","question":"What is the name of Sherlock Holmes&#039;s brother?","correct_answer":"Mycroft Holmes","incorrect_answers":["Mederi Holmes","Martin Holmes","Herbie Hancock Holmes"]},{"category":"History","type":"multiple","difficulty":"medium","question":"In what year did Kentucky become the 15th state to join the union?","correct_answer":"1792","incorrect_answers":["1782","1798","1788"]},{"category":"Animals","type":"boolean","difficulty":"easy","question":"The Killer Whale is considered a type of dolphin.","correct_answer":"True","incorrect_answers":["False"]},{"category":"Science & Nature","type":"boolean","difficulty":"easy","question":"An average human can go two weeks without water.","correct_answer":"False","incorrect_answers":["True"]},{"category":"Entertainment: Video Games","type":"multiple","difficulty":"medium","question":"How much did the indie game &quot;Cave Story&quot; cost when it was first released in 2004?","correct_answer":"$0 USD","incorrect_answers":["$5 USD","$10 USD","$15 USD"]},{"category":"Art","type":"boolean","difficulty":"easy","question":"Leonardo da Vinci was not the creator of the Mona Lisa.","correct_answer":"False","incorrect_answers":["True"]},{"category":"Entertainment: Film","type":"multiple","difficulty":"hard","question":"In what year did Clint Eastwood star as Inspector Harry Callahan in the film &quot;Dirty Harry&quot;?","correct_answer":"1971","incorrect_answers":["1975","1983","1969"]},{"category":"Sports","type":"multiple","difficulty":"medium","question":"Who won the 2015 College Football Playoff (CFP) National Championship? ","correct_answer":"Ohio State Buckeyes","incorrect_answers":["Alabama Crimson Tide","Clemson Tigers","Wisconsin Badgers"]},{"category":"Entertainment: Video Games","type":"multiple","difficulty":"medium","question":"Which character does the player play as in the video game &quot;Bastion&quot;?","correct_answer":"The Kid","incorrect_answers":["Rucks","Zulf","Zia"]},{"category":"Mythology","type":"boolean","difficulty":"hard","question":"Janus was the Roman god of doorways and passageways.","correct_answer":"True","incorrect_answers":["False"]},{"category":"General Knowledge","type":"multiple","difficulty":"medium","question":"What is the currency of Poland?","correct_answer":"Z\u0142oty","incorrect_answers":["Ruble","Euro","Krone"]},{"category":"Entertainment: Film","type":"multiple","difficulty":"hard","question":"Which sci-fi cult films plot concerns aliens attempting to prevent humans from creating a doomsday weapon?","correct_answer":"Plan 9 from Outer Space","incorrect_answers":["The Man from Planet X","It Came from Outer Space","The Day The Earth Stood Still"]},{"category":"Art","type":"boolean","difficulty":"medium","question":"Venus of Willendorf is one of the earliest works of art, depicting the planets Mars and Venus embrace in the heavens at night.","correct_answer":"False","incorrect_answers":["True"]},{"category":"General Knowledge","type":"multiple","difficulty":"hard","question":"Located in Chile, El Teniente is the world&#039;s largest underground mine for what metal?","correct_answer":"Copper","incorrect_answers":["Iron","Nickel","Silver"]},{"category":"Entertainment: Video Games","type":"multiple","difficulty":"easy","question":"Which Final Fantasy game consisted of a female-only cast of party members?","correct_answer":"Final Fantasy X-2","incorrect_answers":["Final Fantasy IX","Final Fantasy V","Final Fantasy XIII-2"]},{"category":"General Knowledge","type":"multiple","difficulty":"hard","question":"Which of these cities does NOT have a United States Minting location?","correct_answer":"St. Louis, MO","incorrect_answers":["San Fransisco, CA","Philidelphia, PA","West Point, NY"]},{"category":"Entertainment: Music","type":"multiple","difficulty":"medium","question":"What was the name of the Wu-Tang Clan album Martin Shkreli bought for $2 million dollars?","correct_answer":"Once Upon a Time in Shaolin","incorrect_answers":["A Better Tomorrow","8 Diagrams","The Saga Continues"]},{"category":"Entertainment: Books","type":"multiple","difficulty":"medium","question":"Which of the following is not a work authored by Fyodor Dostoevsky?","correct_answer":"Anna Karenina","incorrect_answers":["Notes from the Underground","Crime and Punishment","The Brothers Karamazov"]},{"category":"Sports","type":"multiple","difficulty":"medium","question":"Which NBA player has the most games played over the course of their career?","correct_answer":"Robert Parish","incorrect_answers":["Kareem Abdul-Jabbar","Kevin Garnett","Kobe Bryant"]},{"category":"Entertainment: Japanese Anime & Manga","type":"boolean","difficulty":"hard","question":"The protagonist in &quot;Humanity Has Declined&quot; has no discernable name and is simply referred to as &#039;I&#039; for most of the series.","correct_answer":"True","incorrect_answers":["False"]},{"category":"Entertainment: Video Games","type":"multiple","difficulty":"easy","question":"How many obsidian blocks are required to build a nether portal in Minecraft?","correct_answer":"10","incorrect_answers":["14","13","16"]},{"category":"General Knowledge","type":"multiple","difficulty":"medium","question":"What are the three starter Pokemon available in Pokemon Black and White?","correct_answer":"Snivy, Tepig, Oshawott","incorrect_answers":["Snivy, Fennekin, Froakie","Chespin, Tepig, Froakie","Chespin, Fennekin, Oshawott"]},{"category":"History","type":"multiple","difficulty":"easy","question":"What country joined the EU in 2013?","correct_answer":"Croatia","incorrect_answers":["Bulgaria","Slovenia","Turkey"]},{"category":"Entertainment: Video Games","type":"multiple","difficulty":"medium","question":"In the Mario series, which game introduced Mario&#039;s Backflip ability?","correct_answer":"Donkey Kong (Gameboy)","incorrect_answers":["Super Mario 64","Super Mario 3D Land","Super Mario Galaxy"]}]}