{"response_code":0,"results":[{"category":"Entertainment: Film","type":"multiple","difficulty":"easy","question":"Which movie released in 2016 features Superman and Batman fighting?","correct_answer":"Batman v Superman: Dawn of Justice","incorrect_answers":["Batman v Superman: Superapocalypse","Batman v Superman: Black of Knight","Batman v Superman: Knightfall"]},{"category":"Science & Nature","type":"multiple","difficulty":"hard","question":"Which is the chemical name of H2O?","correct_answer":"Dihydrogen Monoxide","incorrect_answers":["Ammonium chloride","Anhydrous Sodium Carbonate","Manganese dioxide"]},{"category":"Entertainment: Television","type":"multiple","difficulty":"easy","question":"Who played Agent Fox Mulder in the TV sci-fi drama &quot;The X-Files&quot;?","correct_answer":"David Duchovny","incorrect_answers":["Gillian Anderson","Robert Patrick","Mitch Pileggi"]},{"category":"Entertainment: Japanese Anime & Manga","type":"multiple","difficulty":"medium","question":"In the anime &quot;Mr. Osomatsu&quot;, how many brothers does Osomatsu-san have?","correct_answer":"5","incorrect_answers":["6","7","4"]},{"category":"Entertainment: Music","type":"multiple","difficulty":"medium","question":"Which popular rock band has a one-armed drummer?","correct_answer":"Def Leppard","incorrect_answers":["The Beatles","Lynyrd Skynyrd","Foreigner"]},{"category":"Geography","type":"multiple","difficulty":"easy","question":"What colour is the circle on the Japanese flag?","correct_answer":"Red","incorrect_answers":["White","Yellow","Black"]},{"category":"Science: Computers","type":"multiple","difficulty":"easy","question":"The series of the Intel HD graphics generation succeeding that of the 5000 and 6000 series (Broadwell) is called:","correct_answer":"HD Graphics 500","incorrect_answers":["HD Graphics 700 ","HD Graphics 600","HD Graphics 7000"]},{"category":"General Knowledge","type":"boolean","difficulty":"medium","question":"There are 86400 seconds in a day.","correct_answer":"True","incorrect_answers":["False"]},{"category":"Entertainment: Video Games","type":"multiple","difficulty":"medium","question":"Where was the Sniper character in Team Fortress 2 born?","correct_answer":"New Zealand","incorrect_answers":["South Africa","Antarctica","Australia"]},{"category":"History","type":"multiple","difficulty":"medium","question":"When was &quot;The Gadget&quot;, the first nuclear device to be detonated, tested?","correct_answer":"July 16, 1945","incorrect_answers":["June 22, 1945","August 6, 1945","April 5, 1945"]},{"category":"Politics","type":"multiple","difficulty":"medium","question":"Due to the Nagoya Resolution, China agreed to allow Taiwan to compete separately in international sporting events under what name?","correct_answer":"Chinese Taipei","incorrect_answers":["Chinese Taiwan","Republic of Taiwan","Republic of Taipei "]},{"category":"Entertainment: Music","type":"multiple","difficulty":"hard","question":"Which band is the longest active band in the world with no breaks or line-up changes?","correct_answer":"U2","incorrect_answers":["Radiohead","Rush","Rolling Stones"]},{"category":"General Knowledge","type":"multiple","difficulty":"hard","question":"What is the romanized Arabic word for &quot;moon&quot;?","correct_answer":"Qamar","incorrect_answers":["Najma","Kawkab","Shams"]},{"category":"Geography","type":"multiple","difficulty":"hard","question":"How many countries border Kyrgyzstan?","correct_answer":"4","incorrect_answers":["3","1","6"]},{"category":"Animals","type":"multiple","difficulty":"hard","question":"What is the scientific name of the Budgerigar?","correct_answer":"Melopsittacus undulatus","incorrect_answers":["Nymphicus hollandicus","Pyrrhura molinae","Ara macao"]},{"category":"General Knowledge","type":"multiple","difficulty":"medium","question":"The term &quot;scientist&quot; was coined in which year?","correct_answer":"1833","incorrect_answers":["1933","1942","1796"]},{"category":"Science: Computers","type":"multiple","difficulty":"medium","question":"In the server hosting industry IaaS stands for...","correct_answer":"Infrastructure as a Service","incorrect_answers":["Internet as a Service","Internet and a Server","Infrastructure as a Server"]},{"category":"Entertainment: Video Games","type":"multiple","difficulty":"easy","question":"TF2: What code does Soldier put into the door keypad in &quot;Meet the Spy&quot;?","correct_answer":"1111","incorrect_answers":["1432","1337","No code"]},{"category":"Science & Nature","type":"boolean","difficulty":"medium","question":"Centripedal force is an apparent force that acts outward on a body moving around a center, arising from the body&#039;s inertia.","correct_answer":"False","incorrect_answers":["True"]},{"category":"Art","type":"multiple","difficulty":"medium","question":"Which one of these paintings is not by Caspar David Friedrich?","correct_answer":"The Black Sea","incorrect_answers":["The Sea of Ice","Wanderer above the Sea of Fog","The Monk by the Sea"]},{"category":"Entertainment: Music","type":"multiple","difficulty":"easy","question":"Sting, the lead vocalist of The Police, primarily plays what instrument?","correct_answer":"Bass Guitar","incorrect_answers":["Drums","Guitar","Keyboards"]},{"category":"Mythology","type":"multiple","difficulty":"medium","question":"In Greek Mythology, who killed Achilles?","correct_answer":"Paris","incorrect_answers":["Hector","Helen","Pericles"]},{"category":"History","type":"multiple","difficulty":"easy","question":"What was the first sport to have been played on the moon?","correct_answer":"Golf","incorrect_answers":["Football","Tennis","Soccer"]},{"category":"Entertainment: Music","type":"boolean","difficulty":"medium","question":"&quot;Twenty One Pilots&quot; made the song &quot;The Motion&quot; featuring Sampha.","correct_answer":"False","incorrect_answers":["True"]},{"category":"Entertainment: Music","type":"multiple","difficulty":"easy","question":"Which Nirvana album had a naked baby on the cover?","correct_answer":"Nevermind","incorrect_answers":["Bleach","In Utero","Incesticide"]},{"category":"Entertainment: Books","type":"multiple","difficulty":"hard","question":"Where does the book &quot;The Silence of the Lambs&quot; get its title from?","correct_answer":"The main character&#039;s trauma in childhood","incorrect_answers":["The relation it has with killing the innocents","The villain&#039;s favourite meal","The voice of innocent people being shut by the powerful"]},{"category":"Politics","type":"multiple","difficulty":"easy","question":"According to the United States Constitution, how old must a person be to be elected President of the United States?","correct_answer":"35","incorrect_answers":["30","40","45"]},{"category":"Entertainment: Music","type":"multiple","difficulty":"hard","question":"What is the name of the song by Beyonc&eacute; and Alejandro Fern&aacute;ndez released in 2007?","correct_answer":"Amor Gitano","incorrect_answers":["La ultima vez","Rocket","Hasta Dondes Estes"]},{"category":"Entertainment: Video Games","type":"multiple","difficulty":"easy","question":"Who turns out to be the true victor in the Battle of Armageddon in Mortal Kombat?","correct_answer":"Shao Kahn","incorrect_answers":["Liu Kang","Shang Tsung","Raiden"]},{"category":"Entertainment: Television","type":"multiple","difficulty":"easy","question":"Which show is known for the songs &quot;You are a Pirate&quot;, &quot;Cooking by the Book&quot; and &quot;We Are Number One&quot;?","correct_answer":"LazyTown","incorrect_answers":["Sofia the First","DuckTales","Tom and Jerry"]},{"category":"Entertainment: Video Games","type":"multiple","difficulty":"medium","question":"What video game genre were the original Warcraft games?","correct_answer":"RTS (Real Time Strategy)","incorrect_answers":["RPG (Role Playing Game)","TBS (Turn Based Strategy)","MMO (Massively Multiplayer Online)"]},{"category":"Entertainment: Video Games","type":"multiple","difficulty":"medium","question":"When was the game &quot;Roblox&quot; released?","correct_answer":"2006","incorrect_answers":["2003","2002","2007"]},{"category":"Geography","type":"multiple","difficulty":"medium","question":"What city  has the busiest airport in the world?","correct_answer":"Atlanta, Georgia USA","incorrect_answers":["London, England","Chicago,Illinois ISA","Tokyo,Japan"]},{"category":"Entertainment: Television","type":"boolean","difficulty":"hard","question":"The Klingon home planet is Qo&#039;noS.","correct_answer":"True","incorrect_answers":["False"]},{"category":"Entertainment: Japanese Anime & Manga","type":"multiple","difficulty":"hard","question":"Which one of these characters is from &quot;Legendz : Tale of the Dragon Kings&quot;?","correct_answer":"Shiron","incorrect_answers":["Jack","Axia","Drum"]},{"category":"Politics","type":"multiple","difficulty":"medium","question":"Before 2016, in which other year did Donald Trump run for President?","correct_answer":"2000","incorrect_answers":["2012","1988","2008"]},{"category":"Science & Nature","type":"multiple","difficulty":"medium","question":"In Psychology, which need appears highest in the &quot;Maslow&#039;s hierarchy of needs&quot; pyramid?","correct_answer":"Esteem","incorrect_answers":["Love","Safety","Physiological"]},{"category":"General Knowledge","type":"boolean","difficulty":"easy","question":"Scotland voted to become an independent country during the referendum from September 2014.","correct_answer":"False","incorrect_answers":["True"]},{"category":"Science: Mathematics","type":"multiple","difficulty":"easy","question":"What is the correct order of operations for solving equations?","correct_answer":"Parentheses, Exponents, Multiplication, Division, Addition, Subtraction","incorrect_answers":["Addition, Multiplication, Division, Subtraction, Addition, Parentheses","Parentheses, Exponents, Addition, Substraction, Multiplication, Division","The order in which the operations are written."]},{"category":"Science & Nature","type":"multiple","difficulty":"medium","question":"What part of the brain takes its name from the Greek for seahorse?","correct_answer":"Hippocampus","incorrect_answers":["Cerebellum","Thalamus","Amygdala"]},{"category":"Entertainment: Board Games","type":"multiple","difficulty":"hard","question":"In Magic: The Gathering, what card&#039;s flavor text is &quot;Catch!&quot;?","correct_answer":"Lava Axe","incorrect_answers":["Stone-Throwing Devils","Ember Shot","Throwing Knife"]},{"category":"Entertainment: Video Games","type":"multiple","difficulty":"medium","question":"Which of the following was not developed by Bethesda?","correct_answer":"Fallout: New Vegas","incorrect_answers":["Fallout 3","The Elder Scrolls V: Skyrim","Fallout 4"]},{"category":"General Knowledge","type":"multiple","difficulty":"easy","question":"Terry Gilliam was an animator that worked with which British comedy group?","correct_answer":"Monty Python","incorrect_answers":["The Goodies&lrm;","The League of Gentlemen&lrm;","The Penny Dreadfuls"]},{"category":"Entertainment: Music","type":"boolean","difficulty":"easy","question":"John Williams composed the music for &quot;Star Wars&quot;.","correct_answer":"True","incorrect_answers":["False"]},{"category":"Entertainment: Television","type":"multiple","difficulty":"hard","question":"What was the UK &quot;Who Wants to be a Millionaire?&quot; cheating scandal known as?","correct_answer":"Major Fraud","incorrect_answers":["Ingram Cheater","Coughing Major","Millionaire Crime"]},{"category":"Sports","type":"boolean","difficulty":"easy","question":"There are a total of 20 races in Formula One 2016 season.","correct_answer":"False","incorrect_answers":["True"]},{"category":"Science & Nature","type":"multiple","difficulty":"medium","question":"Which color cannot be produced in Roses, even through genetic alteration?","correct_answer":"Blue","incorrect_answers":["Black","Orange","Brown"]},{"category":"Politics","type":"multiple","difficulty":"medium","question":"What are the first names of the first father and son pair that were both Prime Ministers of Canada?","correct_answer":"Justin and Pierre","incorrect_answers":["John and Louis","Brian and Justin","Brian and Pierre"]},{"category":"Geography","type":"multiple","difficulty":"medium","question":"The Pyrenees mountains are located on the border of which two countries?","correct_answer":"France and Spain","incorrect_answers":["Italy and Switzerland","Norway and Sweden","Russia and Ukraine"]},{"category":"Entertainment: Video Games","type":"multiple","difficulty":"medium","question":"Who is Sora&#039;s Nobody in Kingdom Hearts?","correct_answer":"Roxas","incorrect_answers":["Riku","Kairi","Mickey"]}]}