{"response_code":0,"results":[{"category":"General Knowledge","type":"multiple","difficulty":"medium","question":"This field is sometimes known as &ldquo;The Dismal Science.&rdquo;","correct_answer":"Economics","incorrect_answers":["Philosophy","Politics","Physics"]},{"category":"Entertainment: Film","type":"multiple","difficulty":"medium","question":"Which 1958 movie starred Kirk Douglas and Tony Curtis as half-brothers Einar and Eric?","correct_answer":"The Vikings ","incorrect_answers":["The Long Ships","Prince Valiant","Spartacus"]},{"category":"Entertainment: Video Games","type":"multiple","difficulty":"hard","question":"What is the name of the virus that infected New York in Tom Clancy&#039;s The Division?","correct_answer":"Dollar Flu","incorrect_answers":["Ebola","Red Poison","Smallpox"]},{"category":"Science & Nature","type":"multiple","difficulty":"easy","question":"What name is given to all baby marsupials?","correct_answer":"Joey","incorrect_answers":["Calf","Pup","Cub"]},{"category":"Entertainment: Film","type":"multiple","difficulty":"medium","question":"Velma Kelly and Roxie Hart are the protagonists of which Oscar winning movie?","correct_answer":"Chicago","incorrect_answers":["Dreamgirls","Cabaret","All That Jazz"]},{"category":"Science & Nature","type":"boolean","difficulty":"medium","question":"The &quot;Gympie Stinger&quot; is the deadliest plant in the world.","correct_answer":"False","incorrect_answers":["True"]},{"category":"Entertainment: Music","type":"multiple","difficulty":"easy","question":"How many members are there in the band Nirvana?","correct_answer":"Three","incorrect_answers":["Two","Four","Five"]},{"category":"Entertainment: Board Games","type":"multiple","difficulty":"medium","question":"At the start of a standard game of the Monopoly, if you throw a double six, which square would you land on?","correct_answer":"Electric Company","incorrect_answers":["Water Works","Chance","Community Chest"]},{"category":"Geography","type":"multiple","difficulty":"medium","question":"Kuala Lumpur is the capital of which country?","correct_answer":"Malaysia","incorrect_answers":["Indonesia","Singapore","Thailand"]},{"category":"Entertainment: Music","type":"multiple","difficulty":"hard","question":"Which member of the English band &quot;The xx&quot; released their solo album &quot;In Colour&quot; in 2015?","correct_answer":"Jamie xx","incorrect_answers":["Romy Madley Croft","Oliver Sim","Baria Qureshi"]},{"category":"Entertainment: Video Games","type":"multiple","difficulty":"easy","question":"Which of these is NOT a main playable character in &quot;Grand Theft Auto V&quot;?","correct_answer":"Lamar","incorrect_answers":["Trevor","Michael","Franklin"]},{"category":"Geography","type":"multiple","difficulty":"medium","question":"Which of the following language families is the most controversial amongst modern linguists?","correct_answer":"Altaic","incorrect_answers":["Sino-Tibetan","Dravidian","Indo-European"]},{"category":"Art","type":"multiple","difficulty":"hard","question":"Albrecht D&uuml;rer&#039;s birthplace and place of death were in...","correct_answer":"N&uuml;rnberg","incorrect_answers":["Augsburg","Bamberg","Berlin"]},{"category":"Science & Nature","type":"multiple","difficulty":"hard","question":"What is the scientific name of the knee cap?","correct_answer":"Patella","incorrect_answers":["Femur","Foramen Magnum","Scapula"]},{"category":"Entertainment: Japanese Anime & Manga","type":"boolean","difficulty":"medium","question":"The animated film &quot;Spirited Away&quot; won the Academy Award for Best Animated Feature at the 75th Academy Awards in 2003.","correct_answer":"True","incorrect_answers":["False"]},{"category":"Entertainment: Music","type":"multiple","difficulty":"hard","question":"Who won the 1989 Drum Corps International championships?","correct_answer":"Santa Clara Vanguard","incorrect_answers":["Blue Devils","The Academy","The Bluecoats"]},{"category":"Geography","type":"multiple","difficulty":"easy","question":"Which of the following Arab countries does NOT have a flag containing only Pan-Arab colours?","correct_answer":"Qatar","incorrect_answers":["Kuwait","United Arab Emirates","Jordan"]},{"category":"Sports","type":"boolean","difficulty":"medium","question":"Tennis was once known as Racquetball.","correct_answer":"False","incorrect_answers":["True"]},{"category":"Science: Computers","type":"multiple","difficulty":"easy","question":"How many kilobytes in one gigabyte (in decimal)?","correct_answer":"1000000","incorrect_answers":["1024","1000","1048576"]},{"category":"History","type":"multiple","difficulty":"hard","question":"When was the SS or Schutzstaffel established?","correct_answer":"April 4th, 1925","incorrect_answers":["September 1st, 1941","March 8th, 1935","February 21st, 1926"]},{"category":"Entertainment: Video Games","type":"multiple","difficulty":"medium","question":"In &quot;Overwatch,&quot; what is the hero McCree&#039;s full name?","correct_answer":"Jesse McCree","incorrect_answers":["Jack &quot;McCree&quot; Morrison","Gabriel Reyes","Jamison &quot;Deadeye&quot; Fawkes"]},{"category":"Entertainment: Film","type":"multiple","difficulty":"hard","question":"In what Disney movie can you spot the character &quot;Pac-Man&quot; in if you look closely enough in some scenes?","correct_answer":"Tron","incorrect_answers":["Big Hero 6","Fantasia","Monsters, Inc."]},{"category":"Entertainment: Video Games","type":"multiple","difficulty":"medium","question":"In the beta version of the 1986 game &quot;The Legend of Zelda&quot;, players have the choice between a sword and what other item?","correct_answer":"Boomerang ","incorrect_answers":["Spear","Slingshot","Crossbow"]},{"category":"Entertainment: Film","type":"multiple","difficulty":"medium","question":"What is the name of the villian in the 2015 Russian-American Sci-Fi Movie &quot;Hardcore Henry&quot;?","correct_answer":"Akan","incorrect_answers":["Estelle","Jimmy","Henry"]},{"category":"Entertainment: Cartoon & Animations","type":"multiple","difficulty":"medium","question":"What Cartoon Network show aired its first episode on November 4th, 2013?","correct_answer":"Steven Universe","incorrect_answers":["Regular Show","Adventure Time","The Amazing World of Gumball"]},{"category":"Entertainment: Video Games","type":"multiple","difficulty":"medium","question":"Which company made the Japanese RPG &quot;Dragon Quest&quot;?","correct_answer":"Square Enix","incorrect_answers":["Capcom","Konami","Blizzard"]},{"category":"Entertainment: Books","type":"multiple","difficulty":"hard","question":"The novel &quot;Jane Eyre&quot; was written by what author? ","correct_answer":"Charlotte Bront&euml;","incorrect_answers":["Emily Bront&euml;","Jane Austen","Louisa May Alcott"]},{"category":"Entertainment: Music","type":"multiple","difficulty":"medium","question":"What is the real name of Canadian electronic music producer deadmau5?","correct_answer":"Joel Zimmerman","incorrect_answers":["Sonny Moore","Adam Richard Wiles","Thomas Wesley Pentz"]},{"category":"Entertainment: Japanese Anime & Manga","type":"multiple","difficulty":"easy","question":"In &quot;Future Diary&quot;, what is the name of Yuno Gasai&#039;s Phone Diary?","correct_answer":"Yukiteru Diary","incorrect_answers":["Murder Diary","Escape Diary ","Justice Diary "]},{"category":"Entertainment: Japanese Anime & Manga","type":"multiple","difficulty":"easy","question":"In the anime Black Butler, who is betrothed to be married to Ciel Phantomhive?","correct_answer":"Elizabeth Midford","incorrect_answers":["Rachel Phantomhive","Alexis Leon Midford","Angelina Dalles"]},{"category":"Entertainment: Video Games","type":"multiple","difficulty":"easy","question":"How many flagship monsters appear in Monster Hunter Gernerations?","correct_answer":"4","incorrect_answers":["1","2","3"]},{"category":"Science & Nature","type":"multiple","difficulty":"easy","question":"71% of the Earth&#039;s surface is made up of","correct_answer":"Water","incorrect_answers":["Deserts","Continents","Forests"]},{"category":"Entertainment: Comics","type":"multiple","difficulty":"hard","question":"In what year did the first &quot;The Walking Dead&quot; comic come out?","correct_answer":"2003","incorrect_answers":["2001","2006","1999"]},{"category":"Entertainment: Video Games","type":"multiple","difficulty":"hard","question":"In Super Smash Bros. for Nintendo 3DS and Nintendo Wii U, who was the sixth fighter to be added to the game post-launch?","correct_answer":"Corrin","incorrect_answers":["Cloud","Bayonnetta","Ryu"]},{"category":"Entertainment: Video Games","type":"multiple","difficulty":"hard","question":"How many voice channels does the Nintendo Entertainment System support natively?","correct_answer":"5","incorrect_answers":["4","6","3"]},{"category":"Entertainment: Music","type":"boolean","difficulty":"medium","question":"Pink Guy&#039;s debut album was &quot;Pink Season&quot;.","correct_answer":"False","incorrect_answers":["True"]},{"category":"Science: Computers","type":"multiple","difficulty":"easy","question":"This mobile OS held the largest market share in 2012.","correct_answer":"iOS","incorrect_answers":["Android","BlackBerry","Symbian"]},{"category":"Entertainment: Video Games","type":"multiple","difficulty":"medium","question":"What was the #1 selling game on Steam by revenue in 2016?","correct_answer":"Sid Meier&#039;s Civilization VI","incorrect_answers":["Grand Theft Auto V","Counter Strike: Global Offensive","Dark Souls III"]},{"category":"Entertainment: Video Games","type":"multiple","difficulty":"medium","question":"Toby Fox&#039;s &quot;Megalovania&quot; was first used where?","correct_answer":"Radiation&#039;s Earthbound Halloween Hack","incorrect_answers":["Homestuck: [S] Wake","Undertale","Mother: Cognitive Dissonance"]},{"category":"Entertainment: Board Games","type":"multiple","difficulty":"medium","question":"In &quot;Magic: The Gathering&quot;, during the design for Planar Chaos, what color did the developers think of adding in as the sixth color?","correct_answer":"Purple","incorrect_answers":["Brown","Pink","Orange"]},{"category":"Entertainment: Film","type":"multiple","difficulty":"easy","question":"What is the name of the fictional retro-mod band starring Austin Powers as the lead vocalist?","correct_answer":"Ming Tea","incorrect_answers":["Cough Fi","Spear Mint","Mister E"]},{"category":"Entertainment: Video Games","type":"multiple","difficulty":"medium","question":"In &quot;Kingdom Hearts&quot;, who abducts Jasmine in the Lamp Chamber?","correct_answer":"Riku","incorrect_answers":["Riku Replica","Xaldin","Captain Hook"]},{"category":"Entertainment: Video Games","type":"multiple","difficulty":"medium","question":"In Fallout: New Vegas, upon starting each one of the four campaign DLCs, which one of them does not have a warning screen\/recommended level? ","correct_answer":"Honest Hearts ","incorrect_answers":["Old World Blues","Lonesome Road","Dead Money"]},{"category":"Entertainment: Video Games","type":"multiple","difficulty":"medium","question":"In Call of Duty: Modern Warfare 2, how many consecutive kills does it require to earn the &quot;Tactical Nuke&quot; killstreak?","correct_answer":"25","incorrect_answers":["20","30","35"]},{"category":"Entertainment: Video Games","type":"multiple","difficulty":"easy","question":"What is the name of the adventurer you meet at the mines in Stardew Valley?","correct_answer":"Marlon","incorrect_answers":["Marnie","Morris","Marvin"]},{"category":"Vehicles","type":"multiple","difficulty":"easy","question":"What country was the Trabant 601 manufactured in?","correct_answer":"East Germany","incorrect_answers":["Soviet Union","Hungary","France"]},{"category":"Sports","type":"multiple","difficulty":"hard","question":"The Mazda 787B won the 24 Hours of Le Mans in what year?","correct_answer":"1991","incorrect_answers":["1990","2000","1987"]},{"category":"Art","type":"multiple","difficulty":"easy","question":"Who painted the biblical fresco The Creation of Adam?","correct_answer":"Michelangelo","incorrect_answers":["Leonardo da Vinci","Caravaggio","Rembrandt"]},{"category":"Sports","type":"multiple","difficulty":"hard","question":"Which English football team is nicknamed &#039;The Tigers&#039;?","correct_answer":"Hull City","incorrect_answers":["Cardiff City","Bristol City","Manchester City"]},{"category":"Entertainment: Comics","type":"multiple","difficulty":"medium","question":"In the Hellboy universe, who founded the BPRD?","correct_answer":"Trevor Bruttenholm","incorrect_answers":["Kate Corrigan","Johann Kraus","Benjamin Daimio"]}]}