{"response_code":0,"results":[{"category":"Entertainment: Television","type":"multiple","difficulty":"medium","question":"In the Doctor Who universe, how many times can a time lord normally regenerate?","correct_answer":"12","incorrect_answers":["11","13","15"]},{"category":"Entertainment: Video Games","type":"multiple","difficulty":"medium","question":"What was the code name for the &quot;Nintendo Gamecube&quot;?","correct_answer":"Dolphin","incorrect_answers":["Nitro","Revolution","Atlantis"]},{"category":"Entertainment: Music","type":"multiple","difficulty":"easy","question":"Who had a 1969 top 5 hit with the song,  &#039;A Boy Named Sue&#039;?","correct_answer":"Johnny Cash","incorrect_answers":["Bob Dylan","Willie Nelson","Kris Kristofferson"]},{"category":"Entertainment: Video Games","type":"boolean","difficulty":"easy","question":"English new wave musician Gary Numan founded the video game development company Facepunch Studios in March 2009.","correct_answer":"False","incorrect_answers":["True"]},{"category":"Entertainment: Television","type":"multiple","difficulty":"easy","question":"Who is the star of the AMC series Breaking Bad?","correct_answer":"Walter White","incorrect_answers":["Saul Goodman","Jesse Pinkman","Skyler White"]},{"category":"Geography","type":"boolean","difficulty":"easy","question":"Vatican City is a country.","correct_answer":"True","incorrect_answers":["False"]},{"category":"Entertainment: Music","type":"multiple","difficulty":"easy","question":"Who is the lead singer of the band Coldplay?","correct_answer":"Chris Martin","incorrect_answers":["Chris Isaak","Chris Wallace","Chris Connelly"]},{"category":"Entertainment: Video Games","type":"multiple","difficulty":"medium","question":"Which video game earned music composer Mike Morasky the most awards for his work?","correct_answer":"Portal 2","incorrect_answers":["Left 4 Dead 2","Team Fortress 2","Counter-Strike: Global Offensive"]},{"category":"Entertainment: Video Games","type":"multiple","difficulty":"medium","question":"Which of the following is NOT an official game in Nintendo&#039;s Super Smash Bros. series?","correct_answer":"Super Smash Bros. Crusade","incorrect_answers":["Super Smash Bros. Melee","Super Smash Bros. Brawl","Super Smash Bros. for Nintendo 3DS and Wii U"]},{"category":"Geography","type":"multiple","difficulty":"medium","question":"The land of Gotland is located in which European country?","correct_answer":"Sweden","incorrect_answers":["Denmark","Norway","Germany"]},{"category":"History","type":"multiple","difficulty":"easy","question":"The original Roman alphabet lacked the following letters EXCEPT:","correct_answer":"X","incorrect_answers":["W","U","J"]},{"category":"Geography","type":"multiple","difficulty":"hard","question":"In 2012 the German-speaking microstate &quot;Liechtenstein&quot; in Central Europe had a population of how many inhabitants?","correct_answer":"36,600","incorrect_answers":["2,400","90,000","323,400"]},{"category":"Entertainment: Video Games","type":"multiple","difficulty":"medium","question":"What was the first &quot;Team Fortress 2&quot; update to include a war?","correct_answer":"Sniper vs. Spy Update","incorrect_answers":["WAR! Update","Meet Your Match Update","Spy Vs. Engineer Update"]},{"category":"Entertainment: Video Games","type":"multiple","difficulty":"easy","question":"Pok&eacute;mon Go is a location-based augmented reality game developed and published by which company?","correct_answer":"Niantic","incorrect_answers":["Rovio","Zynga","Supercell"]},{"category":"Geography","type":"boolean","difficulty":"medium","question":"The Southeast Asian island of Borneo is politically divided among 3 countries.","correct_answer":"True","incorrect_answers":["False"]},{"category":"Entertainment: Video Games","type":"multiple","difficulty":"medium","question":"What is the name of the final boss in Turok: Dinosaur Hunter?","correct_answer":"The Campaigner","incorrect_answers":["The Primagen","Oblivion","Lord Tyrannus"]},{"category":"Geography","type":"multiple","difficulty":"easy","question":"Which US state has the highest population?","correct_answer":"California","incorrect_answers":["New York","Texas","Florida"]},{"category":"Entertainment: Video Games","type":"multiple","difficulty":"hard","question":"What device allows Tracer to manipulate her own time in the game &quot;Overwatch&quot;?","correct_answer":"Chronal Accelerator","incorrect_answers":["B.L.I.N.K","Spacial Displacement Manipulator","TMD (Time Manipulation Device)"]},{"category":"Entertainment: Video Games","type":"boolean","difficulty":"medium","question":"In &quot;Team Fortress 2&quot;, the &quot;Bill&#039;s Hat&quot; is a reference to the game &quot;Dota 2&quot;.","correct_answer":"False","incorrect_answers":["True"]},{"category":"History","type":"multiple","difficulty":"medium","question":"When did the Battle of the Bulge end?","correct_answer":"January 25, 1945","incorrect_answers":["August 6, 1945","December 7, 1941","December 16, 1944"]},{"category":"Entertainment: Japanese Anime & Manga","type":"multiple","difficulty":"medium","question":"The main protagonist of the fourth part of JoJo&#039;s Bizarre Adventure is which of the following?","correct_answer":"Josuke Higashikata","incorrect_answers":["Yoshikage kira","Koichi Hirose","Joey JoJo"]},{"category":"Entertainment: Music","type":"multiple","difficulty":"medium","question":"Pink Floyd made this song for their previous lead singer Syd Barrett.","correct_answer":"Shine On You Crazy Diamond","incorrect_answers":["Wish You Were Here","Have A Cigar","Welcome to the Machine"]},{"category":"Entertainment: Musicals & Theatres","type":"multiple","difficulty":"easy","question":"In Shakespeare&#039;s play Julius Caesar, Caesar&#039;s last words were...","correct_answer":"Et tu, Brute? ","incorrect_answers":["Iacta alea est!","Vidi, vini, vici.","Aegri somnia vana."]},{"category":"Science & Nature","type":"multiple","difficulty":"medium","question":"After which Danish city is the 72th element on the periodic table named?","correct_answer":"Copenhagen","incorrect_answers":["Odense","Herning","Skagen"]},{"category":"Sports","type":"multiple","difficulty":"hard","question":"Which Italian footballer told Neuer where he&#039;s putting his shot and dragging it wide, during the match Italy-Germany, UEFA EURO 2016?","correct_answer":"Pelle","incorrect_answers":["Insigne","Barzagli","Giaccherini"]},{"category":"Science & Nature","type":"multiple","difficulty":"medium","question":"What stage of development do the majority of eukaryotic cells remain in for most of their life?","correct_answer":"Interphase","incorrect_answers":["Prophase","Stasis","Telophase"]},{"category":"Entertainment: Musicals & Theatres","type":"multiple","difficulty":"easy","question":"How many plays is Shakespeare generally considered to have written?","correct_answer":"37","incorrect_answers":["18","54","25"]},{"category":"Sports","type":"boolean","difficulty":"easy","question":"Roger Federer is a famous soccer player.","correct_answer":"False","incorrect_answers":["True"]},{"category":"Science: Computers","type":"multiple","difficulty":"hard","question":"Who is the original author of the realtime physics engine called PhysX?","correct_answer":"NovodeX","incorrect_answers":["Ageia","Nvidia","AMD"]},{"category":"Animals","type":"multiple","difficulty":"medium","question":"Which of these species is not extinct?","correct_answer":"Komodo dragon","incorrect_answers":["Japanese sea lion","Tasmanian tiger","Saudi gazelle"]},{"category":"History","type":"multiple","difficulty":"easy","question":"Who was the first prime minister of Canada?","correct_answer":"John Macdonald","incorrect_answers":["John Abbott","Alexander Mackenzie","Robert Borden"]},{"category":"Entertainment: Musicals & Theatres","type":"multiple","difficulty":"easy","question":"&quot;Doctor Who&quot; star David Tennant performed in a rendition of which Shakespearean play?","correct_answer":"Hamlet","incorrect_answers":["The Tempest","Othello","The Taming of the Shrew"]},{"category":"History","type":"multiple","difficulty":"medium","question":"What was the name of one of the surviving palaces of Henry VIII located near Richmond, London?","correct_answer":"Hampton Court","incorrect_answers":["St James&#039;s Palace","Buckingham Palace","Coughton Court"]},{"category":"Geography","type":"multiple","difficulty":"medium","question":"In the 2016 Global Peace Index poll, out of 163 countries, what was the United States of America ranked?","correct_answer":"103","incorrect_answers":["10","59","79"]},{"category":"Vehicles","type":"multiple","difficulty":"easy","question":"The LS7 engine is how many cubic inches?","correct_answer":"427","incorrect_answers":["346","364","376"]},{"category":"Entertainment: Japanese Anime & Manga","type":"multiple","difficulty":"hard","question":"In &quot;One Piece&quot;, who confirms the existence of the legendary treasure, One Piece?","correct_answer":"Edward &quot;Whitebeard&quot; Newgate","incorrect_answers":["Former Marine Fleet Admiral Sengoku","Pirate King Gol D Roger","Silvers Rayleigh"]},{"category":"Entertainment: Japanese Anime & Manga","type":"multiple","difficulty":"medium","question":"In &quot;Toriko&quot;, which of the following foods is knowingly compatible with Toriko?","correct_answer":"Poison Potato","incorrect_answers":["Mors Oil","Alpacookie","Parmesansho Fruit"]},{"category":"Entertainment: Japanese Anime & Manga","type":"multiple","difficulty":"medium","question":"Who voices &quot;Shou Suzuki&quot; in the English dub of &quot;Mob Psycho 100&quot;?","correct_answer":"Casey Mongillo","incorrect_answers":["Ben Diskin","Chris Niosi","David Naughton"]},{"category":"Entertainment: Video Games","type":"multiple","difficulty":"medium","question":"What is the name of the first boss the player encounters in the 2017 game, &quot;Little Nightmares&quot;?","correct_answer":"The Janitor","incorrect_answers":["The Warden","The Caretaker","The Overseer"]},{"category":"History","type":"multiple","difficulty":"hard","question":"What did the abbreviation &quot;RMS&quot; stand for in the RMS Titanic in 1912?","correct_answer":"Royal Mail Ship","incorrect_answers":["Royal Majesty Service","Regular Maritime Schedule ","Regulated Maelstrom Sensor"]},{"category":"Entertainment: Video Games","type":"multiple","difficulty":"medium","question":"In &quot;Resident Evil 2&quot;, what is Leon Kennedy&#039;s middle name?","correct_answer":"Scott","incorrect_answers":["Shaun","Simon","Sam"]},{"category":"History","type":"multiple","difficulty":"hard","question":"From 1940 to 1942, what was the capital-in-exile of Free France ?","correct_answer":"Brazzaville","incorrect_answers":["Algiers","Paris","Tunis"]},{"category":"Science: Computers","type":"multiple","difficulty":"easy","question":"How long is an IPv6 address?","correct_answer":"128 bits","incorrect_answers":["32 bits","64 bits","128 bytes"]},{"category":"Science & Nature","type":"multiple","difficulty":"medium","question":"The medial meniscus forms which part of what joint in the human body?","correct_answer":"Knee","incorrect_answers":["Elbow","Ankle","Shoulder"]},{"category":"Vehicles","type":"multiple","difficulty":"hard","question":"What car manufacturer gave away their patent for the seat-belt in the interest of saving lives?","correct_answer":"Volvo","incorrect_answers":["Ferrari","Ford","Renault"]},{"category":"Entertainment: Video Games","type":"multiple","difficulty":"easy","question":"Which of the following is a class in the game &quot;Hearthstone&quot;?","correct_answer":"Priest","incorrect_answers":["Sage","Cleric","Monk"]},{"category":"General Knowledge","type":"multiple","difficulty":"easy","question":"Which of the following blood component forms a plug at the site of injuries?","correct_answer":"Platelets","incorrect_answers":["Red blood cells","White blood cells","Blood plasma"]},{"category":"Science & Nature","type":"multiple","difficulty":"medium","question":"When the Falcon Heavy was launched on it&#039;s test flight, what was the only part of the operation that failed?","correct_answer":"Center Core Landing","incorrect_answers":["Side Booster Landing","Deployment of Starman","Ignition and Liftoff"]},{"category":"General Knowledge","type":"multiple","difficulty":"easy","question":"What is the official language of Brazil?","correct_answer":"Portugese","incorrect_answers":["Brazilian","Spanish","English"]},{"category":"Entertainment: Video Games","type":"multiple","difficulty":"hard","question":"In the Mario Kart series, which game introduced the &quot;Shield Drifting&quot; mechanic?","correct_answer":"Mario Kart Arcade GP DX","incorrect_answers":["Mario Kart: Double Dash","Mario Kart Super Circuit","Mario Kart DS"]}]}