{"response_code":0,"results":[{"category":"Entertainment: Books","type":"multiple","difficulty":"easy","question":"Who wrote &quot;Harry Potter&quot;?","correct_answer":"J.K. Rowling","incorrect_answers":["J.R.R. Tolkien","Terry Pratchett","Daniel Radcliffe"]},{"category":"Sports","type":"multiple","difficulty":"medium","question":"Which of these teams isn&#039;t a member of the NHL&#039;s &quot;Original Six&quot; era?","correct_answer":"Philadelphia Flyers","incorrect_answers":["New York Rangers","Toronto Maple Leafs","Boston Bruins"]},{"category":"Geography","type":"multiple","difficulty":"medium","question":"Which state of the United States is the smallest?","correct_answer":"Rhode Island ","incorrect_answers":["Maine","Vermont","Massachusetts"]},{"category":"Geography","type":"multiple","difficulty":"easy","question":"What state is the largest state of the United States of America?","correct_answer":"Alaska","incorrect_answers":["California","Texas","Washington"]},{"category":"Entertainment: Video Games","type":"multiple","difficulty":"easy","question":"Which of these is a type of monster found in Minecraft?","correct_answer":"Skeleton","incorrect_answers":["Werewolf","Vampire","Minotaur"]},{"category":"Science: Computers","type":"multiple","difficulty":"easy","question":"What does GHz stand for?","correct_answer":"Gigahertz","incorrect_answers":["Gigahotz","Gigahetz","Gigahatz"]},{"category":"Entertainment: Music","type":"multiple","difficulty":"medium","question":"Saul Hudson (Slash) of the band Guns N&#039; Roses is known for playing what type of guitar?","correct_answer":"Les Paul Standard","incorrect_answers":["Fender Stratocaster","LsL Mongrel","Gretsch Falcon"]},{"category":"History","type":"multiple","difficulty":"hard","question":"What was the name of the spy ring that helped the United States win the Revolutionary War?","correct_answer":"Culper Ring","incorrect_answers":["New York Spy Ring","Washington&#039;s Spies","Unnamed"]},{"category":"Entertainment: Books","type":"multiple","difficulty":"hard","question":"Abel Magwitch is a character from which Charles Dickens novel?","correct_answer":"Great Expectations","incorrect_answers":["The Pickwick Papers","Nicholas Nickleby","Oliver Twist"]},{"category":"General Knowledge","type":"multiple","difficulty":"medium","question":"Which of these companies does NOT manufacture automobiles?","correct_answer":"Ducati","incorrect_answers":["Nissan","GMC","Fiat"]},{"category":"Animals","type":"multiple","difficulty":"hard","question":"What is the scientific name of the cheetah?","correct_answer":"Acinonyx jubatus","incorrect_answers":["Panthera onca","Lynx rufus","Felis catus"]},{"category":"Entertainment: Video Games","type":"multiple","difficulty":"easy","question":"Which Mario spin-off game did Waluigi make his debut?","correct_answer":"Mario Tennis","incorrect_answers":["Mario Party 3","Mario Kart: Double Dash!!","Mario Golf: Toadstool Tour"]},{"category":"Art","type":"boolean","difficulty":"medium","question":"Pablo Picasso is one of the founding fathers of &quot;Cubism.&quot;","correct_answer":"True","incorrect_answers":["False"]},{"category":"Entertainment: Film","type":"multiple","difficulty":"medium","question":"The 1939 movie &quot;The Wizard of Oz&quot; contained a horse that changed color, what material did they use to achieve this effect?","correct_answer":"Gelatin","incorrect_answers":["Dye","Paint","CGI Effect"]},{"category":"Entertainment: Television","type":"multiple","difficulty":"easy","question":"How many seasons did &quot;Stargate SG-1&quot; have?","correct_answer":"10","incorrect_answers":["3","7","12"]},{"category":"Mythology","type":"boolean","difficulty":"hard","question":"Rannamaari was a sea demon that haunted the people of the Maldives and had to be appeased monthly with the sacrifice of a virgin girl.","correct_answer":"True","incorrect_answers":["False"]},{"category":"Geography","type":"multiple","difficulty":"hard","question":"The Hunua Ranges is located in...","correct_answer":"New Zealand","incorrect_answers":["Nepal","China","Mexico"]},{"category":"History","type":"multiple","difficulty":"medium","question":"Which WWII tank ace is credited with having destroyed the most tanks?","correct_answer":"Kurt Knispel","incorrect_answers":["Michael Wittmann","Walter Kniep","Otto Carius"]},{"category":"Entertainment: Japanese Anime & Manga","type":"boolean","difficulty":"easy","question":"In Pok&eacute;mon, Ash&#039;s Pikachu refuses to go into a pokeball.","correct_answer":"True","incorrect_answers":["False"]},{"category":"Entertainment: Film","type":"multiple","difficulty":"easy","question":"In &quot;Jurassic World&quot;, what is the name of the dinosaur that is a genetic hybrid?","correct_answer":"Indominus Rex","incorrect_answers":["Mosasaurus","Pteranodon","Tyrannosaurus Rex "]},{"category":"Vehicles","type":"multiple","difficulty":"hard","question":"What engine is in the Lexus SC400?","correct_answer":"1UZ-FE","incorrect_answers":["2JZ-GTE","7M-GTE","5M-GE"]},{"category":"Science: Computers","type":"boolean","difficulty":"hard","question":"The IBM PC used an Intel 8008 microprocessor clocked at 4.77 MHz and 8 kilobytes of memory.","correct_answer":"False","incorrect_answers":["True"]},{"category":"Entertainment: Television","type":"multiple","difficulty":"medium","question":"In &quot;The Big Bang Theory&quot;, what is Howard Wolowitz&#039;s nickname in World of Warcraft?","correct_answer":"Wolowizard","incorrect_answers":["Sheldor","Rajesh","Priya"]},{"category":"Entertainment: Video Games","type":"multiple","difficulty":"easy","question":"Which &quot;Fallout: New Vegas&quot; quest is NOT named after a real-life song?","correct_answer":"They Went That-a-Way","incorrect_answers":["Come Fly With Me","Ain&#039;t That a Kick in the Head","Ring-a-Ding Ding"]},{"category":"Entertainment: Video Games","type":"multiple","difficulty":"easy","question":"Who is the main protagonist in Danganronpa 2: Goodbye Despair?","correct_answer":"Hajime Hinata","incorrect_answers":["Nagito Komaeda","Makoto Naegi","Junko Enoshima"]},{"category":"Sports","type":"multiple","difficulty":"medium","question":"Which portuguese island is soccer player Cristiano Ronaldo from?","correct_answer":"Madeira","incorrect_answers":["Terceira","Santa Maria","Porto Santo"]},{"category":"Entertainment: Video Games","type":"multiple","difficulty":"hard","question":"In the &quot;Halo&quot; series, what is the name of the race of aliens humans refer to as &quot;Grunts&quot;?","correct_answer":"Unggoy","incorrect_answers":["Huragok","Sangheili","Yanme&#039;e"]},{"category":"Entertainment: Television","type":"multiple","difficulty":"medium","question":"What breed of dog is &quot;Scooby Doo&quot;?","correct_answer":"Great Dane","incorrect_answers":["Pit bull","Boxer","Doberman Pinscher"]},{"category":"Sports","type":"multiple","difficulty":"medium","question":"Who won the &quot;Champions League&quot; in 1999?","correct_answer":"Manchester United","incorrect_answers":["Barcelona","Bayern Munich","Liverpool"]},{"category":"Entertainment: Video Games","type":"multiple","difficulty":"hard","question":"In the &quot;Ace Attorney&quot; series, who was the truly responsible of the forging of the autopsy report of the pivotal IS-7 incident?","correct_answer":"Bansai Ichiyanagi","incorrect_answers":["Manfred Von Karma","Gregory Edgeworth","Tateyuki Shigaraki"]},{"category":"Entertainment: Video Games","type":"multiple","difficulty":"medium","question":"What is the full name of the protagonist from the indie adventure game &quot;Night in the Woods&quot;?","correct_answer":"Margaret Borowski","incorrect_answers":["Marlena Woborski","Milena Catharina","Katia Managan"]},{"category":"Entertainment: Video Games","type":"boolean","difficulty":"easy","question":"The game &quot;Pocket Morty&quot; has a Morty called &quot;Pocket Mortys Morty&quot;?","correct_answer":"True","incorrect_answers":["False"]},{"category":"Science: Mathematics","type":"boolean","difficulty":"easy","question":"The sum of any two odd integers is odd.","correct_answer":"False","incorrect_answers":["True"]},{"category":"Entertainment: Japanese Anime & Manga","type":"multiple","difficulty":"medium","question":"In the &quot;Re:Zero&quot; manga series, which of the following Sin Archbishops eats Rem&#039;s existence?","correct_answer":"Ley Batenkaitos","incorrect_answers":["Roy Alphard","Petelgeuse Romanee-Conti","Louis Arneb"]},{"category":"Entertainment: Comics","type":"multiple","difficulty":"hard","question":"When Batman trolls the online chat rooms, what alias does he use?","correct_answer":"JonDoe297","incorrect_answers":["iAmBatman","BWayne13","BW1129"]},{"category":"Entertainment: Television","type":"multiple","difficulty":"medium","question":"&quot;The A Team&quot; first aired in the USA and in the UK in what year?","correct_answer":"1983","incorrect_answers":["1981","1985","1987"]},{"category":"Politics","type":"multiple","difficulty":"easy","question":"Which former US president was nicknamed &quot;Teddy&quot; after he refused to shoot a defenseless black bear?","correct_answer":"Theodore Roosevelt","incorrect_answers":["Woodrow Wilson","James F. Fielder","Andrew Jackson"]},{"category":"General Knowledge","type":"multiple","difficulty":"easy","question":"When someone is cowardly, they are said to have what color belly?","correct_answer":"Yellow","incorrect_answers":["Green","Red","Blue"]},{"category":"Entertainment: Music","type":"multiple","difficulty":"medium","question":"Which member of the British pop group &quot;The Spice Girls&quot; was known as Ginger Spice?","correct_answer":"Geri Halliwell","incorrect_answers":["Melanie Brown","Emma Bunton","Victoria Beckham"]},{"category":"Entertainment: Music","type":"multiple","difficulty":"medium","question":"What was Bon Iver&#039;s debut album released in 2007?","correct_answer":"For Emma, Forever Ago","incorrect_answers":["Bon Iver, Bon Iver","22, A Million","Blood Bank EP"]},{"category":"Entertainment: Music","type":"multiple","difficulty":"medium","question":"What song on ScHoolboy Q&#039;s album Black Face LP featured Kanye West?","correct_answer":"THat Part","incorrect_answers":["Neva CHange","Big Body","Blank Face"]},{"category":"Sports","type":"multiple","difficulty":"medium","question":"Which Formula 1 driver switched teams in the middle of the 2017 season?","correct_answer":"Carlos Sainz Jr.","incorrect_answers":["Daniil Kvyat","Jolyon Palmer","Rio Haryanto"]},{"category":"Science & Nature","type":"multiple","difficulty":"hard","question":"What was the first organic compound to be synthesized from inorganic compounds?","correct_answer":"Urea","incorrect_answers":["Propane","Ethanol","Formaldehyde"]},{"category":"Sports","type":"multiple","difficulty":"medium","question":"What country hosted the 2014 Winter Olympics?","correct_answer":"Russia","incorrect_answers":["Canada","United States","Germany"]},{"category":"General Knowledge","type":"multiple","difficulty":"medium","question":"Frank Lloyd Wright was the architect behind what famous building?","correct_answer":"The Guggenheim","incorrect_answers":["Villa Savoye","Sydney Opera House","The Space Needle"]},{"category":"Entertainment: Music","type":"multiple","difficulty":"medium","question":"What was The Velvet Underground&#039;s first album called?","correct_answer":"The Velvet Underground &amp; Nico","incorrect_answers":["Loaded","The Velvet Underground","White Light \/ White Heat"]},{"category":"Entertainment: Film","type":"multiple","difficulty":"easy","question":"Who plays Jack Burton in the movie &quot;Big Trouble in Little China?&quot;","correct_answer":"Kurt Russell","incorrect_answers":["Patrick Swayze","John Cusack","Harrison Ford"]},{"category":"Entertainment: Japanese Anime & Manga","type":"multiple","difficulty":"hard","question":"In the first episode of Yu-Gi-Oh: Duel Monsters, what book is Seto Kaiba seen reading at Domino High School?","correct_answer":"Thus Spoke Zarathustra","incorrect_answers":["Beyond Good and Evil","The Republic","Meditations"]},{"category":"Geography","type":"multiple","difficulty":"easy","question":"Greenland is a part of which kingdom?","correct_answer":"Denmark","incorrect_answers":["Sweden","Norway","United Kingdom"]},{"category":"General Knowledge","type":"multiple","difficulty":"easy","question":"What airline was the owner of the plane that crashed off the coast of Nova Scotia in 1998?","correct_answer":"Swiss Air","incorrect_answers":["Air France","British Airways","TWA"]}]}