{"response_code":0,"results":[{"category":"Science & Nature","type":"multiple","difficulty":"hard","question":"What is considered the rarist form of color blindness?","correct_answer":"Blue","incorrect_answers":["Red","Green","Purple"]},{"category":"Entertainment: Television","type":"multiple","difficulty":"easy","question":"In the TV show &quot;Cheers&quot;, Sam Malone was a former relief pitcher for which baseball team?","correct_answer":"Boston Red Sox","incorrect_answers":["New York Mets","Baltimore Orioles","Milwaukee Brewers"]},{"category":"Entertainment: Video Games","type":"multiple","difficulty":"medium","question":"Who was the mascot of SEGA before &quot;Sonic the Hedgehog&quot;?","correct_answer":"Alex Kidd","incorrect_answers":["Opa Opa","NiGHTS","Ristar"]},{"category":"Entertainment: Film","type":"multiple","difficulty":"medium","question":"Who voiced the character Draco in the 1996 movie &#039;DragonHeart&#039;?","correct_answer":"Sean Connery","incorrect_answers":["Dennis Quaid","Pete Postlethwaite","Brian Thompson"]},{"category":"Science: Computers","type":"multiple","difficulty":"easy","question":"When Gmail first launched, how much storage did it provide for your email?","correct_answer":"1GB","incorrect_answers":["512MB","5GB","Unlimited"]},{"category":"Entertainment: Video Games","type":"multiple","difficulty":"hard","question":"Which one of the following titles by Valve is not based on a Community Mod?","correct_answer":"Ricochet","incorrect_answers":["Day of Defeat","Counter-Strike","Alien Swarm"]},{"category":"Entertainment: Television","type":"multiple","difficulty":"easy","question":"In the original Star Trek TV series, what was Captain James T. Kirk&#039;s middle name?","correct_answer":"Tiberius","incorrect_answers":["Trevor","Travis","Tyrone"]},{"category":"Vehicles","type":"multiple","difficulty":"medium","question":"Which of the following passenger jets is the longest?","correct_answer":"Boeing 747-8","incorrect_answers":["Airbus A350-1000","Airbus A330-200","Boeing 787-10"]},{"category":"Entertainment: Video Games","type":"boolean","difficulty":"hard","question":"In the game &quot;Melty Blood Actress Again Current Code&quot;, you can enter Blood Heat mode in Half Moon style.","correct_answer":"False","incorrect_answers":["True"]},{"category":"History","type":"multiple","difficulty":"easy","question":"The collapse of the Soviet Union took place in which year?","correct_answer":"1991","incorrect_answers":["1992","1891","1990"]},{"category":"Geography","type":"multiple","difficulty":"medium","question":"The Japanese district Akihabara is also known by what nickname?","correct_answer":"Electric Town","incorrect_answers":["Moon Walk River","Otaku Central ","Big Eyes"]},{"category":"Celebrities","type":"multiple","difficulty":"medium","question":"Which of these people is NOT a part of the Internet comedy group Mega64?","correct_answer":"Jon Jafari","incorrect_answers":["Rocco Botte","Derrick Acosta","Shawn Chatfield"]},{"category":"Entertainment: Video Games","type":"multiple","difficulty":"hard","question":"In the game Nuclear Throne, what organization chases the player character throughout the game?","correct_answer":"The I.D.P.D","incorrect_answers":["The Fishmen","The Bandits","The Y.V.G.G"]},{"category":"Entertainment: Video Games","type":"multiple","difficulty":"easy","question":"What is Gabe Newell&#039;s favorite class in Team Fortress 2?","correct_answer":"Spy","incorrect_answers":["Heavy","Medic","Pyro"]},{"category":"Politics","type":"boolean","difficulty":"easy","question":"Russia passed a law in 2013 which outlaws telling children that homosexuals exist.","correct_answer":"True","incorrect_answers":["False"]},{"category":"Entertainment: Books","type":"multiple","difficulty":"easy","question":"What&#039;s Harry Potter&#039;s dad&#039;s name?","correct_answer":"James Potter","incorrect_answers":["Joey Potter","Frank Potter","Hairy Potter Sr."]},{"category":"Entertainment: Video Games","type":"multiple","difficulty":"medium","question":"In Need For Speed Most Wanted (2005), what do you drive at the beginning of the career mode?","correct_answer":"BMW M3 GTR","incorrect_answers":["Porsche 911 Turbo","Nissan 240SX","Ford Mustang"]},{"category":"Entertainment: Video Games","type":"multiple","difficulty":"hard","question":"How long was the World Record Speed Run of Valve Software&#039;s &quot;Half-Life&quot; that was done in 2014.","correct_answer":"20 Minutes, 41 Seconds","incorrect_answers":["45 Minutes, 32 Seconds","5 Minutes, 50 Seconds","12 Minutes, 59 Seconds"]},{"category":"Entertainment: Music","type":"multiple","difficulty":"medium","question":"The song &quot;Feel Good Inc.&quot; by British band Gorillaz features which hip hop group?","correct_answer":"De La Soul","incorrect_answers":["Public Enemy","OutKast","Cypress Hill"]},{"category":"History","type":"multiple","difficulty":"medium","question":"What nationality was sultan Saladin?","correct_answer":"Kurdish","incorrect_answers":["Arab","Egyptian","Syrian"]},{"category":"Science & Nature","type":"multiple","difficulty":"hard","question":"The core of the Sun can reach which temperature?","correct_answer":"27&deg; Million F (15&deg; Million C)","incorrect_answers":["938,000&deg; F (521093.3&deg; C)","8&deg; Billion F (&deg;4.4 Billion C)","Absolute Zero (Both F and C)"]},{"category":"Entertainment: Board Games","type":"multiple","difficulty":"easy","question":"Which one of these is not a real game in the Dungeons &amp; Dragons series?","correct_answer":"Extreme Dungeons &amp; Dragons","incorrect_answers":["Advanced Dungeons &amp; Dragons","Dungeons &amp; Dragons 3.5th edition","Advanced Dungeons &amp; Dragons 2nd edition"]},{"category":"Entertainment: Comics","type":"multiple","difficulty":"easy","question":"Which universe crossover was introduced in the &quot;Sonic the Hedgehog&quot; comic issue #247?","correct_answer":"Mega Man","incorrect_answers":["Super Mario Brothers","Alex Kidd","Super Monkey Ball"]},{"category":"Entertainment: Video Games","type":"multiple","difficulty":"hard","question":"In World of Warcraft lore, which of the following is known as the God of Spiders in the troll&#039;s loa beliefs?","correct_answer":"Elortha no Shadra","incorrect_answers":["Bwonsamdi","Hakkar","Shirvallah"]},{"category":"Geography","type":"boolean","difficulty":"medium","question":"Japan has left-hand side traffic.","correct_answer":"True","incorrect_answers":["False"]},{"category":"Science: Mathematics","type":"boolean","difficulty":"medium","question":"E = MC3","correct_answer":"False","incorrect_answers":["True"]},{"category":"Sports","type":"multiple","difficulty":"easy","question":"What year did the New Orleans Saints win the Super Bowl?","correct_answer":"2010","incorrect_answers":["2008","2009","2011"]},{"category":"Geography","type":"boolean","difficulty":"medium","question":"Norway has a larger land area than Sweden.","correct_answer":"False","incorrect_answers":["True"]},{"category":"History","type":"multiple","difficulty":"easy","question":"Who was among those killed in the 2010 Smolensk, Russia plane crash tragedy?","correct_answer":"The Polish President","incorrect_answers":["Pope John Paul II","Bang-Ding Ow","Albert Putin"]},{"category":"Entertainment: Video Games","type":"multiple","difficulty":"hard","question":"Which character from the Mega Man series made a small cameo on Volt Catfish&#039;s introduction scene in CD versions of Mega Man X3?","correct_answer":"Auto","incorrect_answers":["Eddie","Tango","Rush"]},{"category":"Geography","type":"boolean","difficulty":"easy","question":"Tokyo is the capital of Japan.","correct_answer":"True","incorrect_answers":["False"]},{"category":"Vehicles","type":"multiple","difficulty":"medium","question":"Which car manufacturer created the &quot;Aventador&quot;?","correct_answer":"Lamborghini","incorrect_answers":["Ferrari","Pagani","Bugatti"]},{"category":"Entertainment: Comics","type":"multiple","difficulty":"hard","question":"In the &quot;Archie&quot; comics, who was Jughead&#039;s first girlfriend?","correct_answer":"Joani","incorrect_answers":["Ethel","Debbi","Margret"]},{"category":"Entertainment: Video Games","type":"multiple","difficulty":"hard","question":"Which game in the &quot;Dark Souls&quot; series does the player play as the &quot;Ashen One&quot;?","correct_answer":"Dark Souls III","incorrect_answers":["Dark Souls I","Bloodborne","Demon Souls"]},{"category":"Entertainment: Video Games","type":"multiple","difficulty":"hard","question":"In the &quot;Call Of Duty: Zombies&quot; map &quot;Origins&quot;, where is &quot;Stamin-Up&quot; located?","correct_answer":"Generator 5","incorrect_answers":["Generator 3","Generator 4","Excavation Site"]},{"category":"Entertainment: Film","type":"multiple","difficulty":"hard","question":"Before &quot;Jurassic Park III&quot; was finalized and the Spinosaurus was chosen, which dinosaur was going to be the star?","correct_answer":"Baryonyx","incorrect_answers":["Tyrannosaurus Rex","Velociraptor","Suchomimus"]},{"category":"Entertainment: Board Games","type":"multiple","difficulty":"hard","question":"What is the most challenging monster in the Dungeons &amp; Dragons 5th Edition Monster Manual?","correct_answer":"Tarrasque","incorrect_answers":["Beholder","Displacer Beast","Lich"]},{"category":"Entertainment: Video Games","type":"multiple","difficulty":"medium","question":"Which pop singer was brought in by SEGA to produce the music for &quot;Sonic the Hedgehog 3&quot;?","correct_answer":"Michael Jackson ","incorrect_answers":["Prince","George Michael","Vanilla Ice "]},{"category":"Entertainment: Cartoon & Animations","type":"boolean","difficulty":"medium","question":"Snagglepuss was part of the Yogi Yahooies in the 1977 show Scooby&#039;s All-Star Laff-a-Lympics.","correct_answer":"False","incorrect_answers":["True"]},{"category":"Mythology","type":"multiple","difficulty":"medium","question":"According to Japanese folklore, what is the favorite food of the Kappa.","correct_answer":"Cucumbers","incorrect_answers":["Kabocha","Nasu","Soba"]},{"category":"Entertainment: Television","type":"multiple","difficulty":"easy","question":"What was the name of the teenage witch played by Melisa Joan Hart who lives with her witch aunts Hilda and Zelda?","correct_answer":"Sabrina","incorrect_answers":["Hermione","Dorothy","Dahlia"]},{"category":"Entertainment: Music","type":"multiple","difficulty":"medium","question":"Which novelty band was best known for their UK chart hits &quot;Combine Harvester&quot; and &quot;I Am a Cider Drinker&quot; in 1976?","correct_answer":"The Wurzels","incorrect_answers":["Goldie Lookin Chain","Bonzo Dog Doo-Dah Band","The Firm"]},{"category":"Animals","type":"multiple","difficulty":"medium","question":"What is the collective noun for rats?","correct_answer":"Mischief","incorrect_answers":["Pack","Race","Drift"]},{"category":"Entertainment: Video Games","type":"boolean","difficulty":"medium","question":"During pre-production of &quot;Super Mario Bros.&quot;, Mario originally was meant to shoot bullets.","correct_answer":"True","incorrect_answers":["False"]},{"category":"Entertainment: Video Games","type":"boolean","difficulty":"easy","question":"Doki Doki Literature Club was developed in Japan.","correct_answer":"False","incorrect_answers":["True"]},{"category":"Entertainment: Music","type":"multiple","difficulty":"easy","question":"The Rush song &quot;YYZ&quot; derives its name from the IATA aiport identification code for which city?","correct_answer":"Toronto","incorrect_answers":["Vancouver","Ottawa","Calgary"]},{"category":"History","type":"multiple","difficulty":"medium","question":"The Panama Canal was finished under the administration of which U.S. president?","correct_answer":"Woodrow Wilson","incorrect_answers":["Franklin Delano Roosevelt","Herbert Hoover","Theodore Roosevelt"]},{"category":"Science & Nature","type":"multiple","difficulty":"medium","question":"Which of the following is NOT a passive electrical component?","correct_answer":"Transistor","incorrect_answers":["Resistor","Capacitor","Inductor"]},{"category":"Entertainment: Video Games","type":"multiple","difficulty":"easy","question":"In the game Sonic Forces, which of the following was not from a previous game?","correct_answer":"Infinite","incorrect_answers":["Metal Sonic","Zavoc","Chaos"]},{"category":"Entertainment: Music","type":"multiple","difficulty":"medium","question":"Which Beatle wrote and sang the song &quot;Why Don&#039;t We Do It in the Road&quot; after being inspired by seeing two monkeys copulating in the street?","correct_answer":"Paul","incorrect_answers":["John","George","Ringo"]}]}