{"response_code":0,"results":[{"category":"Animals","type":"boolean","difficulty":"easy","question":"The Axolotl is an amphibian that can spend its whole life in a larval state.","correct_answer":"True","incorrect_answers":["False"]},{"category":"Entertainment: Video Games","type":"multiple","difficulty":"medium","question":"What&#039;s the famous line Vaas says in &quot;Far Cry 3&quot;?","correct_answer":"Did I ever tell you the definition of Insanity?","incorrect_answers":["Have I failed to entertain you?","You&#039;re my b*tch!","Maybe your best course...would be to tread lightly."]},{"category":"General Knowledge","type":"multiple","difficulty":"easy","question":"In the video-game franchise Kingdom Hearts, the main protagonist, carries a weapon with what shape?","correct_answer":"Key","incorrect_answers":["Sword","Pen","Cellphone"]},{"category":"Entertainment: Japanese Anime & Manga","type":"multiple","difficulty":"medium","question":"What is the name of the main character of the anime &quot;One-Punch Man&quot;?","correct_answer":"Saitama","incorrect_answers":["Genos","Sonic","King"]},{"category":"History","type":"multiple","difficulty":"easy","question":"Which one of these tanks was designed and operated by the United Kingdom?","correct_answer":"Tog II","incorrect_answers":["M4 Sherman","Tiger H1","T-34"]},{"category":"Entertainment: Japanese Anime & Manga","type":"boolean","difficulty":"easy","question":"Studio Ghibli is a Japanese animation studio responsible for the films &quot;Wolf Children&quot; and &quot;The Boy and the Beast&quot;.","correct_answer":"False","incorrect_answers":["True"]},{"category":"Science & Nature","type":"multiple","difficulty":"easy","question":"What is the primary addictive substance found in tobacco?","correct_answer":"Nicotine","incorrect_answers":["Cathinone","Ephedrine","Glaucine"]},{"category":"Entertainment: Music","type":"multiple","difficulty":"medium","question":"Which of these is NOT the name of an album released by Miami-based producer DJ Khaled?","correct_answer":"Don&#039;t Ever Play Yourself","incorrect_answers":["Major Key","Suffering From Success","I Changed A Lot"]},{"category":"Entertainment: Video Games","type":"multiple","difficulty":"easy","question":"When was the game &#039;Portal 2&#039; released?","correct_answer":"2011","incorrect_answers":["2014","2009","2007"]},{"category":"General Knowledge","type":"multiple","difficulty":"medium","question":"Which of these is the name of a Japanese system of alternative medicine, literally meaning &quot;finger pressure&quot;?","correct_answer":"Shiatsu","incorrect_answers":["Ukiyo","Majime","Ikigai"]},{"category":"Entertainment: Music","type":"multiple","difficulty":"hard","question":"Which of these is NOT a song featured on the Lockjaw EP released in 2013 by Flume &amp; Chet Faker?","correct_answer":"Left Alone","incorrect_answers":["What About Us","This Song Is Not About A Girl","Drop The Game"]},{"category":"Entertainment: Video Games","type":"boolean","difficulty":"hard","question":"In &quot;Portal 2&quot;, Cave Johnson started out Aperture Science as a shower curtain company.","correct_answer":"True","incorrect_answers":["False"]},{"category":"General Knowledge","type":"multiple","difficulty":"medium","question":"On average, Americans consume 100 pounds of what per second?","correct_answer":"Chocolate","incorrect_answers":["Potatoes","Donuts","Cocaine"]},{"category":"Entertainment: Musicals & Theatres","type":"multiple","difficulty":"medium","question":"What play is the quote &quot;Hell is other people&quot; from?","correct_answer":"No Exit","incorrect_answers":["The Devil and the Good Lord","The Condemned of Altona","The Flies"]},{"category":"Entertainment: Television","type":"multiple","difficulty":"easy","question":"When did the TV show Rick and Morty first air on Adult Swim?","correct_answer":"2013","incorrect_answers":["2014","2016","2015"]},{"category":"Entertainment: Books","type":"multiple","difficulty":"medium","question":"J.K. Rowling completed &quot;Harry Potter and the Deathly Hallows&quot; in which hotel in Edinburgh, Scotland?","correct_answer":"The Balmoral","incorrect_answers":["The Dunstane Hotel","Hotel Novotel","Sheraton Grand Hotel &amp; Spa"]},{"category":"Animals","type":"boolean","difficulty":"easy","question":"A flock of crows is known as a homicide.","correct_answer":"False","incorrect_answers":["True"]},{"category":"Entertainment: Music","type":"boolean","difficulty":"easy","question":"A Saxophone is a brass instrument.","correct_answer":"False","incorrect_answers":["True"]},{"category":"Entertainment: Film","type":"multiple","difficulty":"medium","question":"This trope refers to minor characters that are killed off to show how a monster works.","correct_answer":"Red Shirt","incorrect_answers":["Minions","Expendables","Cannon Fodder"]},{"category":"Sports","type":"multiple","difficulty":"easy","question":"What team won the 2016 MLS Cup?","correct_answer":"Seattle Sounders","incorrect_answers":["Colorado Rapids","Toronto FC","Montreal Impact"]},{"category":"General Knowledge","type":"boolean","difficulty":"medium","question":"Fast food restaurant chains Carl&#039;s Jr. and Hardee&#039;s are owned by the same company.","correct_answer":"True","incorrect_answers":["False"]},{"category":"Entertainment: Video Games","type":"boolean","difficulty":"medium","question":"In Riot Games &quot;League of Legends&quot; the name of Halloween event is called &quot;The Reckoning&quot;.","correct_answer":"False","incorrect_answers":["True"]},{"category":"Entertainment: Film","type":"multiple","difficulty":"hard","question":"In order to cut costs, what were most of the extras of Mad Max (1979) paid with?","correct_answer":"Beer","incorrect_answers":["Fast food","Food stamps","They weren&#039;t paid"]},{"category":"General Knowledge","type":"multiple","difficulty":"medium","question":"Where does water from Poland Spring water bottles come from?","correct_answer":"Maine, United States","incorrect_answers":["Hesse, Germany","Masovia, Poland","Bavaria, Poland"]},{"category":"Sports","type":"boolean","difficulty":"medium","question":"Wilt Chamberlain scored his infamous 100-point-game against the New York Knicks in 1962.","correct_answer":"True","incorrect_answers":["False"]},{"category":"Science: Mathematics","type":"boolean","difficulty":"medium","question":"The set of all algebraic numbers is countable.","correct_answer":"True","incorrect_answers":["False"]},{"category":"Science: Computers","type":"multiple","difficulty":"hard","question":"Which RAID array type is associated with data mirroring?","correct_answer":"RAID 1","incorrect_answers":["RAID 0","RAID 10","RAID 5"]},{"category":"General Knowledge","type":"multiple","difficulty":"hard","question":"What does the Latin phrase &quot;Veni, vidi, vici&quot; translate into English?","correct_answer":"I came, I saw, I conquered","incorrect_answers":["See no evil, hear no evil, speak no evil","Life, liberty, and happiness","Past, present, and future"]},{"category":"Entertainment: Music","type":"multiple","difficulty":"medium","question":"Which member of &quot;The Beatles&quot; narrated episodes of &quot;Thomas the Tank Engine&quot;?","correct_answer":"Ringo Starr","incorrect_answers":["George Harrison","John Lennon","Paul McCartney"]},{"category":"Entertainment: Video Games","type":"multiple","difficulty":"medium","question":"When was the video game publisher &quot;Ubisoft&quot; founded ?","correct_answer":"March 1986","incorrect_answers":["April 1990","June 2001","August 1956"]},{"category":"General Knowledge","type":"multiple","difficulty":"medium","question":"Apple co-founder Steve Jobs died from complications of which form of cancer?","correct_answer":"Pancreatic","incorrect_answers":["Bone","Liver","Stomach"]},{"category":"Science: Computers","type":"multiple","difficulty":"hard","question":"Dutch computer scientist Mark Overmars is known for creating which game development engine?","correct_answer":"Game Maker","incorrect_answers":["Stencyl","Construct","Torque 2D"]},{"category":"General Knowledge","type":"boolean","difficulty":"medium","question":"&quot;Santa Claus&quot; is a variety of melon.","correct_answer":"True","incorrect_answers":["False"]},{"category":"Entertainment: Books","type":"multiple","difficulty":"medium","question":"What was the last message of the Dolphins in &quot;The Hitchhiker&#039;s Guide to the Galaxy&quot;?","correct_answer":"&quot;So long, and thanks for all the fish.&quot;","incorrect_answers":["&quot;The answer is 42.&quot;","&quot;Land of the brave.&quot;","&quot;Goodbye cruel world!&quot;"]},{"category":"Entertainment: Music","type":"multiple","difficulty":"hard","question":"Which lyric is about Red Hot Chili Peppers frontman Anthony Kiedis?","correct_answer":"&quot;A rainy Lithuanian \/ Is dancing as an Indian&quot;","incorrect_answers":["&quot;Fly away on, my zephyr \/ I feel it more than ever&quot;","&quot;And I liked the dimple in your chin \/ Your pale blue eyes&quot;","&quot;You used to be so warm and affectionate...but now you&#039;re quick to get into your regret&quot;"]},{"category":"General Knowledge","type":"boolean","difficulty":"medium","question":"The scientific name for the Southern Lights is Aurora Australis?","correct_answer":"True","incorrect_answers":["False"]},{"category":"Entertainment: Music","type":"multiple","difficulty":"hard","question":"What was the name of the rock band that Nobuo Uematsu formed that played songs from various Final Fantasy games?","correct_answer":"The Black Mages","incorrect_answers":["The Final Fantasies","The Espers","The Rock Summoners"]},{"category":"Entertainment: Video Games","type":"multiple","difficulty":"hard","question":"Which of the following games was NOT included in Valve&#039;s Orange Box?","correct_answer":"Counter-Strike","incorrect_answers":["Portal","Half-Life 2: Episode Two","Team Fortress 2"]},{"category":"History","type":"multiple","difficulty":"easy","question":"Which of the following was Brazil was a former colony under?","correct_answer":"Portugal","incorrect_answers":["Spain","The Netherlands","France"]},{"category":"General Knowledge","type":"boolean","difficulty":"medium","question":"&quot;Buffalo buffalo Buffalo buffalo buffalo buffalo Buffalo buffalo.&quot; is a grammatically correct sentence.","correct_answer":"True","incorrect_answers":["False"]},{"category":"Entertainment: Video Games","type":"boolean","difficulty":"hard","question":"In &quot;Minecraft&quot;, gold tools are faster than diamond tools.","correct_answer":"True","incorrect_answers":["False"]},{"category":"Entertainment: Books","type":"boolean","difficulty":"easy","question":"The Harry Potter series of books, combined, are over 1,000,000 words in length.","correct_answer":"True","incorrect_answers":["False"]},{"category":"Sports","type":"multiple","difficulty":"easy","question":"Which year did Jenson Button won his first ever Formula One World Drivers&#039; Championship?","correct_answer":"2009","incorrect_answers":["2010","2007","2006"]},{"category":"Entertainment: Video Games","type":"boolean","difficulty":"medium","question":"Shang Tsung is a playable character in Mortal Kombat XL.","correct_answer":"False","incorrect_answers":["True"]},{"category":"History","type":"multiple","difficulty":"medium","question":"Who was the last Roman emperor in the Year of Four Emperors (69 AD)?","correct_answer":"Vespasian","incorrect_answers":["Vitellius","Otho","Galba"]},{"category":"Science: Mathematics","type":"multiple","difficulty":"medium","question":"Which greek mathematician ran through the streets of Syracuse naked while shouting &quot;Eureka&quot; after discovering the principle of displacement?","correct_answer":"Archimedes","incorrect_answers":["Euclid","Homer","Eratosthenes"]},{"category":"Entertainment: Music","type":"multiple","difficulty":"medium","question":"On the cover of &#039;Abbey Road,&#039; which of the Beatles is not wearing shoes?","correct_answer":"Paul McCartney","incorrect_answers":["Ringo Starr","John Lennon","George Harrison"]},{"category":"Entertainment: Music","type":"boolean","difficulty":"medium","question":"Green Day&#039;s album &#039;American Idiot&#039; is considered a &quot;punk rock opera.&quot;","correct_answer":"True","incorrect_answers":["False"]},{"category":"Entertainment: Film","type":"multiple","difficulty":"medium","question":"In the Mad Max franchise, what type of car is the Pursuit Special driven by Max?","correct_answer":"Ford Falcon","incorrect_answers":["Holden Monaro","Chrysler Valiant Charger","Pontiac Firebird"]},{"category":"Entertainment: Books","type":"boolean","difficulty":"easy","question":"Shub-Niggurath is a creature that was created by \tJ. R. R. Tolkien in his novel &quot;The Lord of The Rings&quot;.","correct_answer":"False","incorrect_answers":["True"]}]}