{"response_code":0,"results":[{"category":"Entertainment: Film","type":"boolean","difficulty":"easy","question":"The movie &quot;The Nightmare before Christmas&quot; was all done with physical objects.","correct_answer":"True","incorrect_answers":["False"]},{"category":"Entertainment: Music","type":"boolean","difficulty":"medium","question":"Arcade Fire&#039;s &#039;The Suburbs&#039; won the Album of the Year award in the 2011 Grammys.","correct_answer":"True","incorrect_answers":["False"]},{"category":"Entertainment: Video Games","type":"boolean","difficulty":"easy","question":"The Mann Co. Store from Team Fortress 2 has the slogan &quot;We hire mercenaries and get in fights&quot;.","correct_answer":"False","incorrect_answers":["True"]},{"category":"Sports","type":"multiple","difficulty":"easy","question":"In what sport is a &quot;shuttlecock&quot; used?","correct_answer":"Badminton","incorrect_answers":["Table Tennis","Rugby","Cricket"]},{"category":"Geography","type":"multiple","difficulty":"medium","question":"What is the capital of Australia?","correct_answer":"Canberra","incorrect_answers":["Sydney","Melbourne","Brisbane"]},{"category":"Entertainment: Video Games","type":"multiple","difficulty":"easy","question":"How many times do you fight Gilgamesh in &quot;Final Fantasy 5&quot;?","correct_answer":"6","incorrect_answers":["4","5","3"]},{"category":"General Knowledge","type":"multiple","difficulty":"medium","question":"What is the name of the very first video uploaded to YouTube?","correct_answer":"Me at the zoo","incorrect_answers":["tribute","carrie rides a truck","Her new puppy from great grandpa vern."]},{"category":"Science & Nature","type":"boolean","difficulty":"hard","question":"It was once believed that injecting shark cartilage into people would prevent them from contracting cancer.","correct_answer":"True","incorrect_answers":["False"]},{"category":"Science: Mathematics","type":"boolean","difficulty":"hard","question":"The binary number &quot;101001101&quot; is equivalent to the Decimal number &quot;334&quot;","correct_answer":"False","incorrect_answers":["True"]},{"category":"Entertainment: Cartoon & Animations","type":"multiple","difficulty":"hard","question":"Which of the following films was Don Bluth both the writer, director, and producer for?","correct_answer":"All Dogs Go To Heaven","incorrect_answers":["Titan A.E.","Anastasia","The Land Before Time"]},{"category":"Geography","type":"multiple","difficulty":"easy","question":"What country has a horizontal bicolor red and white flag?","correct_answer":"Monaco","incorrect_answers":["Bahrain","Malta","Liechenstein"]},{"category":"Entertainment: Japanese Anime & Manga","type":"boolean","difficulty":"easy","question":"No Game No Life first aired in 2014.","correct_answer":"True","incorrect_answers":["False"]},{"category":"Entertainment: Video Games","type":"multiple","difficulty":"medium","question":"In what year were achivements added to Steam?","correct_answer":"2007","incorrect_answers":["2008","2009","2006"]},{"category":"Entertainment: Video Games","type":"boolean","difficulty":"medium","question":"The Sniper&#039;s SMG in Team Fortress 2, was originally intended to be the Scout&#039;s primary weapon.","correct_answer":"True","incorrect_answers":["False"]},{"category":"Entertainment: Video Games","type":"multiple","difficulty":"easy","question":"What was Frank West&#039;s job in &quot;Dead Rising&quot;?","correct_answer":"Photojournalist","incorrect_answers":["Janitor","Chef","Taxi Driver"]},{"category":"Entertainment: Video Games","type":"multiple","difficulty":"medium","question":"How many times do you fight the Imprisoned in The Legend of Zelda: Skyward Sword?","correct_answer":"3","incorrect_answers":["2","4","5"]},{"category":"Science & Nature","type":"multiple","difficulty":"hard","question":"What is the molecular formula of Ozone?","correct_answer":"O3","incorrect_answers":["C6H2O6","N2O","SO4"]},{"category":"Science: Computers","type":"multiple","difficulty":"medium","question":"In CSS, which of these values CANNOT be used with the &quot;position&quot; property?","correct_answer":"center","incorrect_answers":["static","absolute","relative"]},{"category":"Entertainment: Video Games","type":"multiple","difficulty":"medium","question":"In WarioWare: Smooth Moves, which one of these is NOT a Form?","correct_answer":"The Hotshot","incorrect_answers":["The Discard","The Elephant","The Mohawk"]},{"category":"Entertainment: Music","type":"multiple","difficulty":"easy","question":"The 2016 song &quot;Starboy&quot; by Canadian singer The Weeknd features which prominent electronic artist?","correct_answer":"Daft Punk","incorrect_answers":["deadmau5","Disclosure","DJ Shadow"]},{"category":"Geography","type":"multiple","difficulty":"medium","question":"What is the largest Muslim country in the world?","correct_answer":"Indonesia","incorrect_answers":["Pakistan","Saudi Arabia","Iran"]},{"category":"History","type":"multiple","difficulty":"medium","question":"When did the United States formally declare war on Japan, entering World War II?","correct_answer":"December 8, 1941","incorrect_answers":["June 6, 1944","June 22, 1941","September 1, 1939"]},{"category":"Entertainment: Music","type":"multiple","difficulty":"medium","question":"Cryoshell, known for &quot;Creeping in My Soul&quot; did the advertising music for what Lego Theme?","correct_answer":"Bionicle","incorrect_answers":["Hero Factory","Ben 10 Alien Force","Star Wars"]},{"category":"Entertainment: Comics","type":"multiple","difficulty":"medium","question":"What is the designation given to the Marvel Cinematic Universe?","correct_answer":"Earth-199999","incorrect_answers":["Earth-616","Earth-10005","Earth-2008"]},{"category":"Entertainment: Video Games","type":"boolean","difficulty":"medium","question":"Mortal Kombat was almost based on Jean-Claude Van Damme movie.","correct_answer":"True","incorrect_answers":["False"]},{"category":"Entertainment: Video Games","type":"multiple","difficulty":"medium","question":"In &quot;Halo 2&quot;, what is the name of the monitor of Installation 05?","correct_answer":"2401 Penitent Tangent","incorrect_answers":["343 Guilty Spark","031 Exuberant Witness","252 Biodis Expolsion"]},{"category":"Science: Computers","type":"boolean","difficulty":"easy","question":"Linux was first created as an alternative to Windows XP.","correct_answer":"False","incorrect_answers":["True"]},{"category":"Entertainment: Video Games","type":"multiple","difficulty":"medium","question":"Without enchantments, which pickaxe in minecraft mines blocks the quickest.","correct_answer":"Golden ","incorrect_answers":["Diamond","Iron","Obsidian"]},{"category":"Entertainment: Board Games","type":"boolean","difficulty":"hard","question":"The board game Go has more possible legal positions than the number of atoms in the visible universe.","correct_answer":"True","incorrect_answers":["False"]},{"category":"Science: Computers","type":"multiple","difficulty":"medium","question":"What was the first Android version specifically optimized for tablets?","correct_answer":"Honeycomb","incorrect_answers":["Eclair","Froyo","Marshmellow"]},{"category":"Entertainment: Japanese Anime & Manga","type":"multiple","difficulty":"medium","question":"In &quot;JoJo&#039;s Bizarre Adventure&quot;, which of the following Stands does NOT have a time-based ability?","correct_answer":"20th Century Boy","incorrect_answers":["Made in Heaven","Star Platinum","The World"]},{"category":"Entertainment: Music","type":"multiple","difficulty":"medium","question":"Which of these songs is not on the &quot;untitled&quot; album by Led Zeppelin?","correct_answer":"Celebration Day","incorrect_answers":["Stairway to Heaven","Black Dog","Rock and Roll"]},{"category":"Entertainment: Television","type":"multiple","difficulty":"easy","question":"What is the name of the planet that the Doctor from television series &quot;Doctor Who&quot; comes from?","correct_answer":"Gallifrey","incorrect_answers":["Sontar","Skaro","Mondas"]},{"category":"Science: Gadgets","type":"multiple","difficulty":"medium","question":"Mobile hardware and software company &quot;Blackberry Limited&quot; was founded in which country?","correct_answer":"Canada","incorrect_answers":["Norway","United States of America","United Kingdom"]},{"category":"Geography","type":"boolean","difficulty":"easy","question":"Hungary is the only country in the world beginning with H.","correct_answer":"False","incorrect_answers":["True"]},{"category":"Entertainment: Japanese Anime & Manga","type":"multiple","difficulty":"medium","question":"In Pok&eacute;mon Chronicles, why was Misty afraid of Gyarados?","correct_answer":"She crawled into it&#039;s mouth as a baby.","incorrect_answers":["She found it scary.","She was badly injured from it.","It is part Bug."]},{"category":"Entertainment: Video Games","type":"multiple","difficulty":"easy","question":"Which of the following is NOT a Nintendo game console?","correct_answer":"Dreamcast","incorrect_answers":["SNES","Wii","Switch"]},{"category":"Politics","type":"multiple","difficulty":"hard","question":"Who was the longest-serving senator in US history, serving from 1959 to 2010?","correct_answer":"Robert Byrd","incorrect_answers":["Daniel Inouye","Strom Thurmond","Joe Biden"]},{"category":"General Knowledge","type":"multiple","difficulty":"hard","question":"What is the weight of a Gold Bar in Fallout: New Vegas?","correct_answer":"35 Pounds","incorrect_answers":["30 Pounds","40 Pounds","32.50 Pounds"]},{"category":"Science & Nature","type":"multiple","difficulty":"medium","question":"Where did the Great Storm of 1987 make landfall at, first?","correct_answer":"Cornwall","incorrect_answers":["Surrey","Wales","The Midlands"]},{"category":"Sports","type":"multiple","difficulty":"easy","question":"What is the name of Manchester United&#039;s home stadium?","correct_answer":"Old Trafford","incorrect_answers":["Anfield","City of Manchester Stadium","St James Park"]},{"category":"Entertainment: Musicals & Theatres","type":"multiple","difficulty":"medium","question":"The World Chess Championship in Chess, Act 1 is set in which Italian city?","correct_answer":"Merano","incorrect_answers":["Venice","Milan","Rome"]},{"category":"Entertainment: Music","type":"multiple","difficulty":"hard","question":"Where was Nicki Minaj born?","correct_answer":"Trinidad and Tobago","incorrect_answers":["Haiti","Saint Lucia","Grenada"]},{"category":"Animals","type":"multiple","difficulty":"medium","question":"&quot;Decapods&quot; are an order of ten-footed crustaceans.  Which of these are NOT decapods?","correct_answer":"Krill","incorrect_answers":["Lobsters","Shrimp","Crabs"]},{"category":"Entertainment: Film","type":"multiple","difficulty":"medium","question":"Which of the following films was NOT directed by Quentin Tarantino?","correct_answer":"From Dusk till Dawn","incorrect_answers":["Jackie Brown","Pulp Fiction","Reservoir Dogs"]},{"category":"Entertainment: Video Games","type":"multiple","difficulty":"medium","question":"How many sets of grandmaster witcher gear are in The Witcher 3&#039;s Blood and Wine DLC?","correct_answer":"5","incorrect_answers":["3","6","4"]},{"category":"Sports","type":"multiple","difficulty":"hard","question":"In Canadian football, scoring a rouge is worth how many points?","correct_answer":"1","incorrect_answers":["2","3","4"]},{"category":"Entertainment: Books","type":"multiple","difficulty":"hard","question":"What is the name of the town in which Lily and James Potter are buried?","correct_answer":"Godric&#039;s Hollow","incorrect_answers":["Hogsmeade","Ottery St. Catchpole","Little Hangleton"]},{"category":"Entertainment: Books","type":"multiple","difficulty":"medium","question":"In Romance of the Three Kingdoms, who was not a member of the Peach Garden Oath?","correct_answer":"Zhao Yun","incorrect_answers":["Liu Bei","Guan Yu","Zhang Fei"]},{"category":"Entertainment: Video Games","type":"multiple","difficulty":"medium","question":"How old is Chloe Price in Life is Strange: Before the Storm?","correct_answer":"16","incorrect_answers":["24","19","15"]}]}