{"response_code":0,"results":[{"category":"Entertainment: Books","type":"multiple","difficulty":"medium","question":"Which of the following authors was not born in England? ","correct_answer":"Arthur Conan Doyle","incorrect_answers":["Graham Greene","H G Wells","Arthur C Clarke"]},{"category":"Entertainment: Video Games","type":"multiple","difficulty":"medium","question":"How many Chaos Emeralds can you collect in the first Sonic The Hedgehog?","correct_answer":"Six","incorrect_answers":["Seven","Five","Eight"]},{"category":"Vehicles","type":"multiple","difficulty":"medium","question":"Which animal features on the logo for Abarth, the motorsport division of Fiat?","correct_answer":"Scorpion","incorrect_answers":["Snake","Bull","Horse"]},{"category":"Entertainment: Books","type":"multiple","difficulty":"hard","question":"In the book &quot;The Martian&quot;, how long was Mark Watney trapped on Mars (in Sols)?","correct_answer":"549 Days","incorrect_answers":["765 Days","401 Days","324 Days"]},{"category":"Science & Nature","type":"multiple","difficulty":"easy","question":"Which type of rock is created by intense heat AND pressure?","correct_answer":"Metamorphic","incorrect_answers":["Sedimentary","Igneous","Diamond"]},{"category":"Entertainment: Books","type":"multiple","difficulty":"medium","question":"Who wrote the 1967 horror novel &quot;Rosemary&#039;s Baby&quot;?","correct_answer":"Ira Levin","incorrect_answers":["Stephen King","Robert Bloch","Mary Shelley"]},{"category":"Science: Mathematics","type":"boolean","difficulty":"medium","question":"The Pythagorean theorem states that the square of the hypotenuse is equal to the product of the squares of the other two sides.","correct_answer":"False","incorrect_answers":["True"]},{"category":"Science: Computers","type":"multiple","difficulty":"medium","question":"Moore&#039;s law originally stated that the number of transistors on a microprocessor chip would double every...","correct_answer":"Year","incorrect_answers":["Four Years","Two Years","Eight Years"]},{"category":"Geography","type":"multiple","difficulty":"hard","question":"Which of these is NOT a city in India?","correct_answer":"Islamabad","incorrect_answers":["Hyderabad","Ahmedabad","Ghaziabad"]},{"category":"General Knowledge","type":"multiple","difficulty":"easy","question":"What alcoholic drink is made from molasses?","correct_answer":"Rum","incorrect_answers":["Gin","Vodka","Whisky"]},{"category":"Sports","type":"multiple","difficulty":"medium","question":"How many scoring zones are there on a conventional dart board?","correct_answer":"82","incorrect_answers":["62","42","102"]},{"category":"Entertainment: Video Games","type":"multiple","difficulty":"hard","question":"What was the nickname of the original model for Half-Life&#039;s protagonist Gordon Freeman?","correct_answer":"Ivan the Space Biker","incorrect_answers":["Gordon the Space Biker","Ivan the Alien Biker","Gordon the Alien Biker"]},{"category":"Entertainment: Music","type":"multiple","difficulty":"medium","question":"Who wrote the musical composition, &quot;Rhapsody In Blue&quot;?","correct_answer":"George Gershwin","incorrect_answers":["Irving Berlin","Duke Ellington","Johnny Mandel"]},{"category":"Entertainment: Music","type":"multiple","difficulty":"hard","question":"Which M83 album is the song &quot;Midnight City&quot; featured in?","correct_answer":"Hurry Up, We&#039;re Dreaming","incorrect_answers":["Saturdays = Youth","Before the Dawn Heals Us","Junk"]},{"category":"Entertainment: Music","type":"multiple","difficulty":"easy","question":"Which of these songs by Skrillex features Fatman Scoop as a side artist?","correct_answer":"Recess","incorrect_answers":["All is Fair in Love and Brostep","Rock N Roll (Will Take You to the Mountain)","Scary Monsters and Nice Sprites"]},{"category":"Entertainment: Film","type":"boolean","difficulty":"easy","question":"In the original script of &quot;The Matrix&quot;, the machines used humans as additional computing power instead of batteries.","correct_answer":"True","incorrect_answers":["False"]},{"category":"Animals","type":"multiple","difficulty":"medium","question":"What are rhino&#039;s horn made of?","correct_answer":"Keratin","incorrect_answers":["Bone","Ivory","Skin"]},{"category":"Entertainment: Board Games","type":"multiple","difficulty":"medium","question":"What special item did the creators of Cards Against Humanity ship for their Black Friday pack?","correct_answer":"Bull Feces","incorrect_answers":["A Card Expansion","A Racist Toy","Cat Urine"]},{"category":"Entertainment: Books","type":"multiple","difficulty":"medium","question":"The novel &quot;Of Mice And Men&quot; was written by what author? ","correct_answer":"John Steinbeck ","incorrect_answers":["George Orwell","Mark Twain ","Harper Lee"]},{"category":"Entertainment: Video Games","type":"multiple","difficulty":"medium","question":"What is the full name of the protagonist from the SNES game Clock Tower?","correct_answer":"Jennifer Simpson","incorrect_answers":["Jennifer Barrows","Jennifer Cartwright","Jennifer Maxwell"]},{"category":"Entertainment: Cartoon & Animations","type":"multiple","difficulty":"medium","question":"What is the cartoon character, Andy Capp, known as in Germany?","correct_answer":"Willi Wakker","incorrect_answers":["Dick Tingeler","Helmut Schmacker","Rod Tapper"]},{"category":"Entertainment: Video Games","type":"multiple","difficulty":"hard","question":"Which Kingdom Hearts game featured the cast of &quot;The World Ends With You&quot;?","correct_answer":"Dream Drop Distance","incorrect_answers":["Birth By Sleep","365\/2 Days","Re:Chain of Memories"]},{"category":"Entertainment: Japanese Anime & Manga","type":"multiple","difficulty":"medium","question":"Which of the following manga have the most tankouban volumes?","correct_answer":"Golgo 13","incorrect_answers":["JoJo&#039;s Bizarre Adventure","Detective Conan","One Piece"]},{"category":"Entertainment: Video Games","type":"multiple","difficulty":"medium","question":"Which of these characters was NOT planned to be playable for Super Smash Bros. 64?","correct_answer":"Peach","incorrect_answers":["Bowser","Mewtwo","King Dedede"]},{"category":"Entertainment: Television","type":"multiple","difficulty":"medium","question":"What is the name of the &quot;Flash&quot; and &quot;Arrow&quot; spinoff featuring a team of characters that have appeared on both shows?","correct_answer":"Legends of Tomorrow","incorrect_answers":["Heroes of Tomorrow","The Justice Society of America","The Justice Society"]},{"category":"History","type":"multiple","difficulty":"medium","question":"Which U.S. president took part in the Potsdam Conference, where the Allies reached a peace settlement with Germany?","correct_answer":"Harry S. Truman","incorrect_answers":["Dwight D. Eisenhower","Franklin D. Roosevelt","Herbert Hoover"]},{"category":"History","type":"multiple","difficulty":"hard","question":"How many women joined the United States Armed Services during World War II?","correct_answer":"350,000","incorrect_answers":["225,000","100,000","500,000"]},{"category":"Entertainment: Video Games","type":"multiple","difficulty":"medium","question":"Ellen McLain, the voice of GLaDOS in the Portal game series, is married to the voice actor for which Team Fortress 2 character?","correct_answer":"Sniper","incorrect_answers":["Heavy","Soldier","Scout"]},{"category":"Entertainment: Film","type":"multiple","difficulty":"medium","question":"Who is the director of the 1991 film &quot;Silence of the Lambs&quot;?","correct_answer":"Jonathan Demme","incorrect_answers":["Stanley Kubrick","Frank Darabont","Michael Bay"]},{"category":"Science & Nature","type":"boolean","difficulty":"hard","question":"The value of one Calorie is different than the value of one calorie.","correct_answer":"True","incorrect_answers":["False"]},{"category":"Entertainment: Japanese Anime & Manga","type":"multiple","difficulty":"medium","question":"Who voices the character &quot;Reigen&quot;  in the English dub of &quot;Mob Psycho 100&quot;?","correct_answer":"Chris Niosi","incorrect_answers":["Max Mittelman","Kyle McCarley","Casey Mongillo"]},{"category":"Entertainment: Video Games","type":"multiple","difficulty":"easy","question":"Which of these is not a wonder weapon in &quot;Call Of Duty: Zombies&quot;?","correct_answer":"R115 Resonator","incorrect_answers":["GKZ-45 Mk3","Ray Gun","Scavenger"]},{"category":"History","type":"multiple","difficulty":"hard","question":"Which of the following was not one of Joseph Stalin&#039;s ten blows during World War II?","correct_answer":"Vistula-Oder Offensive","incorrect_answers":["Crimean Offensive","Leningrad-Novgorod Offensive","Operation Bagration"]},{"category":"Geography","type":"multiple","difficulty":"hard","question":"How many stations does the Central Line have on the London Underground?","correct_answer":"49","incorrect_answers":["51","43","47"]},{"category":"Entertainment: Video Games","type":"multiple","difficulty":"medium","question":"Which stage was planned to be a part of &quot;Sonic the Hedgehog 2&quot;, but was scrapped during development?","correct_answer":"Genocide City Zone","incorrect_answers":["Stardust Speedway Zone","Sky High Zone ","Clockwork Zone"]},{"category":"Sports","type":"multiple","difficulty":"easy","question":"When was the first official international game played?","correct_answer":"1872","incorrect_answers":["1880","1863","1865"]},{"category":"Entertainment: Video Games","type":"multiple","difficulty":"medium","question":"In the &quot;Pikmin&quot; series, what is the only pikmin type to possess visible ears?","correct_answer":"Yellow","incorrect_answers":["Red","White","Winged"]},{"category":"Entertainment: Television","type":"multiple","difficulty":"medium","question":"Baron Silas Greenback is the arch nemesis of which cartoon hero?","correct_answer":"Danger Mouse","incorrect_answers":["Bananaman","SuperTed","Captain Star"]},{"category":"Entertainment: Video Games","type":"multiple","difficulty":"medium","question":"Which genre is the Touhou Project associated with?","correct_answer":"Shoot &#039;em up (bullet-hell) &amp; Fighting","incorrect_answers":["Turn-Based Strategy","MMORPG","Building "]},{"category":"General Knowledge","type":"multiple","difficulty":"hard","question":"In the MMO RPG &quot;Realm of the Mad God&quot;, what dungeon is widely considered to be the most difficult?","correct_answer":"The Shatter&#039;s","incorrect_answers":["Snake Pit","The Tomb of the Acient&#039;s","The Puppet Master&#039;s Theater"]},{"category":"General Knowledge","type":"multiple","difficulty":"easy","question":"What is the closest planet to our solar system&#039;s sun?","correct_answer":"Mercury","incorrect_answers":["Mars","Jupiter","Earth"]},{"category":"Mythology","type":"multiple","difficulty":"medium","question":"What is the name of the first human being in Norse mythology?","correct_answer":"Ask","incorrect_answers":["Asmund","Ake","Asger"]},{"category":"Entertainment: Video Games","type":"multiple","difficulty":"medium","question":"In Night In The Woods, what is Mae Borowski mother&#039;s name?","correct_answer":"Candy","incorrect_answers":["Jenny","Margaret","Kate"]},{"category":"History","type":"multiple","difficulty":"easy","question":"Abolitionist John Brown raided the arsenal in which Virginia Town?","correct_answer":"Harper&#039;s Ferry","incorrect_answers":["Richmond","Harrisonburg","Martinsburg"]},{"category":"History","type":"multiple","difficulty":"medium","question":"Which of these founding fathers of the United States of America later became president?","correct_answer":"James Monroe","incorrect_answers":["Alexander Hamilton","Samuel Adams","Roger Sherman"]},{"category":"Politics","type":"multiple","difficulty":"medium","question":"Which of the following Argentinian presidents was elected in 2015?","correct_answer":"Mauricio Macri","incorrect_answers":["Cristina Fernandez de Kirchner","Nestor Kirchner","Juan Domingo Peron"]},{"category":"Science: Computers","type":"multiple","difficulty":"hard","question":"Which of these Cherry MX mechanical keyboard switches is both tactile and clicky?","correct_answer":"Cherry MX Blue","incorrect_answers":["Cherry MX Black","Cherry MX Red","Cherry MX Brown"]},{"category":"Entertainment: Japanese Anime & Manga","type":"multiple","difficulty":"medium","question":"In JoJo&#039;s Bizarre Adventure, who says &quot;Yare yare daze&quot;?","correct_answer":"Jotaro Kujo","incorrect_answers":["Joseph Joestar","Jolyne Cujoh","Koichi Hirose"]},{"category":"Entertainment: Musicals & Theatres","type":"multiple","difficulty":"easy","question":"Who wrote the play &#039;Angels in America&#039;?","correct_answer":"Tony Kusher","incorrect_answers":["Tom Stoppard","Matthew Lopez","Anthony Neilson"]},{"category":"Entertainment: Television","type":"multiple","difficulty":"easy","question":"In Two and a Half Men, what is Alan Harper&#039;s son&#039;s name?","correct_answer":"Jake","incorrect_answers":["John","Jeremy","James"]}]}