{"response_code":0,"results":[{"category":"Geography","type":"multiple","difficulty":"easy","question":"Which city is the capital of the United States of America?","correct_answer":"Washington D.C","incorrect_answers":["Seattle","Albany","Los Angeles"]},{"category":"Mythology","type":"multiple","difficulty":"hard","question":"What was the punishment for Sysiphus&#039;s craftiness?","correct_answer":"Cursed to roll a boulder up a hill for eternity.","incorrect_answers":["Tied to a boulder for eternity, being pecked by birds.","Standing in a lake filled with water he could not drink.","To fell a tree that regenerated after every axe swing."]},{"category":"Animals","type":"multiple","difficulty":"medium","question":"A carnivorous animal eats flesh, what does a nucivorous animal eat?","correct_answer":"Nuts","incorrect_answers":["Nothing","Fruit","Seaweed"]},{"category":"Politics","type":"multiple","difficulty":"medium","question":"Who was the British Prime Minister at the outbreak of the Second World War?","correct_answer":"Neville Chamberlain","incorrect_answers":["Clement Attlee","Winston Churchill","Stanley Baldwin"]},{"category":"Science: Computers","type":"multiple","difficulty":"easy","question":"What does the &quot;MP&quot; stand for in MP3?","correct_answer":"Moving Picture","incorrect_answers":["Music Player","Multi Pass","Micro Point"]},{"category":"General Knowledge","type":"multiple","difficulty":"medium","question":"Scotch whisky and Drambuie make up which cocktail?","correct_answer":"Rusty Nail","incorrect_answers":["Screwdriver","Sex on the Beach","Manhattan"]},{"category":"Science & Nature","type":"multiple","difficulty":"hard","question":"On the Beaufort Scale of wind force, what wind name is given to number 8?","correct_answer":"Gale","incorrect_answers":["Storm","Hurricane","Breeze"]},{"category":"Entertainment: Music","type":"boolean","difficulty":"easy","question":"Eurobeat is primarily an Italian genre of music.","correct_answer":"True","incorrect_answers":["False"]},{"category":"Entertainment: Video Games","type":"boolean","difficulty":"easy","question":"&quot;Undertale&quot; is an RPG created by Toby Fox and released in 2015.","correct_answer":"True","incorrect_answers":["False"]},{"category":"Mythology","type":"multiple","difficulty":"medium","question":"Hera is god of...","correct_answer":"Marriage","incorrect_answers":["Agriculture","Sea","War"]},{"category":"Entertainment: Music","type":"boolean","difficulty":"medium","question":"The country song  &ldquo;A Boy Named Sue&rdquo; was written by Shel Silverstein.","correct_answer":"True","incorrect_answers":["False"]},{"category":"Sports","type":"multiple","difficulty":"medium","question":"Which nation hosted the FIFA World Cup in 2006?","correct_answer":"Germany","incorrect_answers":["United Kingdom","Brazil","South Africa"]},{"category":"Entertainment: Film","type":"boolean","difficulty":"medium","question":"The color of the pills in the Matrix were Blue and Yellow.","correct_answer":"False","incorrect_answers":["True"]},{"category":"History","type":"multiple","difficulty":"easy","question":"Which of these countries remained neutral during World War II?","correct_answer":"Switzerland","incorrect_answers":["United Kingdom","France","Italy"]},{"category":"General Knowledge","type":"boolean","difficulty":"medium","question":"The word &quot;news&quot; originates from the first letters of the 4 main directions on a compass (North, East, West, South).","correct_answer":"False","incorrect_answers":["True"]},{"category":"Entertainment: Film","type":"multiple","difficulty":"easy","question":"What was the first James Bond film?","correct_answer":"Dr. No","incorrect_answers":["Goldfinger","From Russia With Love","Thunderball"]},{"category":"Entertainment: Video Games","type":"multiple","difficulty":"easy","question":"Who is the founder of Team Fortress 2&#039;s fictional company &quot;Mann Co&quot;?","correct_answer":"Zepheniah Mann","incorrect_answers":["Cave Johnson","Wallace Breem","Saxton Hale"]},{"category":"Geography","type":"multiple","difficulty":"medium","question":"What is the capital of Senegal?","correct_answer":"Dakar","incorrect_answers":["Nouakchott","Conakry","Monrovia"]},{"category":"Mythology","type":"multiple","difficulty":"hard","question":"In Norse mythology, what is the name of the serpent which eats the roots of the ash tree Yggdrasil?","correct_answer":"Nidhogg","incorrect_answers":["Bragi","Odin","Ymir"]},{"category":"Entertainment: Television","type":"multiple","difficulty":"hard","question":"In &quot;It&#039;s Always Sunny in Philadelphia&quot; what was the name of Frank&#039;s wrestling persona?","correct_answer":"The Trash Man","incorrect_answers":["Bird of War","Day Man","The Maniac"]},{"category":"Entertainment: Cartoon & Animations","type":"multiple","difficulty":"medium","question":"Who is the &quot;dumb blonde&quot; character in Nickelodeon&#039;s &quot;The Loud House&quot;?","correct_answer":"Leni","incorrect_answers":["Luan","Luna","Lincoln"]},{"category":"Vehicles","type":"multiple","difficulty":"hard","question":"Volkswagen&#039;s legendary VR6 engine has cylinders positioned at what degree angle?","correct_answer":"15 Degree","incorrect_answers":["30 Degree","45 Degree","90 Degree"]},{"category":"Entertainment: Television","type":"multiple","difficulty":"easy","question":"In the show &quot;Tengen Toppa Gurren Lagann&quot; what is the name of the character who force everyone to live underground?","correct_answer":"Lordgenome","incorrect_answers":["Kingloname","Lord Genome","King Loname"]},{"category":"Vehicles","type":"boolean","difficulty":"medium","question":"Ferrari has never made a V10 engine for any of its cars.","correct_answer":"False","incorrect_answers":["True"]},{"category":"Entertainment: Video Games","type":"multiple","difficulty":"medium","question":"Which survivor in Left 4 Dead sacrificed themself to save the other survivors?","correct_answer":"Bill","incorrect_answers":["Louis","Francis","Zoey"]},{"category":"Entertainment: Music","type":"multiple","difficulty":"hard","question":"Which album was released by Kanye West in 2013?","correct_answer":"Yeezus","incorrect_answers":["My Beautiful Dark Twisted Fantasy","The Life of Pablo","Watch the Throne"]},{"category":"Geography","type":"multiple","difficulty":"easy","question":"Harvard University is located in which city?","correct_answer":"Cambridge","incorrect_answers":["Providence","New York","Washington D.C."]},{"category":"Entertainment: Video Games","type":"multiple","difficulty":"medium","question":"What was the first .hack game?","correct_answer":".hack\/\/Infection","incorrect_answers":[".hack\/\/Zero",".hack\/\/Sign",".hack\/\/Liminality"]},{"category":"Entertainment: Music","type":"boolean","difficulty":"medium","question":"3 members of 2 Live Crew were arrested for playing songs from their album, As Nasty As They Wanna Be, live.","correct_answer":"True","incorrect_answers":["False"]},{"category":"History","type":"multiple","difficulty":"hard","question":"When was the city of Rome, Italy founded?","correct_answer":"753 BCE","incorrect_answers":["902 BCE","524 BCE","697 BCE"]},{"category":"History","type":"multiple","difficulty":"hard","question":"What was the code name for the Allied invasion of Southern France on August 15th, 1944?","correct_answer":"Operation Dragoon","incorrect_answers":["Operation Overlord","Operation Market Garden","Operation Torch"]},{"category":"Entertainment: Video Games","type":"multiple","difficulty":"medium","question":"In Terraria, which of these items is NOT crafted at a Mythril Anvil?","correct_answer":"Ankh Charm","incorrect_answers":["Venom Staff","Sky Fracture","Orichalcum Tools"]},{"category":"History","type":"boolean","difficulty":"easy","question":"Kublai Khan is the grandchild of Genghis Khan?","correct_answer":"True","incorrect_answers":["False"]},{"category":"Science & Nature","type":"multiple","difficulty":"medium","question":"Which desert is the only desert in the world where the &quot;Saguaro&quot; cactus grows indigenously?","correct_answer":"The Sonoran Desert","incorrect_answers":["The Gobi Desert","The Yuma Desert","The Arabian Desert"]},{"category":"Entertainment: Film","type":"multiple","difficulty":"medium","question":"In &quot;Jurassic World&quot;, which company purchases InGen and creates Jurassic World?","correct_answer":"Masrani Global Corporation ","incorrect_answers":["Biology Synthetics Technologies","International Genetics Incorporated","International Genetic Technologies"]},{"category":"Entertainment: Japanese Anime & Manga","type":"multiple","difficulty":"hard","question":"In &quot;Jewelpet Sunshine&quot;, what is the song that plays when Kanon and her friends bust out of prison?","correct_answer":"I Don&#039;t Want to Miss a Thing","incorrect_answers":["Eye Of The Tiger","Born to be Wild","Ruby Ring"]},{"category":"Entertainment: Film","type":"multiple","difficulty":"medium","question":"Which town is the setting for the Disney movie The Love Bug (1968)?","correct_answer":"San Francisco","incorrect_answers":["Los Angeles","Sacramento","San Jose"]},{"category":"Entertainment: Japanese Anime & Manga","type":"multiple","difficulty":"hard","question":"Which studio animated Afro Samurai?","correct_answer":"Gonzo","incorrect_answers":["Kyoto Animation","xebec","Production I.G"]},{"category":"Entertainment: Film","type":"multiple","difficulty":"medium","question":"Who provided a majority of the songs and lyrics for &quot;Spirit: Stallion of the Cimarron&quot;?","correct_answer":"Bryan Adams","incorrect_answers":["Smash Mouth","Oasis","Air Supply"]},{"category":"Politics","type":"boolean","difficulty":"easy","question":"Former president Theodore Roosevelt (1900-1908)  ran for another term under the Progressive Party in 1912.","correct_answer":"True","incorrect_answers":["False"]},{"category":"Science & Nature","type":"multiple","difficulty":"medium","question":"What is the half-life of Uranium-235?","correct_answer":"703,800,000 years","incorrect_answers":["4,300,400,000 years","1,260,900,000 years","Uranium-235 is a stable isotope"]},{"category":"History","type":"multiple","difficulty":"easy","question":"In 1453, which important city fell?","correct_answer":"Constantinople","incorrect_answers":["Rome","Hamburg","Athens"]},{"category":"Entertainment: Video Games","type":"multiple","difficulty":"hard","question":"Who is the victim mentioned in the second KG-8 incident, in Ace attorney Investigations, Case 4?","correct_answer":"Deid Mann","incorrect_answers":["Frank Sahwit","Shey De Killer","Raymond Shields"]},{"category":"Geography","type":"multiple","difficulty":"hard","question":"Bir Tawil, an uninhabited track of land claimed by no country, is located along the border of which two countries?","correct_answer":"Egypt and Sudan","incorrect_answers":["Israel and Jordan","Chad and Libya","Iraq and Saudi Arabia"]},{"category":"History","type":"multiple","difficulty":"hard","question":"The coat of arms of the King of Spain contains the arms from the monarchs of Castille, Leon, Aragon and which other former Iberian kingdom?","correct_answer":"Navarre","incorrect_answers":["Galicia","Granada","Catalonia"]},{"category":"Entertainment: Music","type":"multiple","difficulty":"medium","question":"How many studio albums have the heavy metal band, &#039;Metallica&#039; released in the period between 1983 and 2016?","correct_answer":"10","incorrect_answers":["7","9","12"]},{"category":"Geography","type":"multiple","difficulty":"medium","question":"What city is the Terracotta Army located in?","correct_answer":"Xi&#039;an","incorrect_answers":["Beijing","Shanghai","Hong Kong"]},{"category":"Science: Mathematics","type":"multiple","difficulty":"hard","question":"What is the fourth digit of &pi;?","correct_answer":"1","incorrect_answers":["2","3","4"]},{"category":"Entertainment: Film","type":"multiple","difficulty":"medium","question":"Which actor plays the role of the main antagonist in the 2011 movie &quot;Tower Heist?&quot;","correct_answer":"Alan Alda","incorrect_answers":["Eddie Murphy","Alec Baldwin","Kevin Nealon"]},{"category":"General Knowledge","type":"multiple","difficulty":"easy","question":"In aerodynamics, which force pushes an object upwards?","correct_answer":"Lift","incorrect_answers":["Drag","Weight","Thrust"]}]}