{"response_code":0,"results":[{"category":"Politics","type":"multiple","difficulty":"easy","question":"Whose 2016 presidential campaign slogan was &quot;Make America Great Again&quot;?","correct_answer":"Donald Trump","incorrect_answers":["Ted Cruz","Marco Rubio","Bernie Sanders"]},{"category":"Entertainment: Cartoon & Animations","type":"multiple","difficulty":"easy","question":"The song &#039;Little April Shower&#039; features in which Disney cartoon film?","correct_answer":"Bambi","incorrect_answers":["Cinderella","Pinocchio","The Jungle Book"]},{"category":"Entertainment: Video Games","type":"multiple","difficulty":"easy","question":"Which franchise does the creature &quot;Slowpoke&quot; originate from?","correct_answer":"Pokemon","incorrect_answers":["Dragon Ball","Sonic The Hedgehog","Yugioh"]},{"category":"Entertainment: Video Games","type":"multiple","difficulty":"hard","question":"The Internet Meme &quot;All your base are belong to us&quot; is based on the poorly translated English Version of which Video Game?","correct_answer":"Zero Wing","incorrect_answers":["F-Zero","Wing Commander","Star Wars: X-Wing"]},{"category":"Sports","type":"multiple","difficulty":"medium","question":"Which Formula One driver was nicknamed &#039;The Professor&#039;?","correct_answer":"Alain Prost","incorrect_answers":["Ayrton Senna","Niki Lauda","Emerson Fittipaldi"]},{"category":"Politics","type":"multiple","difficulty":"easy","question":"Which of the following Pacific Islander countries is ruled by a constitutional monarchy?","correct_answer":"Tonga","incorrect_answers":["Palau","Fiji","Kiribati"]},{"category":"General Knowledge","type":"multiple","difficulty":"easy","question":"Which one of the following rhythm games was made by Harmonix?","correct_answer":"Rock Band","incorrect_answers":["Meat Beat Mania","Guitar Hero Live","Dance Dance Revolution"]},{"category":"Entertainment: Video Games","type":"multiple","difficulty":"hard","question":"In &quot;Sonic the Hedgehog 3&quot; for the Sega Genesis, what is the color of the second Chaos Emerald you can get from Special Stages?","correct_answer":"Orange","incorrect_answers":["Blue","Green","Magenta"]},{"category":"Entertainment: Video Games","type":"multiple","difficulty":"hard","question":"Which of these online games was originally named LindenWorld in it&#039;s early development?","correct_answer":"SecondLife","incorrect_answers":["ActiveWorlds","IMVU","HabboHotel"]},{"category":"Science & Nature","type":"multiple","difficulty":"hard","question":"Which of the following is NOT a real element?","correct_answer":"Vitrainium","incorrect_answers":["Praseodymium","Hassium","Lutetium"]},{"category":"Geography","type":"multiple","difficulty":"medium","question":"What is the right way to spell the capital of Hungary?","correct_answer":"Budapest","incorrect_answers":["Boodapest","Bhudapest","Budapast"]},{"category":"Geography","type":"multiple","difficulty":"hard","question":"Llanfair&shy;pwllgwyngyll&shy;gogery&shy;chwyrn&shy;drobwll&shy;llan&shy;tysilio&shy;gogo&shy;goch is located on which Welsh island?","correct_answer":"Anglesey","incorrect_answers":["Barry","Bardsey","Caldey"]},{"category":"Science & Nature","type":"multiple","difficulty":"hard","question":"A comet&#039;s gaseous envelope (which creates the tail) is called what?","correct_answer":"The coma","incorrect_answers":["The wake","The backwash","The ablative"]},{"category":"Entertainment: Television","type":"multiple","difficulty":"easy","question":"What country is Cory in the House set in?","correct_answer":"The United States of America","incorrect_answers":["Canada","Venezuala","England"]},{"category":"Entertainment: Video Games","type":"multiple","difficulty":"medium","question":"Final Fantasy VI was originally released outside Japan under what name?","correct_answer":"Final Fantasy III","incorrect_answers":["Final Fantasy VI","Final Fantasy V","Final Fantasy II"]},{"category":"Entertainment: Japanese Anime & Manga","type":"multiple","difficulty":"easy","question":"In the anime Noragami who is one of the main protagonists?","correct_answer":"Yukine","incorrect_answers":["Karuha","Mineha","Mayu"]},{"category":"Entertainment: Music","type":"boolean","difficulty":"easy","question":"The song &quot;Stronger Than You&quot; is a single by Estelle, who played Garnet in Steven Universe.","correct_answer":"True","incorrect_answers":["False"]},{"category":"Entertainment: Music","type":"boolean","difficulty":"medium","question":"EDM label Monstercat signs tracks instead of artists.","correct_answer":"True","incorrect_answers":["False"]},{"category":"Politics","type":"boolean","difficulty":"medium","question":"During the 2016 United States presidential election, the State of California possessed the most electoral votes, having 55.","correct_answer":"True","incorrect_answers":["False"]},{"category":"Geography","type":"multiple","difficulty":"easy","question":"What is the capital of the US State of New York?","correct_answer":"Albany","incorrect_answers":["Buffalo","New York","Rochester"]},{"category":"General Knowledge","type":"multiple","difficulty":"hard","question":"De Eemhof, Port Zelande and Het Heijderbos are holiday villas owned by what company?","correct_answer":"Center Parcs","incorrect_answers":["Yelloh Village","Keycamp","Villa Plus"]},{"category":"Entertainment: Video Games","type":"multiple","difficulty":"medium","question":"The cake depicted in Valve&#039;s &quot;Portal&quot; franchise most closely resembles which real-world type of cake?","correct_answer":"Black Forest","incorrect_answers":["Devil&#039;s Food","Molten Chocolate","German Chocolate"]},{"category":"Entertainment: Video Games","type":"multiple","difficulty":"medium","question":"What is the real name of the Scout in &quot;Team Fortress 2&quot;?","correct_answer":"Jeremy","incorrect_answers":["Lance","Walter","John"]},{"category":"Entertainment: Japanese Anime & Manga","type":"multiple","difficulty":"easy","question":"Satella in &quot;Re:Zero&quot; is the witch of what?","correct_answer":"Envy","incorrect_answers":["Pride","Sloth","Wrath"]},{"category":"Entertainment: Video Games","type":"multiple","difficulty":"hard","question":"In &quot;Super Mario Sunshine&quot;, how do you unlock the &quot;Corona Mountain&quot; level?","correct_answer":"By clearing every 7th episode","incorrect_answers":["By obtaining 70 Shines","By clearing every episode involving a &quot;Secret&quot;","By unlocking every nozzle F.L.U.D.D can use"]},{"category":"Entertainment: Music","type":"multiple","difficulty":"hard","question":"The heavy metal band Black Sabbath hail from which English city?","correct_answer":"Birmingham","incorrect_answers":["Manchester","London","Newcastle-Upon-Tyne"]},{"category":"Entertainment: Video Games","type":"multiple","difficulty":"medium","question":"In the &quot;Ace Attorney&quot; series, what is the relationship between Apollo Justice and Trucy Wright?","correct_answer":"They&#039;re half-siblings","incorrect_answers":["They&#039;re co-workers","They&#039;re friends","They&#039;re both attorneys"]},{"category":"Entertainment: Video Games","type":"boolean","difficulty":"medium","question":"In &quot;Call Of Duty: World At War&quot;, the first appearance of the &quot;PPSH-41&quot; in &quot;Zombies&quot; was in the map &quot;Der Riese&quot;.","correct_answer":"False","incorrect_answers":["True"]},{"category":"History","type":"multiple","difficulty":"hard","question":"The main objective of the German operation &quot;Case Blue&quot; during World War II was originally to capture what?","correct_answer":"Caucasus","incorrect_answers":["Stalingrad","Crimea","Voronezh"]},{"category":"Entertainment: Japanese Anime & Manga","type":"multiple","difficulty":"medium","question":"In &quot;Highschool DxD&quot;, Koneko Toujou is from what race?","correct_answer":"Nekomata","incorrect_answers":["Kitsune","Human","Kappa"]},{"category":"Entertainment: Cartoon & Animations","type":"multiple","difficulty":"hard","question":"In &quot;Gravity Falls&quot;, what does Quentin Trembley do when he is driven out from the White House?","correct_answer":"Eat a salamander and jump out the window.","incorrect_answers":["Leave in peace.","Jump out the window.","Release 1,000 captive salamanders into the white house."]},{"category":"Entertainment: Books","type":"multiple","difficulty":"medium","question":"Which of the following was the author of &quot;Username Evie&quot;?","correct_answer":"Joe Sugg","incorrect_answers":["Zoe Sugg","Joe Weller","Alfie Deyes"]},{"category":"Entertainment: Film","type":"multiple","difficulty":"easy","question":"For the film &quot;Raiders of The Lost Ark&quot;, what was Harrison Ford sick with during the filming of the Cairo chase?","correct_answer":"Dysentery","incorrect_answers":["Anemia","Constipation","Acid Reflux "]},{"category":"Entertainment: Video Games","type":"multiple","difficulty":"medium","question":"Which of these games takes place in the Irish town of Doolin, with the option to play as one of the characters, Ellen and Keats?","correct_answer":"Folklore","incorrect_answers":["Shadow of the Colossus","ICO","Beyond Good &amp; Evil"]},{"category":"Entertainment: Books","type":"multiple","difficulty":"hard","question":"In the Magic: The Gathering universe, which plane does the Homelands expansion take place in?","correct_answer":"Ulgrotha","incorrect_answers":["Bant","Llanowar","Tazeem"]},{"category":"Entertainment: Books","type":"multiple","difficulty":"medium","question":"In Alice in Wonderland, what is the name of Alice&#039;s kitten?","correct_answer":"Dinah","incorrect_answers":["Oscar","Heath","Smokey"]},{"category":"Entertainment: Video Games","type":"multiple","difficulty":"medium","question":"What is the main character&#039;s name in &quot;Braid&quot;?","correct_answer":"Tim","incorrect_answers":["Boregard","James","Jackson"]},{"category":"History","type":"multiple","difficulty":"medium","question":"Which U.S. President was in office when the Gulf War began?","correct_answer":"George H. W. Bush","incorrect_answers":["Richard Nixon","George W. Bush ","Ronald Regan"]},{"category":"Entertainment: Music","type":"multiple","difficulty":"hard","question":"Artis Leon Ivey Jr. is better known as which rap artist?","correct_answer":"Coolio","incorrect_answers":["Dr Dre","Snoop Dogg","Ice T"]},{"category":"Sports","type":"multiple","difficulty":"medium","question":"How many French Open&#039;s did Bj&ouml;rn Borg win?","correct_answer":"6","incorrect_answers":["4","9","2"]},{"category":"Sports","type":"multiple","difficulty":"easy","question":"Who is often called &quot;the Maestro&quot; in the men&#039;s tennis circuit?","correct_answer":"Roger Federer","incorrect_answers":["Bill Tilden","Boris Becker","Pete Sampras"]},{"category":"Mythology","type":"multiple","difficulty":"hard","question":"Which Norse God has a horse named Sleipnir?","correct_answer":"Odin","incorrect_answers":["Thor","Frigg","Balder"]},{"category":"Science & Nature","type":"multiple","difficulty":"medium","question":"Which portion of the Marijuana plant produces the psychoactive substance known as THC?","correct_answer":"Female Flower","incorrect_answers":["Leaves","Male Flower","Root Ball"]},{"category":"Geography","type":"multiple","difficulty":"medium","question":"What mountain range lines the border between Spain and France?","correct_answer":"Pyrenees","incorrect_answers":["Alps","Carpathians","Urals"]},{"category":"Animals","type":"multiple","difficulty":"hard","question":"To which biological phylum do all mammals, birds and reptiles belong?","correct_answer":"Chordata","incorrect_answers":["Echinodermata","Annelida","Placazoa"]},{"category":"Entertainment: Video Games","type":"multiple","difficulty":"hard","question":"In the Team Fortress 2 canon, what did Shakespearicles NOT invent?","correct_answer":"Stairs","incorrect_answers":["Two-Story Building","Rocket Launcher","Stage Play"]},{"category":"Science: Computers","type":"multiple","difficulty":"hard","question":"Lenovo acquired IBM&#039;s personal computer division, including the ThinkPad line of laptops and tablets, in what year?","correct_answer":"2005","incorrect_answers":["1999","2002","2008"]},{"category":"History","type":"multiple","difficulty":"medium","question":"Which Roman Emperor led the Roman Empire to reach its maximum territorial extent?","correct_answer":"Trajan","incorrect_answers":["Julius Caesar","Claudius","Constantine the Great"]},{"category":"Science & Nature","type":"multiple","difficulty":"easy","question":"Who discovered the Law of Gravity?","correct_answer":"Sir Isaac Newton","incorrect_answers":["Galileo Galilei","Charles Darwin","Albert Einstein"]},{"category":"Entertainment: Video Games","type":"multiple","difficulty":"easy","question":"When was &quot;Luigi&#039;s Mansion 3&quot; released?","correct_answer":"October 31st, 2019","incorrect_answers":["January 13th, 2019","September 6th, 2018","October 1st, 2019"]}]}