{"response_code":0,"results":[{"category":"Science & Nature","type":"boolean","difficulty":"easy","question":"Igneous rocks are formed by excessive heat and pressure.","correct_answer":"False","incorrect_answers":["True"]},{"category":"Entertainment: Books","type":"multiple","difficulty":"easy","question":"George Orwell wrote this book, which is often considered a statement on government oversight.","correct_answer":"1984","incorrect_answers":["The Old Man and the Sea","Catcher and the Rye","To Kill a Mockingbird"]},{"category":"General Knowledge","type":"multiple","difficulty":"medium","question":"When was the Declaration of Independence approved by the Second Continental Congress?","correct_answer":"July 4, 1776","incorrect_answers":["May 4, 1776","June 4, 1776","July 2, 1776"]},{"category":"Mythology","type":"multiple","difficulty":"medium","question":"The Hippogriff, not to be confused with the Griffon, is a magical creature with the front half of an eagle, and the back half of what?","correct_answer":"A Horse","incorrect_answers":["A Dragon","A Tiger","A Lion"]},{"category":"History","type":"multiple","difficulty":"medium","question":"What was the capital of South Vietnam before the Vietnam War?","correct_answer":"Saigon","incorrect_answers":["Ho Chi Minh City","Hanoi","Hue"]},{"category":"Geography","type":"multiple","difficulty":"medium","question":"Which is the largest city in Morocco?","correct_answer":"Casablanca","incorrect_answers":["Rabat","Fes","Sale"]},{"category":"Entertainment: Video Games","type":"multiple","difficulty":"medium","question":"In the game &quot;Undertale&quot;, who was Mettaton&#039;s creator?","correct_answer":"Alphys","incorrect_answers":["Undyne","Sans","Asgore"]},{"category":"Geography","type":"multiple","difficulty":"easy","question":"The derisive acronym &quot;PIIGS&quot; refers to which of the following European countries and their economic statuses?","correct_answer":"Portugal, Ireland, Italy, Greece, Spain","incorrect_answers":["Poland, Iceland, Italy, Greece, Serbia","Poland, Iceland, Italy, Greenland, Spain","Portugal, Iceland, Ireland, Greece, Serbia"]},{"category":"Entertainment: Japanese Anime & Manga","type":"multiple","difficulty":"hard","question":"In the anime Initial D, how does Takumi Fujiwara describe a drift?","correct_answer":"&#039;. . . the front tires slide so the car won&#039;t face the inside&#039;","incorrect_answers":["&#039;. . . the wheels lose traction, making the car slide sideways&#039;","&#039;. . . the car oversteers through a curve, causing it to turn faster&#039;","&#039;. . . you turn a lot&#039;"]},{"category":"Geography","type":"multiple","difficulty":"medium","question":"Which of these countries is NOT located in Africa?","correct_answer":"Suriname","incorrect_answers":["Burkina Faso","Mozambique","Algeria"]},{"category":"Entertainment: Music","type":"multiple","difficulty":"easy","question":"Finish these lyrics from the 2016 song &quot;Panda&quot; by Desiigner: &quot;I got broads in _______&quot;.","correct_answer":"Atlanta","incorrect_answers":["Savannah","Augusta","Marietta"]},{"category":"General Knowledge","type":"multiple","difficulty":"medium","question":"Who is a co-founder of music streaming service Spotify?","correct_answer":"Daniel Ek","incorrect_answers":["Sean Parker","Felix Miller","Michael Breidenbruecker"]},{"category":"Geography","type":"multiple","difficulty":"medium","question":"What is the capital of the State of Washington, United States?","correct_answer":"Olympia","incorrect_answers":["Washington D.C.","Seattle","Yukon"]},{"category":"Entertainment: Music","type":"multiple","difficulty":"hard","question":"Which Death Grips album is the only one to feature a band member?","correct_answer":"No Love Deep Web","incorrect_answers":["Bottomless Pit","The Money Store","The Powers That B"]},{"category":"Mythology","type":"boolean","difficulty":"medium","question":"The Japanese god Izanagi successfully returned his wife Izanami from the Underworld.","correct_answer":"False","incorrect_answers":["True"]},{"category":"Entertainment: Comics","type":"multiple","difficulty":"hard","question":"In what Homestuck Update was [S] Game Over released?","correct_answer":"October 25th, 2014","incorrect_answers":["April 13th, 2009","April 8th, 2012","August 28th, 2003"]},{"category":"Animals","type":"boolean","difficulty":"medium","question":"The average lifespan of a wildcat is only around 5-6 years. ","correct_answer":"False","incorrect_answers":["True"]},{"category":"Entertainment: Television","type":"boolean","difficulty":"medium","question":"In the TV series Red Dwarf, Kryten&#039;s full name is Kryten 2X4B-523P.","correct_answer":"True","incorrect_answers":["False"]},{"category":"Entertainment: Television","type":"multiple","difficulty":"medium","question":"Dee from &quot;It&#039;s Always Sunny in Philadelphia&quot; has dated all of the following guys EXCEPT","correct_answer":"Matthew &quot;Rickety Cricket&quot; Mara","incorrect_answers":["Colin the Thief","Ben the Soldier","Kevin Gallagher aka Lil&#039; Kevin"]},{"category":"Entertainment: Television","type":"multiple","difficulty":"easy","question":"In Game of Thrones, what continent lies across the Narrow Sea from Westeros?","correct_answer":"Essos","incorrect_answers":["Easteros","Westereast","Esuntos"]},{"category":"History","type":"multiple","difficulty":"medium","question":"What is the bloodiest event in United States history, in terms of casualties?","correct_answer":"Battle of Antietam","incorrect_answers":["Pearl Harbor","September 11th","D-Day"]},{"category":"Entertainment: Japanese Anime & Manga","type":"multiple","difficulty":"easy","question":"What caused the titular mascot of Yo-Kai Watch, Jibanyan, to become a yokai?","correct_answer":"Being run over by a truck","incorrect_answers":["Ate one too many chocobars","Through a magical ritual","When he put on the harmaki"]},{"category":"Entertainment: Video Games","type":"multiple","difficulty":"easy","question":"Which of the following is not a faction in Tom Clancy&#039;s The Division?","correct_answer":"CDC","incorrect_answers":["Cleaners","Last Man Batallion","Rikers"]},{"category":"Entertainment: Video Games","type":"multiple","difficulty":"medium","question":"Which of these characters was almost added into Super Smash Bros. Melee, but not included as the game was too far in development?","correct_answer":"Solid Snake","incorrect_answers":["Pit","Meta Knight","R.O.B."]},{"category":"History","type":"multiple","difficulty":"hard","question":"Who was the President of the United States during the signing of the Gadsden Purchase?","correct_answer":"Franklin Pierce","incorrect_answers":["Andrew Johnson","Abraham Lincoln","James Polk"]},{"category":"Entertainment: Film","type":"multiple","difficulty":"easy","question":"Who plays the character of Po in the Kung Fu Panda movies?","correct_answer":"Jack Black","incorrect_answers":["Mirana Jonnes","McConahey Ramses","Jim Petersson"]},{"category":"Vehicles","type":"multiple","difficulty":"medium","question":"When was Cadillac founded?","correct_answer":"1902","incorrect_answers":["1964","1898","1985"]},{"category":"Entertainment: Film","type":"multiple","difficulty":"medium","question":"Which famous singer was portrayed by actor Kevin Spacey in the 2004 biographical film &quot;Beyond the Sea&quot;?","correct_answer":"Bobby Darin","incorrect_answers":["Louis Armstrong","Frank Sinatra","Dean Martin"]},{"category":"Entertainment: Television","type":"multiple","difficulty":"easy","question":"In season one of the Netflix political drama &quot;House of Cards&quot;, what government position does Frank Underwood hold?","correct_answer":"House Majority Whip","incorrect_answers":["Attorney General","President","Chief of Staff"]},{"category":"Entertainment: Video Games","type":"multiple","difficulty":"easy","question":"What video game engine does the videogame Quake 2 run in?","correct_answer":"iD Tech 2","incorrect_answers":["iD Tech 3","iD Tech 1","Unreal Engine"]},{"category":"Entertainment: Video Games","type":"multiple","difficulty":"medium","question":"When was &quot;System Shock&quot; released?","correct_answer":"1994","incorrect_answers":["1995","2000","1998"]},{"category":"Entertainment: Film","type":"multiple","difficulty":"hard","question":"According to &quot;Star Wars&quot; lore, which planet does Obi-Wan Kenobi come from?","correct_answer":"Stewjon","incorrect_answers":["Alderaan","Tatooine","Naboo"]},{"category":"Science: Computers","type":"multiple","difficulty":"hard","question":"Who invented the &quot;Spanning Tree Protocol&quot;?","correct_answer":"Radia Perlman","incorrect_answers":["Paul Vixie","Vint Cerf","Michael Roberts"]},{"category":"Geography","type":"multiple","difficulty":"easy","question":"Which ocean borders the west coast of the United States?","correct_answer":"Pacific","incorrect_answers":["Atlantic","Indian","Arctic"]},{"category":"Entertainment: Television","type":"multiple","difficulty":"hard","question":"In season one of the US Kitchen Nightmares, Gordan Ramsay tried to save 10 different restaurants. How many ended up closing afterwards?","correct_answer":"9","incorrect_answers":["6","3","0"]},{"category":"Entertainment: Television","type":"multiple","difficulty":"easy","question":"Who was the first ever actor to play &quot;The Doctor&quot; on &quot;Doctor Who&quot;?","correct_answer":"William Hartnell","incorrect_answers":["David Tennant","Peter Capaldi","Tom Baker"]},{"category":"General Knowledge","type":"multiple","difficulty":"medium","question":"Which item of clothing is usually worn by a Scotsman at a wedding?","correct_answer":"Kilt","incorrect_answers":["Skirt","Dress","Rhobes"]},{"category":"Science & Nature","type":"multiple","difficulty":"hard","question":"Which of the following is the term for &quot;surgical complications resulting from surgical sponges left inside the patient&#039;s body?","correct_answer":"Gossypiboma","incorrect_answers":["Gongoozler","Jentacular","Meupareunia"]},{"category":"Entertainment: Television","type":"multiple","difficulty":"easy","question":"The HBO series &quot;Game of Thrones&quot; is based on which series of books?","correct_answer":"A Song of Ice and Fire","incorrect_answers":["The Wheel of Time","Harry Potter","The Notebook"]},{"category":"Entertainment: Board Games","type":"multiple","difficulty":"medium","question":"In what year was the card game Magic: the Gathering first introduced?","correct_answer":"1993","incorrect_answers":["1987","1998","2003"]},{"category":"Entertainment: Music","type":"multiple","difficulty":"easy","question":"How many strings are there on a cello?","correct_answer":"4","incorrect_answers":["5","6","8"]},{"category":"Entertainment: Film","type":"multiple","difficulty":"medium","question":"Brendan Fraser starred in the following movies, except which one?","correct_answer":"Titanic","incorrect_answers":["Monkeybone","Encino Man","Mrs. Winterbourne"]},{"category":"Entertainment: Cartoon & Animations","type":"multiple","difficulty":"easy","question":"In The Simpsons, which war did Seymour Skinner serve in the USA Army as a Green Beret?","correct_answer":"Vietnam War","incorrect_answers":["World War 2","World War 1","Cold War"]},{"category":"Entertainment: Music","type":"boolean","difficulty":"medium","question":"&quot;Neutral Milk Hotel&quot; is a real band.","correct_answer":"True","incorrect_answers":["False"]},{"category":"Entertainment: Video Games","type":"multiple","difficulty":"easy","question":"In Pokemon, the ability Wonder Guard is exclusive to which Pokemon? ","correct_answer":"Shedinja ","incorrect_answers":["Sableye","Spiritomb","Silvally "]},{"category":"General Knowledge","type":"multiple","difficulty":"medium","question":"Linus Pauling, one of the only winners of multiple Nobel Prizes, earned his Nobel Prizes in Chemistry and what?","correct_answer":"Peace","incorrect_answers":["Physics","Economics","Physiology\/Medicine"]},{"category":"Science & Nature","type":"multiple","difficulty":"medium","question":"What is the study of the cells and tissues of plants and animals?","correct_answer":"Histology","incorrect_answers":["Microbiology","Anatomy","Biochemistry"]},{"category":"History","type":"multiple","difficulty":"medium","question":"The fraudelent doctor John R. Brinkley acummulated great fame and wealth in the early 1900s offering what service?","correct_answer":"Goat testicles transplant","incorrect_answers":["Pig blood transfusion","Cow liver transplant","Turkey breast implants"]},{"category":"Sports","type":"multiple","difficulty":"hard","question":"Which of these Russian cities did NOT contain a stadium that was used in the 2018 FIFA World Cup?","correct_answer":"Vladivostok","incorrect_answers":["Rostov-on-Don","Yekaterinburg","Kaliningrad"]},{"category":"Entertainment: Television","type":"multiple","difficulty":"medium","question":"The fictional movie &#039;Rochelle, Rochelle&#039; features in which sitcom?","correct_answer":"Seinfeld","incorrect_answers":["Frasier","Cheers","Friends"]}]}