{"response_code":0,"results":[{"category":"General Knowledge","type":"multiple","difficulty":"easy","question":"Virgin Trains, Virgin Atlantic and Virgin Racing, are all companies owned by which famous entrepreneur?   ","correct_answer":"Richard Branson","incorrect_answers":["Alan Sugar","Donald Trump","Bill Gates"]},{"category":"Entertainment: Comics","type":"multiple","difficulty":"medium","question":"What&#039;s the name of Batman&#039;s parents?","correct_answer":"Thomas &amp; Martha","incorrect_answers":["Joey &amp; Jackie","Jason &amp; Sarah","Todd &amp; Mira"]},{"category":"Geography","type":"boolean","difficulty":"easy","question":"A group of islands is called an &#039;archipelago&#039;.","correct_answer":"True","incorrect_answers":["False"]},{"category":"Animals","type":"multiple","difficulty":"medium","question":"What color\/colour is a polar bear&#039;s skin?","correct_answer":"Black","incorrect_answers":["White","Pink","Green"]},{"category":"Entertainment: Film","type":"multiple","difficulty":"medium","question":"This movie contains the quote, &quot;I love the smell of napalm in the morning!&quot;","correct_answer":"Apocalypse Now","incorrect_answers":["Platoon","The Deer Hunter","Full Metal Jacket"]},{"category":"Geography","type":"multiple","difficulty":"medium","question":"What African country has Portuguese as its official language?","correct_answer":"Mozambique","incorrect_answers":["Botswana","Gabon","Togo"]},{"category":"Entertainment: Musicals & Theatres","type":"multiple","difficulty":"easy","question":"Who wrote the award winning musical &quot;In The Heights&quot;?","correct_answer":"Lin-Manuel Miranda","incorrect_answers":["Steven Sondheim","Francis Scott Key","John Phillips Sousa"]},{"category":"Entertainment: Video Games","type":"multiple","difficulty":"easy","question":"In Portal 2, how did CEO of Aperture Science, Cave Johnson, presumably die?","correct_answer":"Moon Rock Poisoning","incorrect_answers":["Accidentally sending a portal to the Moon","Slipped in the shower","Asbestos Poisoning"]},{"category":"Entertainment: Film","type":"multiple","difficulty":"easy","question":"Who plays Alice in the Resident Evil movies?","correct_answer":"Milla Jovovich","incorrect_answers":["Madison Derpe","Milla Johnson","Kim Demp"]},{"category":"Entertainment: Television","type":"multiple","difficulty":"easy","question":"Guy&#039;s Grocery Games is hosted by which presenter?","correct_answer":"Guy Fieri","incorrect_answers":["Guy Martin","Guy Ritchie","Ainsley Harriott"]},{"category":"Entertainment: Video Games","type":"multiple","difficulty":"easy","question":"What is the first weapon you acquire in Half-Life?","correct_answer":"A crowbar","incorrect_answers":["A pistol","The H.E.V suit","Your fists"]},{"category":"Entertainment: Video Games","type":"boolean","difficulty":"hard","question":"Danganronpa 2: Goodbye Despair featured all of the surviving students from the first game.","correct_answer":"False","incorrect_answers":["True"]},{"category":"Entertainment: Video Games","type":"multiple","difficulty":"easy","question":"Which of the following is NOT a summon in the game &quot;South Park: The Stick of Truth&quot;?","correct_answer":"Towelie","incorrect_answers":["Jesus","Mr. Hankey","Mr. Slave"]},{"category":"Entertainment: Video Games","type":"multiple","difficulty":"easy","question":"What is the default alias that Princess Garnet goes by in Final Fantasy IX?","correct_answer":"Dagger","incorrect_answers":["Dirk","Garnet","Quina"]},{"category":"Entertainment: Film","type":"multiple","difficulty":"medium","question":"What is the correct phrase for the Latin saying &quot;Romanes Eunt Domus&quot; in Monty Python&#039;s Life of Brian?","correct_answer":"Romani Ite Domum","incorrect_answers":["Romans Go Home","Roxani Ite Domum","Tomate Ite Domum"]},{"category":"General Knowledge","type":"multiple","difficulty":"easy","question":"What do the letters in the GMT time zone stand for?","correct_answer":"Greenwich Mean Time","incorrect_answers":["Global Meridian Time","General Median Time","Glasgow Man Time"]},{"category":"Entertainment: Video Games","type":"multiple","difficulty":"medium","question":"In the game &quot;Subnautica&quot;, which feature was removed due to performance issues in 2016?","correct_answer":"Terraforming","incorrect_answers":["Building","Crafting","Multiplayer"]},{"category":"Entertainment: Television","type":"multiple","difficulty":"medium","question":"What is the surname of the character Daryl in AMC&#039;s show The Walking Dead?","correct_answer":"Dixon","incorrect_answers":["Grimes","Dickinson","Dicketson"]},{"category":"Entertainment: Video Games","type":"multiple","difficulty":"medium","question":"In the first Left 4 Dead, you can play as either of these four characters.","correct_answer":"Francis, Bill, Zoey, and Louis","incorrect_answers":["Bender, Andrew, Allison, and Brian","Coach, Ellis, Nick, and Rochelle","Harry, Ron, Hermione and Dumbledore"]},{"category":"Entertainment: Film","type":"multiple","difficulty":"hard","question":"What was the name of the actor who played Leatherface in the 1974 horror film, The Texas Chainsaw Massacre?","correct_answer":"Gunnar Hansen","incorrect_answers":["Edwin Neal","John Dugan","Joe Bill Hogan"]},{"category":"Entertainment: Video Games","type":"multiple","difficulty":"hard","question":"Which day in &quot;Papers, Please&quot; does the man in red appear?","correct_answer":"Day 23","incorrect_answers":["Day 20","Day 17","Day 15"]},{"category":"Entertainment: Film","type":"boolean","difficulty":"medium","question":"Joan Cusack starred in the 2009 disaster movie, &quot;2012&quot;.","correct_answer":"False","incorrect_answers":["True"]},{"category":"Entertainment: Cartoon & Animations","type":"multiple","difficulty":"medium","question":"In &quot;The Amazing World of Gumball&quot;, who is the principal of Elmore Junior High?","correct_answer":"Principal Brown","incorrect_answers":["Principal Small","Principal Brawn","Principal Simeon"]},{"category":"Entertainment: Japanese Anime & Manga","type":"multiple","difficulty":"medium","question":"In the ADV (English) Dub of the anime &quot;Ghost Stories&quot;, which character is portrayed as a Pentacostal Christian?","correct_answer":"Momoko Koigakubo","incorrect_answers":["Hajime Aoyama","Satsuki Miyanoshita","Mio Itai"]},{"category":"Entertainment: Television","type":"multiple","difficulty":"hard","question":"In the TV Show &quot;Donkey Kong Country&quot;, which episode did the song &quot;Eddie, Let Me Go Back To My Home&quot; play in?","correct_answer":"It&#039;s a Wonderful Life","incorrect_answers":["Message In A Bottle Show","To The Moon Baboon","Ape-Nesia"]},{"category":"Entertainment: Japanese Anime & Manga","type":"multiple","difficulty":"easy","question":"The two main characters of &quot;No Game No Life&quot;, Sora and Shiro, together go by what name?","correct_answer":"Blank","incorrect_answers":["Immanity","Disboard","Warbeasts"]},{"category":"Entertainment: Video Games","type":"multiple","difficulty":"hard","question":"Which variant of the MP5 is depicted in Counter-Strike 1.6?","correct_answer":"MP5N","incorrect_answers":["MP5SD","MP5K","MP5RAS"]},{"category":"Entertainment: Television","type":"multiple","difficulty":"hard","question":"In &quot;Star Trek&quot;, what is the Klingon delicacy of &quot;gagh&quot; made from?","correct_answer":"Serpent worms","incorrect_answers":["Earthworms","Spaghetti noodles","Klingworms"]},{"category":"Entertainment: Cartoon & Animations","type":"multiple","difficulty":"easy","question":"In the show &quot;Foster&#039;s Home For Imaginary Friends&quot;, which character had an obsession with basketball?","correct_answer":"Wilt","incorrect_answers":["Coco","Mac","Cheese"]},{"category":"General Knowledge","type":"multiple","difficulty":"hard","question":"What was Bank of America originally established as?","correct_answer":"Bank of Italy","incorrect_answers":["Bank of Long Island","Bank of Pennsylvania","Bank of Charlotte"]},{"category":"Entertainment: Television","type":"multiple","difficulty":"easy","question":"How many seasons did the Sci-Fi television show &quot;Stargate Atlantis&quot; have?","correct_answer":"5","incorrect_answers":["10","2","7"]},{"category":"Entertainment: Video Games","type":"multiple","difficulty":"medium","question":"What is the name of Cream the Rabbit&#039;s mom in the &quot;Sonic the Hedgehog&quot; series?","correct_answer":"Vanilla","incorrect_answers":["Peach","Strawberry","Mint"]},{"category":"Entertainment: Video Games","type":"multiple","difficulty":"medium","question":"In the &quot;Call Of Duty: Zombies&quot; map &quot;Moon&quot;, there is a secondary called the QED. What does QED stand for?","correct_answer":"Quantum Entanglement Device","incorrect_answers":["Quad Ectoplasmic Driver","Question Every Dog","Quality Edward Device"]},{"category":"History","type":"multiple","difficulty":"medium","question":"The minigun was designed in 1960 by which manufacturer.","correct_answer":"General Electric","incorrect_answers":["Colt Firearms","Heckler &amp; Koch","Sig Sauer"]},{"category":"History","type":"multiple","difficulty":"medium","question":"Which country gifted the Statue of Liberty to the United States of America?","correct_answer":"France","incorrect_answers":["Spain","England","Germany"]},{"category":"Entertainment: Video Games","type":"multiple","difficulty":"hard","question":"What is the name of the main island in PLAYERUNKNOWN&#039;S BATTLEGROUNDS?","correct_answer":"Erangel","incorrect_answers":["Marmara","Severny","Lastovo"]},{"category":"Entertainment: Film","type":"multiple","difficulty":"medium","question":"What is Lilo&#039;s last name from Lilo and Stitch?","correct_answer":"Pelekai","incorrect_answers":["Anoa\u02bbi","Kealoha","Ku\u02bbulei"]},{"category":"Sports","type":"multiple","difficulty":"medium","question":"Which of the following pitchers was named National League Rookie of the Year for the 2013 season?","correct_answer":"Jose Fernandez","incorrect_answers":["Jacob deGrom","Shelby Miller","Matt Harvey"]},{"category":"Geography","type":"boolean","difficulty":"easy","question":"Nova Scotia is on the east coast of Canada.","correct_answer":"True","incorrect_answers":["False"]},{"category":"Entertainment: Video Games","type":"multiple","difficulty":"medium","question":"Who is the main villain of the Crash Bandicoot series?","correct_answer":"Dr. Neo Cortex","incorrect_answers":["Dr. Evo-Cortex","Dr. Cortox","Sir Cartex"]},{"category":"Entertainment: Books","type":"multiple","difficulty":"easy","question":"What was the first ever entry written for the SCP Foundation collaborative writing project?","correct_answer":"SCP-173","incorrect_answers":["SCP-001","SCP-999","SCP-1459"]},{"category":"General Knowledge","type":"multiple","difficulty":"easy","question":"What nuts are used in the production of marzipan?","correct_answer":"Almonds","incorrect_answers":["Peanuts","Walnuts","Pistachios"]},{"category":"History","type":"multiple","difficulty":"hard","question":"The ancient city of Chich&eacute;n Itz&aacute; was built by which civilization?","correct_answer":"Mayans","incorrect_answers":["Aztecs","Incas","Toltecs"]},{"category":"Entertainment: Video Games","type":"multiple","difficulty":"medium","question":"Which of these roles in Town of Salem is mafia?","correct_answer":"Disguiser","incorrect_answers":["Escort","Lookout","Transporter"]},{"category":"Geography","type":"multiple","difficulty":"hard","question":"What is the capital of Wisconsin, USA?","correct_answer":"Madison","incorrect_answers":["Milwaukee","Wisconsin Dells","Green Bay"]},{"category":"Entertainment: Video Games","type":"multiple","difficulty":"easy","question":"Rincewind from the 1995 Discworld game was voiced by which member of Monty Python?","correct_answer":"Eric Idle","incorrect_answers":["John Cleese","Terry Gilliam","Michael Palin"]},{"category":"Animals","type":"boolean","difficulty":"easy","question":"The internet browser Firefox is named after the Red Panda.","correct_answer":"True","incorrect_answers":["False"]},{"category":"Entertainment: Video Games","type":"multiple","difficulty":"medium","question":"What CoD &quot;Deathstreak&quot; is only featured in Call of Duty : Modern Warfare 2?","correct_answer":"Copycat","incorrect_answers":[" Martrydom","Final Stand","Revenge"]},{"category":"Mythology","type":"multiple","difficulty":"hard","question":"Who is a minor god that is protector and creator of various arts, such as cheese making and bee keeping.","correct_answer":"Aristaeus","incorrect_answers":["Autonoe","Carme","Cephisso"]},{"category":"Entertainment: Video Games","type":"multiple","difficulty":"easy","question":"Which psychopath(s) in Dead Rising 1 gave you the small chainsaw?","correct_answer":"Adam the Clown","incorrect_answers":["Cliff Hudson","The convicts","Larry the butcher"]}]}