{"response_code":0,"results":[{"category":"Sports","type":"multiple","difficulty":"easy","question":"Which of the following sports is not part of the triathlon?","correct_answer":"Horse-Riding","incorrect_answers":["Cycling","Swimming","Running"]},{"category":"History","type":"multiple","difficulty":"medium","question":"What event marked the start of World War II?","correct_answer":"Invasion of Poland (1939)","incorrect_answers":["Invasion of Russia (1942)","Battle of Britain (1940)","Invasion of Normandy (1944)"]},{"category":"Entertainment: Film","type":"multiple","difficulty":"hard","question":"In the film &quot;Interstellar&quot;, how long did they spend on Miller&#039;s planet?","correct_answer":"23 years, 4 months, and 8 days","incorrect_answers":["15 years, 2 months, and 15 days","10 months and 6 days","26 years, 4 months, and 10 days"]},{"category":"Celebrities","type":"multiple","difficulty":"easy","question":"Named after a character he played in a 1969 film, what is the name of the ski resort in Utah that Robert Redford bought in 1968?","correct_answer":"Sundance","incorrect_answers":["Woodward","Turner","Booker"]},{"category":"Entertainment: Video Games","type":"boolean","difficulty":"easy","question":"The song &quot;Megalovania&quot; by Toby Fox made its third appearence in the 2015 RPG &quot;Undertale&quot;.","correct_answer":"True","incorrect_answers":["False"]},{"category":"Entertainment: Video Games","type":"boolean","difficulty":"medium","question":"DragonForce&#039;s &#039;Through the Fire and Flames&#039; is widely considered to be the hardest song in the Guitar Hero series.","correct_answer":"True","incorrect_answers":["False"]},{"category":"General Knowledge","type":"multiple","difficulty":"easy","question":"On a dartboard, what number is directly opposite No. 1?","correct_answer":"19","incorrect_answers":["20","12","15"]},{"category":"Entertainment: Books","type":"multiple","difficulty":"easy","question":"Who wrote the novel &#039;Fear And Loathing In Las Vegas&#039;?","correct_answer":"Hunter S. Thompson","incorrect_answers":["F. Scott Fitzgerald","Henry Miller","William S. Burroughs"]},{"category":"Science & Nature","type":"multiple","difficulty":"medium","question":"Which chemical element has the lowest boiling point?","correct_answer":"Helium","incorrect_answers":["Hydrogen","Neon","Nitrogen"]},{"category":"Entertainment: Video Games","type":"boolean","difficulty":"easy","question":"In &quot;Super Mario 64&quot;, collecting 100 coins on a level will give you a 1-UP.","correct_answer":"False","incorrect_answers":["True"]},{"category":"Entertainment: Film","type":"multiple","difficulty":"medium","question":"Which of the following James Bond villains is not affiliated with the SPECTRE organization?","correct_answer":"Auric Goldfinger","incorrect_answers":["Dr. Julius No","Rosa Klebb","Emilio Largo"]},{"category":"Entertainment: Television","type":"multiple","difficulty":"easy","question":"In which British seaside town was the BBC sitcom &quot;Fawlty Towers&quot; set?","correct_answer":"Torquay","incorrect_answers":["Blackpool","Bournemouth","Great Yarmouth"]},{"category":"Entertainment: Film","type":"multiple","difficulty":"medium","question":"This movie contains the quote, &quot;What we&#039;ve got here is a failure to communicate.&quot;","correct_answer":"Cool Hand Luke","incorrect_answers":["Bonnie and Clyde","The Graduate","In the Heat of the Night"]},{"category":"Entertainment: Film","type":"multiple","difficulty":"medium","question":"What is the name of the dog that played Toto in the 1939 film &quot;The Wizard of Oz&quot;?","correct_answer":"Terry","incorrect_answers":["Tommy","Teddy","Toto"]},{"category":"Sports","type":"multiple","difficulty":"easy","question":"Who won the 2015 Formula 1 World Championship?","correct_answer":"Lewis Hamilton","incorrect_answers":["Nico Rosberg","Sebastian Vettel","Jenson Button"]},{"category":"Entertainment: Video Games","type":"multiple","difficulty":"medium","question":"Who was the first female protagonist in a video game?","correct_answer":"Samus Aran","incorrect_answers":["Lara Croft","Alis Landale","Chell"]},{"category":"Celebrities","type":"multiple","difficulty":"medium","question":"What year did radio icon Howard Stern start a job at radio station WNBC?","correct_answer":"1982","incorrect_answers":["1985","1984","1995"]},{"category":"Entertainment: Music","type":"multiple","difficulty":"medium","question":"The 1952 musical composition 4&#039;33&quot;, composed by prolific American composer John Cage, is mainly comprised of what sound?","correct_answer":"Silence","incorrect_answers":["Farts","People talking","Cricket chirps"]},{"category":"Entertainment: Video Games","type":"boolean","difficulty":"medium","question":"TF2: The Heavy&#039;s voice actor, Gary Schwartz, voices the Demoman as well ","correct_answer":"True","incorrect_answers":["False"]},{"category":"Entertainment: Video Games","type":"boolean","difficulty":"easy","question":"In the &quot;Half-Life&quot; series, &quot;H.E.V&quot; stands for &quot;Hazardous Evasiveness Vest&quot;","correct_answer":"False","incorrect_answers":["True"]},{"category":"Geography","type":"multiple","difficulty":"easy","question":"Which of these African countries list &quot;Spanish&quot; as an official language?","correct_answer":"Equatorial Guinea","incorrect_answers":["Guinea","Cameroon","Angola"]},{"category":"Science: Computers","type":"multiple","difficulty":"easy","question":"On Twitter, what was the original character limit for a Tweet?","correct_answer":"140","incorrect_answers":["120","160","100"]},{"category":"Entertainment: Video Games","type":"multiple","difficulty":"medium","question":"Which company did Bethesda purchase the Fallout Series from?","correct_answer":"Interplay Entertainment ","incorrect_answers":["Capcom","Blizzard Entertainment","Nintendo"]},{"category":"Science: Mathematics","type":"multiple","difficulty":"medium","question":"What Greek letter is used to signify summation?","correct_answer":"Sigma","incorrect_answers":["Delta","Alpha","Omega"]},{"category":"Entertainment: Books","type":"multiple","difficulty":"easy","question":"What is the name of the protagonist of J.D. Salinger&#039;s novel Catcher in the Rye?","correct_answer":"Holden Caulfield","incorrect_answers":["Fletcher Christian","Jay Gatsby","Randall Flagg"]},{"category":"Mythology","type":"multiple","difficulty":"easy","question":"Which figure from Greek mythology traveled to the underworld to return his wife Eurydice to the land of the living?","correct_answer":"Orpheus","incorrect_answers":["Hercules","Perseus","Daedalus"]},{"category":"Entertainment: Film","type":"boolean","difficulty":"medium","question":"Sean Connery wasn&#039;t in &quot;Indiana Jones and the Kingdom of the Crystal Skull&quot; because he found retirement too enjoyable.","correct_answer":"True","incorrect_answers":["False"]},{"category":"Geography","type":"multiple","difficulty":"medium","question":"How many timezones does Russia have?","correct_answer":"11","incorrect_answers":["6","24","16"]},{"category":"Entertainment: Music","type":"multiple","difficulty":"medium","question":"Who is the lead singer of The Lumineers?","correct_answer":"Wesley Schultz","incorrect_answers":["Jeremiah Fraites","Jay Van Dyke","Neyla Pekarek"]},{"category":"Entertainment: Music","type":"multiple","difficulty":"medium","question":"How many members are in the Japanese rock band SCANDAL?","correct_answer":"4","incorrect_answers":["5","2","18"]},{"category":"Entertainment: Video Games","type":"multiple","difficulty":"medium","question":"Which country was Eliza &quot;Ash&quot; Cohen from &quot;Tom Clancy&#039;s Rainbow Six Siege&quot; born in?","correct_answer":"Israel","incorrect_answers":["United States of America","Mexico","Canada"]},{"category":"Entertainment: Cartoon & Animations","type":"multiple","difficulty":"easy","question":"What is Everest&#039;s favorite food in the Nickelodeon\/Nick Jr. series &quot;PAW Patrol&quot;?","correct_answer":"Liver","incorrect_answers":["Chicken","Steak","Caribou"]},{"category":"History","type":"multiple","difficulty":"medium","question":"When did the British hand-over sovereignty of Hong Kong back to China?","correct_answer":"1997","incorrect_answers":["1999","1841","1900"]},{"category":"Entertainment: Cartoon & Animations","type":"multiple","difficulty":"medium","question":"In &quot;The Simpsons&quot;, where did Homer and Marge first meet?","correct_answer":"At Summer Camp","incorrect_answers":["At High School","At Church","At 742 Evergreen Terrace"]},{"category":"Entertainment: Music","type":"multiple","difficulty":"medium","question":"Who is the vocalist and frontman of rock band &quot;Guns N&#039; Roses&quot;?","correct_answer":"Axl Rose","incorrect_answers":["Kurt Cobain","Slash","Bono"]},{"category":"Politics","type":"multiple","difficulty":"hard","question":"Which of these was an official candidate in the 2017 British General Election?","correct_answer":"Lord Buckethead","incorrect_answers":["James Francis","Robert Wimbledon","Sir Crumpetsby"]},{"category":"Mythology","type":"multiple","difficulty":"medium","question":"In African mythology, Anansi is a trickster and storyteller who takes the shape of which animal?","correct_answer":"Spider","incorrect_answers":["Wild dog","Monkey","Crocodile"]},{"category":"Geography","type":"multiple","difficulty":"medium","question":"Which is the world&#039;s longest river?","correct_answer":"Nile","incorrect_answers":["Missouri","Amazon","Yangtze"]},{"category":"Entertainment: Video Games","type":"multiple","difficulty":"medium","question":"What song is played during the ending credits of Guitar Hero: World Tour?","correct_answer":"Dream Theater - Pull Me Under","incorrect_answers":["King Crimson - 21st Century Schizoid Man","Dragonforce - Through The Fire &amp; The Flames","Lynyrd Skynyrd - Free Bird"]},{"category":"Entertainment: Television","type":"multiple","difficulty":"medium","question":"Cesar Romero played which iconic Batman villain from the 1960&#039;s TV show?","correct_answer":"The Joker","incorrect_answers":["The Penguin","The Riddler","Mr. Freeze"]},{"category":"Animals","type":"multiple","difficulty":"hard","question":"What is the collective noun for vultures?","correct_answer":"Wake","incorrect_answers":["Ambush","Building","Gaze"]},{"category":"Entertainment: Japanese Anime & Manga","type":"multiple","difficulty":"medium","question":"In &quot;JoJo&#039;s Bizzare Adventure: Stardust Crusaders&quot;, what is the last name of the protagonist Jotaro?","correct_answer":"Kujo","incorrect_answers":["Cujoh","Joestar","Higashikata"]},{"category":"Sports","type":"multiple","difficulty":"easy","question":"Who won the 2017 Formula One World Drivers&#039; Championship?","correct_answer":"Lewis Hamilton","incorrect_answers":["Sebastian Vettel","Nico Rosberg","Max Verstappen"]},{"category":"Entertainment: Japanese Anime & Manga","type":"multiple","difficulty":"easy","question":"Which part from the JoJo&#039;s Bizarre Adventure manga is about a horse race across America?","correct_answer":"Part 7: Steel Ball Run","incorrect_answers":["Part 6: Stone Ocean","Part 3: Stardust Crusaders","Part 5: Golden Wind"]},{"category":"Entertainment: Television","type":"multiple","difficulty":"easy","question":"In the show &quot;Dragonball Z&quot;, what is the name of Cell&#039;s most powerful attack?","correct_answer":"Solar Kamehameha","incorrect_answers":["Super Kamehameha","Cell Kamehameha","Android Kamehameha"]},{"category":"Geography","type":"multiple","difficulty":"medium","question":"What is the longest river in Europe?","correct_answer":"Volga","incorrect_answers":["Danube","Rhine","Thames"]},{"category":"Entertainment: Video Games","type":"multiple","difficulty":"medium","question":"From where does the Nintendo video game character Mario derive his name?","correct_answer":"The landlord of the American headquarters","incorrect_answers":["Shigeru Miyamoto&#039;s father in law","Satoru Iwata&#039;s plumber","The date (Mar 10) that Donkey Kong was released."]},{"category":"History","type":"multiple","difficulty":"medium","question":"John Moses Browning, the designer of the M1918 BAR (Browning Automatic Rifle) was a part of which religion?","correct_answer":"Mormon","incorrect_answers":["Catholic","Jewish","Atheist"]},{"category":"Entertainment: Video Games","type":"multiple","difficulty":"hard","question":"Counting the Blood and Wine DLC, how many Hero Cards are there in total in The Witcher 3?","correct_answer":"25","incorrect_answers":["30","20","15"]},{"category":"Entertainment: Video Games","type":"multiple","difficulty":"medium","question":"How many stars are there to collect in Super Mario 64?","correct_answer":"120","incorrect_answers":["60","80","100"]}]}