{"response_code":0,"results":[{"category":"Science: Computers","type":"multiple","difficulty":"hard","question":"The Harvard architecture for micro-controllers added which additional bus?","correct_answer":"Instruction","incorrect_answers":["Address","Data","Control"]},{"category":"General Knowledge","type":"multiple","difficulty":"medium","question":"What does a milliner make and sell?","correct_answer":"Hats","incorrect_answers":["Shoes","Belts","Shirts"]},{"category":"Entertainment: Television","type":"multiple","difficulty":"medium","question":"Which track by &quot;Massive Attack&quot; is used for the theme of &quot;House&quot;? ","correct_answer":"Teardrop","incorrect_answers":["Protection","Angel","Black Milk"]},{"category":"Entertainment: Board Games","type":"multiple","difficulty":"easy","question":"How many dice are used in the game of Yahtzee?","correct_answer":"Five","incorrect_answers":["Four","Six","Eight"]},{"category":"Geography","type":"multiple","difficulty":"easy","question":"What country is the second largest in the world by area?","correct_answer":"Canada","incorrect_answers":["Russia","China","United States of America"]},{"category":"Entertainment: Film","type":"boolean","difficulty":"easy","question":"Leonardo DiCaprio won an Oscar for Best Actor in 2004&#039;s &quot;The Aviator&quot;.","correct_answer":"False","incorrect_answers":["True"]},{"category":"Entertainment: Video Games","type":"boolean","difficulty":"medium","question":"Super Mario Bros. was released in 1990.","correct_answer":"False","incorrect_answers":["True"]},{"category":"Entertainment: Film","type":"multiple","difficulty":"medium","question":"In which 1955 film does Frank Sinatra play Nathan Detroit?","correct_answer":"Guys and Dolls","incorrect_answers":["Anchors Aweigh","From Here to Eternity","High Society"]},{"category":"Entertainment: Board Games","type":"multiple","difficulty":"easy","question":"How many dots are on a single die?","correct_answer":"21","incorrect_answers":["24","15","18"]},{"category":"Science & Nature","type":"multiple","difficulty":"medium","question":"To the nearest minute, how long does it take for light to travel from the Sun to the Earth?","correct_answer":"8 Minutes","incorrect_answers":["6 Minutes","2 Minutes","12 Minutes"]},{"category":"Entertainment: Video Games","type":"multiple","difficulty":"easy","question":"What is the name of the main healing item in Dark Souls?","correct_answer":"Estus Flask","incorrect_answers":["Health Potion","Orange Juice","Ashen Flask"]},{"category":"Entertainment: Books","type":"multiple","difficulty":"medium","question":"By what name was the author Eric Blair better known?","correct_answer":"George Orwell","incorrect_answers":["Aldous Huxley","Ernest Hemingway","Ray Bradbury"]},{"category":"Entertainment: Video Games","type":"multiple","difficulty":"easy","question":"In &quot;Undertale&quot;, how many main endings are there?","correct_answer":"3","incorrect_answers":["2","5","13"]},{"category":"Geography","type":"multiple","difficulty":"medium","question":"Where is the area commonly known as the Bermuda Triangle?","correct_answer":"North Atlantic Ocean, between Florida and Puerto Rico","incorrect_answers":["North Pacific Ocean, between Japan and the USA","In the Caribbean Sea","South Pacific Ocean, far off Chile"]},{"category":"Entertainment: Video Games","type":"boolean","difficulty":"easy","question":"&quot;Half-Life 2&quot; runs on the Source Engine.","correct_answer":"True","incorrect_answers":["False"]},{"category":"Geography","type":"multiple","difficulty":"medium","question":"How many countries are larger than Australia?","correct_answer":"5","incorrect_answers":["4","3","6"]},{"category":"Entertainment: Video Games","type":"multiple","difficulty":"hard","question":"What is the name of the main character in the video game VA-11 HALL-A: Cyberpunk Bartender Action?","correct_answer":"Jill","incorrect_answers":["Dana","Alma","Anna"]},{"category":"History","type":"multiple","difficulty":"medium","question":"In which year did the First World War begin?","correct_answer":"1914","incorrect_answers":["1930","1917","1939"]},{"category":"Entertainment: Video Games","type":"boolean","difficulty":"easy","question":"Tetris is the #1 best-selling video game of all-time.","correct_answer":"False","incorrect_answers":["True"]},{"category":"Entertainment: Video Games","type":"boolean","difficulty":"medium","question":"In &quot;Overwatch,&quot; an allied McCree will say &quot;Step right up&quot; upon using his ultimate ability Deadeye.","correct_answer":"True","incorrect_answers":["False"]},{"category":"Entertainment: Video Games","type":"boolean","difficulty":"easy","question":"In &quot;Super Mario 3D World&quot;, the Double Cherry power-up originated from a developer accidentally making two characters controllable.","correct_answer":"True","incorrect_answers":["False"]},{"category":"General Knowledge","type":"boolean","difficulty":"easy","question":"On average, at least 1 person is killed by a drunk driver in the United States every hour.","correct_answer":"True","incorrect_answers":["False"]},{"category":"Vehicles","type":"boolean","difficulty":"easy","question":"The full English name of the car manufacturer BMW is Bavarian Motor Works","correct_answer":"True","incorrect_answers":["False"]},{"category":"Geography","type":"multiple","difficulty":"easy","question":"What is the Capital of the United States?","correct_answer":"Washington, D.C.","incorrect_answers":["Los Angelas, CA","New York City, NY","Houston, TX"]},{"category":"Geography","type":"boolean","difficulty":"easy","question":"Toronto is the capital city of the North American country of Canada.","correct_answer":"False","incorrect_answers":["True"]},{"category":"Science: Gadgets","type":"multiple","difficulty":"hard","question":"Which of the following is the standard THX subwoofer crossover frequency?","correct_answer":"80 Hz","incorrect_answers":["70 Hz","90 Hz","100 Hz"]},{"category":"Entertainment: Japanese Anime & Manga","type":"multiple","difficulty":"easy","question":"In the anime Seven Deadly Sins what is the name of one of the sins?","correct_answer":"Diane","incorrect_answers":["Sakura","Ayano","Sheska"]},{"category":"Entertainment: Video Games","type":"multiple","difficulty":"hard","question":"In the National Pokedex what number is Porygon-Z?","correct_answer":"474","incorrect_answers":["376","432","589"]},{"category":"General Knowledge","type":"boolean","difficulty":"easy","question":"When you cry in space, your tears stick to your face.","correct_answer":"True","incorrect_answers":["False"]},{"category":"General Knowledge","type":"boolean","difficulty":"hard","question":"In Scandinavian languages, the letter &Aring; means river.","correct_answer":"True","incorrect_answers":["False"]},{"category":"Entertainment: Video Games","type":"multiple","difficulty":"medium","question":"In the game The World Ends With You, all of these characters act as a game partner with Neku for a week except:","correct_answer":"Rhyme","incorrect_answers":["Shiki","Joshua","Beat"]},{"category":"Entertainment: Video Games","type":"multiple","difficulty":"easy","question":"Which of the following Elite Four members from the 6th Generation of Pok&eacute;mon was a member of Team Flare?","correct_answer":"Malva","incorrect_answers":["Siebold","Wikstrom","Drasna"]},{"category":"Entertainment: Comics","type":"multiple","difficulty":"medium","question":"Who created Ultron of Earth-616?","correct_answer":"Henry Pym","incorrect_answers":["Amadeus Cho","Tony Stark","Reed Richards"]},{"category":"Entertainment: Film","type":"multiple","difficulty":"medium","question":"Who played the Cenobite called &quot;Pinhead&quot; in the original Hellraiser films?","correct_answer":"Doug Bradley","incorrect_answers":["Doug Jones","Doug Savant","Doug Benson"]},{"category":"Animals","type":"boolean","difficulty":"easy","question":"Cats have whiskers under their legs.","correct_answer":"True","incorrect_answers":["False"]},{"category":"Entertainment: Film","type":"multiple","difficulty":"easy","question":"&quot;The first rule is: you don&#039;t talk about it&quot; is a reference to which movie?","correct_answer":"Fight Club","incorrect_answers":["The Island","Unthinkable","American Pie"]},{"category":"Entertainment: Film","type":"multiple","difficulty":"easy","question":"In the 1992 film &quot;Army of Darkness&quot;, what name does Ash give to his double-barreled shotgun?","correct_answer":"Boomstick","incorrect_answers":["Bloomstick","Blastbranch","2-Pump Chump"]},{"category":"Entertainment: Television","type":"multiple","difficulty":"hard","question":"In &quot;Donkey Kong Country&quot;, why does Donkey Kong want to know the secret of the crystal coconut?","correct_answer":"He&#039;s the big kahuna.","incorrect_answers":["To find out where all the bananas are.","Because Diddy Kong forced him.","He wants to punish brutes."]},{"category":"Science: Mathematics","type":"multiple","difficulty":"easy","question":"The metric prefix &quot;atto-&quot; makes a measurement how much smaller than the base unit?","correct_answer":"One Quintillionth","incorrect_answers":["One Billionth","One Quadrillionth","One Septillionth"]},{"category":"Sports","type":"boolean","difficulty":"easy","question":"In Rugby League, performing a &quot;40-20&quot; is punished by a free kick for the opposing team.","correct_answer":"False","incorrect_answers":["True"]},{"category":"Entertainment: Video Games","type":"multiple","difficulty":"hard","question":"In &quot;The Binding of Isaac&quot;, which item instantly kills Mom and Mom&#039;s Heart?","correct_answer":"The Bible","incorrect_answers":["The Halo","Brimstone","Book of Shadows"]},{"category":"Entertainment: Video Games","type":"multiple","difficulty":"medium","question":"Which of these stages is not playable in &quot;Super Smash Bros. for Wii U&quot;?","correct_answer":"Fountain of Dreams","incorrect_answers":["Bridge of Eldin","75m","Miiverse"]},{"category":"Entertainment: Video Games","type":"multiple","difficulty":"medium","question":"What is the perk that was introduced in the &quot;Call Of Duty: Zombies&quot; map, &quot;Mob Of The Dead&quot;?","correct_answer":"Electric Cherry","incorrect_answers":["Quick Revive","Vulture Aid","Tombstone"]},{"category":"Entertainment: Film","type":"multiple","difficulty":"hard","question":"In the &quot;Jurassic Park&quot; universe, what was the first dinosaur cloned by InGen in 1986?","correct_answer":"Velociraptor","incorrect_answers":["Triceratops","Troodon","Brachiosaurus"]},{"category":"Entertainment: Video Games","type":"boolean","difficulty":"easy","question":"In &quot;Need for Speed: Porsche Unleashed&quot;, the player can only drive cars manufactured by Porsche.","correct_answer":"True","incorrect_answers":["False"]},{"category":"Science: Mathematics","type":"boolean","difficulty":"easy","question":"A scalene triangle has two sides of equal length.","correct_answer":"False","incorrect_answers":["True"]},{"category":"Entertainment: Television","type":"multiple","difficulty":"medium","question":"The 1985 Toyota Corolla &quot;AE86&quot; was the hero car for what anime? ","correct_answer":"Initial D","incorrect_answers":["Wangan Midnight","Ghost MF","Ex Driver"]},{"category":"Sports","type":"multiple","difficulty":"easy","question":"Which player holds the NHL record of 2,857 points?","correct_answer":"Wayne Gretzky","incorrect_answers":["Mario Lemieux ","Sidney Crosby","Gordie Howe"]},{"category":"Entertainment: Comics","type":"multiple","difficulty":"easy","question":"When was Marvel Comics founded?","correct_answer":"1939","incorrect_answers":["1932","1951","1936"]},{"category":"Entertainment: Comics","type":"multiple","difficulty":"hard","question":"In the Marvel Universe, the planet of Svartalfheim is home to what race?","correct_answer":"Dark Elves","incorrect_answers":["Frost Giants","Kronans","Skrulls"]}]}