{"response_code":0,"results":[{"category":"Sports","type":"multiple","difficulty":"hard","question":"What tool lends it&#039;s name to a last-stone advantage in an end in Curling?","correct_answer":"Hammer","incorrect_answers":["Wrench","Drill","Screwdriver"]},{"category":"Science & Nature","type":"boolean","difficulty":"medium","question":"A person can get sunburned on a cloudy day.","correct_answer":"True","incorrect_answers":["False"]},{"category":"Science: Computers","type":"multiple","difficulty":"easy","question":"What does CPU stand for?","correct_answer":"Central Processing Unit","incorrect_answers":["Central Process Unit","Computer Personal Unit","Central Processor Unit"]},{"category":"Entertainment: Television","type":"multiple","difficulty":"medium","question":"Who sang the theme song for the TV show &#039;Rawhide&#039;?","correct_answer":"Frankie Laine","incorrect_answers":["Guy Mitchell"," Tennessee Ernie Ford","Slim Whitman"]},{"category":"Science: Mathematics","type":"multiple","difficulty":"medium","question":"What is the area of a circle with a diameter of 20 inches if &pi;= 3.1415?","correct_answer":"314.15 Inches","incorrect_answers":["380.1215 Inches","3141.5 Inches","1256.6 Inches"]},{"category":"Geography","type":"multiple","difficulty":"medium","question":"Which of these is NOT a city in Saudi Arabia?","correct_answer":"Dubai","incorrect_answers":["Riyadh","Mecca","Medina"]},{"category":"History","type":"multiple","difficulty":"easy","question":"The idea of Socialism was articulated and advanced by whom?","correct_answer":"Karl Marx","incorrect_answers":["Vladimir Lenin","Joseph Stalin","Vladimir Putin"]},{"category":"General Knowledge","type":"boolean","difficulty":"medium","question":"The US emergency hotline is 911 because of the September 11th terrorist attacks.","correct_answer":"False","incorrect_answers":["True"]},{"category":"Science: Computers","type":"multiple","difficulty":"easy","question":"HTML is what type of language?","correct_answer":"Markup Language","incorrect_answers":["Macro Language","Programming Language","Scripting Language"]},{"category":"Entertainment: Video Games","type":"multiple","difficulty":"medium","question":"How many Star Spirits do you rescue in the Nintendo 64 video game &quot;Paper Mario&quot;?","correct_answer":"7","incorrect_answers":["5","10","12"]},{"category":"Entertainment: Video Games","type":"multiple","difficulty":"medium","question":"Which of these features was added in the 1994 game &quot;Heretic&quot; that the original &quot;DOOM&quot; could not add due to limitations?","correct_answer":"Looking up and down","incorrect_answers":["Increased room sizes","Unlimited weapons","Highly-detailed textures"]},{"category":"Entertainment: Music","type":"boolean","difficulty":"easy","question":"American rapper Dr. Dre actually has a Ph.D. doctorate.","correct_answer":"False","incorrect_answers":["True"]},{"category":"Science: Computers","type":"boolean","difficulty":"easy","question":"Pointers were not used in the original C programming language; they were added later on in C++.","correct_answer":"False","incorrect_answers":["True"]},{"category":"Entertainment: Television","type":"multiple","difficulty":"medium","question":"Which of the following Autobot names in Michael Bay&#039;s movies was NOT a name for a Transformer in the original 1980&#039;s cartoon?","correct_answer":"Mudflap","incorrect_answers":["Skids","Sideswipe","Ratchet"]},{"category":"Entertainment: Music","type":"multiple","difficulty":"medium","question":"Which of these artists do NOT originate from France?","correct_answer":"The Chemical Brothers","incorrect_answers":["Air","Justice","Daft Punk"]},{"category":"Sports","type":"multiple","difficulty":"medium","question":"The F1 season of 1994 is remembered for what tragic event?","correct_answer":"Death of Ayrton Senna (San Marino)","incorrect_answers":["The Showdown (Australia)","Verstappen on Fire (Germany)","Schumacher&#039;s Ban (Britain)"]},{"category":"Entertainment: Music","type":"multiple","difficulty":"medium","question":"Which Queen song was covered by Brittany Murphy in the 2006 film &quot;Happy Feet&quot;?","correct_answer":"Somebody to Love","incorrect_answers":["Under Pressure","Flash","Bohemian Rhapsody"]},{"category":"Entertainment: Video Games","type":"boolean","difficulty":"easy","question":"The game &quot;Battlefield 1&quot; takes place during World War I.","correct_answer":"True","incorrect_answers":["False"]},{"category":"Entertainment: Japanese Anime & Manga","type":"boolean","difficulty":"easy","question":"The anime &quot;Lucky Star&quot; follows the story of one girl who is unaware she is God.","correct_answer":"False","incorrect_answers":["True"]},{"category":"Science: Computers","type":"multiple","difficulty":"medium","question":"What does the acronym CDN stand for in terms of networking?","correct_answer":"Content Delivery Network","incorrect_answers":["Content Distribution Network","Computational Data Network","Compressed Data Network"]},{"category":"Entertainment: Video Games","type":"multiple","difficulty":"easy","question":"In the game Dark Souls, what is the name of the region you&#039;re in for the majority of the game?","correct_answer":"Lordran","incorrect_answers":["Drangleic","Oolacile","Catarina"]},{"category":"Science & Nature","type":"boolean","difficulty":"easy","question":"An atom contains a nucleus.","correct_answer":"True","incorrect_answers":["False"]},{"category":"General Knowledge","type":"multiple","difficulty":"medium","question":"Who is the founder of &quot;The Lego Group&quot;?","correct_answer":"Ole Kirk Christiansen","incorrect_answers":[" Jens Niels Christiansen","Kirstine Christiansen"," Gerhardt Kirk Christiansen"]},{"category":"Geography","type":"boolean","difficulty":"medium","question":"There exists an island named &quot;Java&quot;.","correct_answer":"True","incorrect_answers":["False"]},{"category":"History","type":"multiple","difficulty":"medium","question":"Where and when was the first cardboard box made for industrial use?","correct_answer":"England, 1817","incorrect_answers":["United States, 1817","England, 1917","United States, 1917"]},{"category":"Entertainment: Video Games","type":"multiple","difficulty":"easy","question":"Which of these is NOT a Humongous Entertainment game franchise?","correct_answer":"Commander Keen","incorrect_answers":["Pajama Sam","Putt-Putt","Freddi Fish"]},{"category":"Entertainment: Video Games","type":"multiple","difficulty":"medium","question":"What name does the little headcrab in &quot;Half Life 2&quot; have?","correct_answer":"Lamarr","incorrect_answers":["Jumperr","Drett","Jerry"]},{"category":"Entertainment: Books","type":"multiple","difficulty":"medium","question":"In the year 1818, novelist Mary Shelly is credited with writing a fiction novel and creating this infamous character.","correct_answer":"Frankenstein&#039;s monster","incorrect_answers":["Dracula","The Thing","The Invisible Man"]},{"category":"Entertainment: Cartoon & Animations","type":"multiple","difficulty":"medium","question":"In the animated series RWBY, what is the name of the weapon used by Weiss Schnee?","correct_answer":"Myrtenaster","incorrect_answers":["Gambol Shroud","Crescent Rose","Ember Celica"]},{"category":"Entertainment: Music","type":"multiple","difficulty":"easy","question":"Which Disney character sings the song &quot;A Dream is a Wish Your Heart Makes&quot;?","correct_answer":"Cinderella","incorrect_answers":["Belle","Snow White","Pocahontas"]},{"category":"History","type":"boolean","difficulty":"medium","question":"Martin Luther King Jr. and Anne Frank were born the same year. ","correct_answer":"True","incorrect_answers":["False"]},{"category":"Entertainment: Film","type":"multiple","difficulty":"medium","question":"What year did the James Cameron film &quot;Titanic&quot; come out in theaters?","correct_answer":"1997","incorrect_answers":["1996","1998","1999"]},{"category":"Entertainment: Japanese Anime & Manga","type":"multiple","difficulty":"medium","question":"What sport is being played in the Anime Eyeshield 21?","correct_answer":"American Football","incorrect_answers":["Baseball","Football","Basketball"]},{"category":"Entertainment: Video Games","type":"multiple","difficulty":"hard","question":"Which team won the &quot;Tom Clancy&#039;s Rainbow Six Siege&quot; Invitational Event February 2017 in the PC Category?","correct_answer":"Continuum","incorrect_answers":["GIFU","Santos Dexterity","eRa Eternity"]},{"category":"Entertainment: Television","type":"multiple","difficulty":"easy","question":"Which of these Disney shows is classified as an anime?","correct_answer":"Stitch!","incorrect_answers":["Cory in the House","The Emperor&#039;s New School","Hannah Montana"]},{"category":"Entertainment: Television","type":"multiple","difficulty":"medium","question":"In &quot;Star Trek&quot;, what is the Ferengi&#039;s First Rule of Acquisition?","correct_answer":"Once you have their money, you never give it back. ","incorrect_answers":["Never place friendship above profit","Greed is Eternal","Never allow family to stand in the way of opportunity"]},{"category":"Entertainment: Film","type":"multiple","difficulty":"hard","question":"In &quot;Star Trek Nemesis&quot;, why was Praetor Shinzon created?","correct_answer":"To replace Picard as a Romulan Agent","incorrect_answers":["To destroy the Enterprise","To become Picard&#039;s friend ","To steal the Enterprise"]},{"category":"Entertainment: Japanese Anime & Manga","type":"multiple","difficulty":"hard","question":"In &quot;Hunter x Hunter&quot;, which of the following is NOT a type of Nen aura?","correct_answer":"Restoration","incorrect_answers":["Emission","Transmutation","Specialization"]},{"category":"Entertainment: Video Games","type":"multiple","difficulty":"medium","question":"Who voices the character &quot;Vernon Cherry&quot; in &quot;Red Dead Redemption&quot;?","correct_answer":"Casey Mongillo","incorrect_answers":["Tara Strong","Troy Baker","Rob Wiethoff"]},{"category":"Entertainment: Japanese Anime & Manga","type":"boolean","difficulty":"medium","question":"In &quot;To Love-Ru: Darkness&quot;, Yami reveals her real name is Eve.","correct_answer":"True","incorrect_answers":["False"]},{"category":"Geography","type":"multiple","difficulty":"easy","question":"Which of the following countries has a flag featuring a yellow lion wielding a sword on a dark red background?","correct_answer":"Sri Lanka","incorrect_answers":["Kiribati","Scotland","Bhutan"]},{"category":"Animals","type":"multiple","difficulty":"easy","question":"What is the collective noun for a group of crows?","correct_answer":"Murder","incorrect_answers":["Pack","Gaggle","Herd"]},{"category":"Science & Nature","type":"boolean","difficulty":"easy","question":"Psychology is the science of behavior and mind.","correct_answer":"True","incorrect_answers":["False"]},{"category":"Entertainment: Video Games","type":"multiple","difficulty":"medium","question":"What are the names of the Ice Climbers in the video game Ice Climber?","correct_answer":"Popo and Nana","incorrect_answers":["Popo and Nina","Papi and Nana","Papi and Nina"]},{"category":"Entertainment: Film","type":"multiple","difficulty":"easy","question":"Which of these Movies was NOT released in 1996?","correct_answer":"Gladiator","incorrect_answers":["Independence Day","The Rock","Mission: Impossible"]},{"category":"Politics","type":"boolean","difficulty":"medium","question":"Jeb Bush was elected as Governor of Florida in 2002, starting his political career.","correct_answer":"False","incorrect_answers":["True"]},{"category":"Science & Nature","type":"multiple","difficulty":"medium","question":"What is the name of the cognitive bias wherein a person with low ability in a particular skill mistake themselves as being superior?","correct_answer":"Dunning-Kruger effect","incorrect_answers":["Meyers-Briggs effect","M&uuml;ller-Lyer effect","Freud-Hall effect"]},{"category":"Science & Nature","type":"multiple","difficulty":"hard","question":"Which of the following are cells of the adaptive immune system?","correct_answer":"Cytotoxic T cells","incorrect_answers":["Dendritic cells","Natural killer cells","White blood cells"]},{"category":"Entertainment: Video Games","type":"multiple","difficulty":"hard","question":"Where are Terror Fiends more commonly found in the Nintendo game Miitopia?","correct_answer":"New Lumos","incorrect_answers":["Peculia","The Sky Scraper","Otherworld"]},{"category":"Entertainment: Books","type":"multiple","difficulty":"hard","question":"In The Lies Of Locke Lamora, what does &quot;Lamora&quot; mean in Throne Therin?","correct_answer":"Shadow","incorrect_answers":["Thievery","Justice","Chaos"]}]}