{"response_code":0,"results":[{"category":"Science: Computers","type":"boolean","difficulty":"medium","question":"The common software-programming acronym &quot;I18N&quot; comes from the term &quot;Interlocalization&quot;.","correct_answer":"False","incorrect_answers":["True"]},{"category":"Science: Computers","type":"multiple","difficulty":"medium","question":"What does AD stand for in relation to Windows Operating Systems? ","correct_answer":"Active Directory","incorrect_answers":["Alternative Drive","Automated Database","Active Department"]},{"category":"Entertainment: Video Games","type":"multiple","difficulty":"easy","question":"Who is the writer of the game &quot;Half-Life&quot;?","correct_answer":"Marc Laidlaw","incorrect_answers":["Gabe Newell","Robin Walker","Chet Faliszek"]},{"category":"Science & Nature","type":"multiple","difficulty":"hard","question":"An organic compound is considered an alcohol if it has what functional group?","correct_answer":"Hydroxyl","incorrect_answers":["Carbonyl","Alkyl","Aldehyde"]},{"category":"History","type":"multiple","difficulty":"medium","question":"Which of the following Assyrian kings did NOT rule during the Neo-Assyrian Empire?","correct_answer":"Shamshi-Adad III","incorrect_answers":["Shalmaneser V","Esharhaddon","Ashur-nasir-pal II"]},{"category":"History","type":"multiple","difficulty":"medium","question":"Which infamous European traitor was known as &quot;the last person to enter Parliament with honest intentions&quot;?","correct_answer":"Guy Fawkes","incorrect_answers":["Robert Catesby","Francis Tresham","Everard Digby"]},{"category":"General Knowledge","type":"multiple","difficulty":"hard","question":"Which film star has his statue in Leicester Square?","correct_answer":"Charlie Chaplin","incorrect_answers":["Paul Newman","Rowan Atkinson ","Alfred Hitchcock"]},{"category":"General Knowledge","type":"multiple","difficulty":"hard","question":"What is the romanized Korean word for &quot;heart&quot;?","correct_answer":"Simjang","incorrect_answers":["Aejeong","Jeongsin","Segseu"]},{"category":"Science: Computers","type":"multiple","difficulty":"medium","question":"How many cores does the Intel i7-6950X have?","correct_answer":"10","incorrect_answers":["12","8","4"]},{"category":"Entertainment: Video Games","type":"multiple","difficulty":"medium","question":"In Need For Speed: Most Wanted (2005), how many people are there to defeat on the blacklist?","correct_answer":"15","incorrect_answers":["5","10","20"]},{"category":"Entertainment: Film","type":"multiple","difficulty":"easy","question":"In the movie &quot;Cast Away&quot; the main protagonist&#039;s best friend while on the island is named","correct_answer":"Wilson","incorrect_answers":["Carson","Jackson","Willy"]},{"category":"Entertainment: Video Games","type":"multiple","difficulty":"medium","question":"Which musical artist was NOT featured as playable avatars in the game &quot;DJ Hero&quot;?","correct_answer":"Dr. Dre","incorrect_answers":["DJ Shadow","Daft Punk","Grandmaster Flash"]},{"category":"Mythology","type":"multiple","difficulty":"easy","question":"The greek god Poseidon was the god of what?","correct_answer":"The Sea","incorrect_answers":["War","Sun","Fire"]},{"category":"Entertainment: Video Games","type":"multiple","difficulty":"medium","question":"The protagonist in the game &quot;Cave Story&quot; is named","correct_answer":"Quote","incorrect_answers":["Kazuma","Curly","Arthur"]},{"category":"Entertainment: Television","type":"multiple","difficulty":"medium","question":"In the Netflix show, Stranger Things, what song would Will sing to himself as he was missing?","correct_answer":"Should I Stay or Should I Go?","incorrect_answers":["Love Will Tear Us Apart","This Charming Man","Africa"]},{"category":"Entertainment: Video Games","type":"multiple","difficulty":"medium","question":"What was the first game ever released that ran on the Source engine?","correct_answer":"Counter-Strike: Source","incorrect_answers":["Half-Life 2","Garry&#039;s Mod","Team Fortress 2"]},{"category":"Science: Computers","type":"multiple","difficulty":"medium","question":"What does &quot;LCD&quot; stand for?","correct_answer":"Liquid Crystal Display","incorrect_answers":["Language Control Design","Last Common Difference","Long Continuous Design"]},{"category":"Entertainment: Video Games","type":"multiple","difficulty":"medium","question":"What is not a default game mode in Counter-Strike (2000)?","correct_answer":"Arms Race","incorrect_answers":["Hostage Rescue","Bomb Defusal","Assassination"]},{"category":"Entertainment: Video Games","type":"multiple","difficulty":"medium","question":"What was the name of the protagonist of Metal Gear Solid V: The Phantom Pain?","correct_answer":"Punished &quot;Venom&quot; Snake","incorrect_answers":["Miller","Solid Snake","Ocelot"]},{"category":"Geography","type":"multiple","difficulty":"hard","question":"What is the second-largest city in Lithuania?","correct_answer":"Kaunas","incorrect_answers":["Panev\u0117\u017eys","Vilnius","Klaip\u0117da"]},{"category":"Entertainment: Music","type":"boolean","difficulty":"easy","question":"Stevie Wonder&#039;s real name is Stevland Hardaway Morris.","correct_answer":"True","incorrect_answers":["False"]},{"category":"Entertainment: Cartoon & Animations","type":"multiple","difficulty":"easy","question":"Who created the Cartoon Network series &quot;Regular Show&quot;?","correct_answer":"J. G. Quintel","incorrect_answers":["Ben Bocquelet","Pendleton Ward","Rebecca Sugar"]},{"category":"Entertainment: Japanese Anime & Manga","type":"multiple","difficulty":"medium","question":"What was studio Trigger&#039;s first original long-form animated series for television?","correct_answer":"Kill la Kill","incorrect_answers":["Kiznaiver","Inferno Cop","Gurren Lagann"]},{"category":"Entertainment: Japanese Anime & Manga","type":"multiple","difficulty":"easy","question":"Which of the following originated as a manga?","correct_answer":"Akira","incorrect_answers":["Cowboy Bebop","High School DxD","Gurren Lagann"]},{"category":"Entertainment: Music","type":"boolean","difficulty":"medium","question":"Nick Mason is the only member to appear on every Pink Floyd album.","correct_answer":"True","incorrect_answers":["False"]},{"category":"Science & Nature","type":"multiple","difficulty":"medium","question":"What are human nails made of?","correct_answer":"Keratin","incorrect_answers":["Bone","Chitin","Calcium"]},{"category":"Entertainment: Film","type":"multiple","difficulty":"easy","question":"What was Bruce Campbell&#039;s iconic one-liner after getting a chainsaw hand in Evil Dead 2?","correct_answer":"Groovy.","incorrect_answers":["Gnarly.","Perfect.","Nice."]},{"category":"Entertainment: Film","type":"multiple","difficulty":"hard","question":"Which actress portrayed Dr. Grace Augustine in the James Cameron movie &quot;Avatar&quot;?","correct_answer":"Sigourney Weaver","incorrect_answers":["Jessica Chastain","Melissa Beckett","Alyssa Monroe "]},{"category":"Animals","type":"multiple","difficulty":"hard","question":"Which of the following is another name for the &quot;Poecilotheria Metallica Tarantula&quot;?","correct_answer":"Gooty","incorrect_answers":["Hopper","Silver Stripe","Woebegone"]},{"category":"Celebrities","type":"multiple","difficulty":"medium","question":"Which American celebrity died in 1977 playing golf in La Moraleja, Madrid?","correct_answer":"Bing Crosby","incorrect_answers":["Elvis Presley","Charlie Chaplin","Groucho Marx"]},{"category":"Entertainment: Film","type":"multiple","difficulty":"easy","question":"What was the first feature-length computer-animated movie?","correct_answer":"Toy Story","incorrect_answers":["Tron","Lion king","101 Dalmatians"]},{"category":"Entertainment: Film","type":"multiple","difficulty":"medium","question":"In Finding Nemo, what was the name of Nemo&#039;s mom?","correct_answer":"Coral","incorrect_answers":["Sandy","Pearl","Shelly"]},{"category":"Geography","type":"multiple","difficulty":"easy","question":"Which small country is located between the borders of France and Spain?","correct_answer":"Andorra","incorrect_answers":["San Marino","Vatican City","Lichtenstein"]},{"category":"Entertainment: Books","type":"multiple","difficulty":"easy","question":"What&#039;s the second book in George R. R. Martin&#039;s &#039;A Song of Ice and Fire&#039; series?","correct_answer":"A Clash of Kings","incorrect_answers":["A Dance with Dragons","A Storm of Swords","A Feast for Crows"]},{"category":"Entertainment: Books","type":"multiple","difficulty":"hard","question":"In which classic novel is there a character named Homer Simpson?","correct_answer":"The Day of the Locust","incorrect_answers":["Catch-22","Of Mice and Men","A Separate Peace"]},{"category":"Entertainment: Film","type":"multiple","difficulty":"medium","question":"Which director directed the movie &quot;Pan&#039;s Labyrinth&quot;?","correct_answer":"Guillermo Del Toro","incorrect_answers":["Alfonso Cuar&oacute;n","Alejandro Gonz&aacute;lez I&ntilde;&aacute;rritu"," Alejandro Jodorowsky"]},{"category":"Entertainment: Books","type":"multiple","difficulty":"easy","question":"In the novel 1984, written by George Orwell, what is the name of the totalitarian regime that controls Oceania?","correct_answer":"INGSOC","incorrect_answers":["Neo-Bolshevism","Obliteration of the Self","Earth Alliance"]},{"category":"Science & Nature","type":"multiple","difficulty":"medium","question":"What is the scientific term for &#039;taste&#039;?","correct_answer":"Gustatory Perception","incorrect_answers":["Olfaction","Somatosensation","Auditory Perception"]},{"category":"Entertainment: Music","type":"multiple","difficulty":"medium","question":"Liam Howlett founded which electronic music group in 1990?","correct_answer":"The Prodigy","incorrect_answers":["The Chemical Brothers","The Crystal Method","Infected Mushroom"]},{"category":"Science & Nature","type":"multiple","difficulty":"medium","question":"In human biology, a circadium rhythm relates to a period of roughly how many hours?","correct_answer":"24","incorrect_answers":["8","16","32"]},{"category":"Entertainment: Music","type":"multiple","difficulty":"hard","question":"Pamina and Papageno are characters in what Mozart opera?","correct_answer":"The Magic Flute","incorrect_answers":["The Marriage of Figaro","The Impresario","The Goose of Cairo"]},{"category":"Entertainment: Cartoon & Animations","type":"boolean","difficulty":"medium","question":"Blue Danube was one of the musical pieces featured in Disney&#039;s 1940&#039;s film Fantasia.","correct_answer":"False","incorrect_answers":["True"]},{"category":"Science & Nature","type":"multiple","difficulty":"medium","question":"What is the Linnean name of the domestic apple tree?","correct_answer":"Malus pumila","incorrect_answers":["Malus americana","Pomus domestica","Appelus delectica"]},{"category":"Entertainment: Video Games","type":"multiple","difficulty":"hard","question":"What Touhou Project character&#039;s first ever appearance was as a midboss in the eighth game, Imperishable Night?","correct_answer":"Tewi Inaba","incorrect_answers":["Mystia Lorelei","Kaguya Houraisan","Rumia"]},{"category":"History","type":"multiple","difficulty":"medium","question":"The Thirty Years War ended with which treaty?","correct_answer":"Peace of Westphalia","incorrect_answers":["Treaty of Versailles","Treaty of Paris","Peace of Prague"]},{"category":"Entertainment: Video Games","type":"multiple","difficulty":"easy","question":"Which of the following is not a character in the video game Doki Doki Literature Club?","correct_answer":"Nico","incorrect_answers":["Monika","Natsuki","Sayori"]},{"category":"Entertainment: Cartoon & Animations","type":"multiple","difficulty":"hard","question":"What was Maggie Simpson&#039;s first canonical word, not including the Tracey Ullman shorts?","correct_answer":"Daddy.","incorrect_answers":["Sequel?","Ja!","Rusty!"]},{"category":"Entertainment: Music","type":"multiple","difficulty":"medium","question":"What M83 was featured in Grand Theft Auto V&#039;s radio?","correct_answer":"Midnight City","incorrect_answers":["Outro","Reunion","Wait"]},{"category":"Entertainment: Musicals & Theatres","type":"boolean","difficulty":"hard","question":"The protagonist&#039;s names in &#039;Who&#039;s Afraid of Virginia Woolf&#039;, George and Martha, were derived from George Washington and his wife.","correct_answer":"True","incorrect_answers":["False"]},{"category":"General Knowledge","type":"boolean","difficulty":"hard","question":"NCIS stands for &quot;Navy Corps Investigative Service&quot;","correct_answer":"False","incorrect_answers":["True"]}]}