{"response_code":0,"results":[{"category":"Animals","type":"multiple","difficulty":"medium","question":"What does &quot;hippopotamus&quot; mean and in what langauge?","correct_answer":"River Horse (Greek)","incorrect_answers":["River Horse (Latin)","Fat Pig (Greek)","Fat Pig (Latin)"]},{"category":"Science: Mathematics","type":"multiple","difficulty":"medium","question":"In the hexadecimal system, what number comes after 9?","correct_answer":"The Letter A","incorrect_answers":["10","The Number 0","16"]},{"category":"Science & Nature","type":"multiple","difficulty":"hard","question":"The &#039;Islets of Langerhans&#039; is found in which human organ?","correct_answer":"Pancreas","incorrect_answers":["Kidney","Liver","Brain"]},{"category":"Entertainment: Video Games","type":"multiple","difficulty":"easy","question":"In Kingdom Hearts, how many members does Organization XIII have in total?","correct_answer":"14","incorrect_answers":["10","13","12"]},{"category":"Science: Computers","type":"multiple","difficulty":"medium","question":"What five letter word is the motto of the IBM Computer company?","correct_answer":"Think","incorrect_answers":["Click","Logic","Pixel"]},{"category":"Entertainment: Film","type":"multiple","difficulty":"hard","question":"What did Alfred Hitchcock use as blood in the film &quot;Psycho&quot;? ","correct_answer":"Chocolate syrup","incorrect_answers":["Ketchup","Red food coloring","Maple syrup"]},{"category":"History","type":"boolean","difficulty":"medium","question":"The M41 Walker Bulldog remains in service in some countries to this day.","correct_answer":"True","incorrect_answers":["False"]},{"category":"Entertainment: Film","type":"multiple","difficulty":"medium","question":"In which African country was the 2006 film &#039;Blood Diamond&#039; mostly set in?","correct_answer":"Sierra Leone","incorrect_answers":["Liberia","Burkina Faso","Central African Republic"]},{"category":"Vehicles","type":"multiple","difficulty":"hard","question":"The difference between the lengths of a Boeing 777-300ER and an Airbus A350-1000 is closest to:","correct_answer":"0.1m","incorrect_answers":["1m","10m ","100m"]},{"category":"Vehicles","type":"multiple","difficulty":"medium","question":"Which of the following vehicles featured a full glass roof at base model?","correct_answer":"Renault Avantime","incorrect_answers":["Chevy Volt","Mercedes-Benz A-Class","Honda Odyssey"]},{"category":"History","type":"multiple","difficulty":"medium","question":"When was the United States National Security Agency established?","correct_answer":"November 4, 1952","incorrect_answers":["July 26, 1908"," July 1, 1973"," November 25, 2002"]},{"category":"General Knowledge","type":"boolean","difficulty":"medium","question":"An eggplant is a vegetable.","correct_answer":"False","incorrect_answers":["True"]},{"category":"Animals","type":"multiple","difficulty":"medium","question":"What is the scientific name for the &quot;Polar Bear&quot;?","correct_answer":"Ursus Maritimus","incorrect_answers":["Polar Bear","Ursus Spelaeus","Ursus Arctos"]},{"category":"Science & Nature","type":"multiple","difficulty":"medium","question":"Where did the dog breed &quot;Chihuahua&quot; originate?","correct_answer":"Mexico","incorrect_answers":["France","Spain","Russia"]},{"category":"Entertainment: Music","type":"multiple","difficulty":"medium","question":"Which of these is the name of an American psychedelic rock band formed in 2002 by Benjamin Goldwasser and Andrew VanWyngarden?","correct_answer":"MGMT","incorrect_answers":["MSTRKRFT","STRFKR","SBTRKT"]},{"category":"General Knowledge","type":"multiple","difficulty":"easy","question":"What is on display in the Madame Tussaud&#039;s museum in London?","correct_answer":"Wax sculptures","incorrect_answers":["Designer clothing","Unreleased film reels","Vintage cars"]},{"category":"Entertainment: Music","type":"multiple","difficulty":"medium","question":"Which artist collaborated with American DJ Dillon Francis to release the song 2016 &quot;Need You&quot;?","correct_answer":"NGHTMRE","incorrect_answers":["LOUDPVCK","KRNE","DVBBS"]},{"category":"Entertainment: Video Games","type":"multiple","difficulty":"medium","question":"What two characters from the game Undertale are never in a relationship or not related?","correct_answer":"Frisk &amp; Chara","incorrect_answers":["Sans &amp; Papyrus","Toriel &amp; Asgore","Alphys &amp; Undyne"]},{"category":"Science: Computers","type":"multiple","difficulty":"medium","question":"Generally, which component of a computer draws the most power?","correct_answer":"Video Card","incorrect_answers":["Hard Drive","Processor","Power Supply"]},{"category":"Entertainment: Cartoon & Animations","type":"multiple","difficulty":"medium","question":"The stop motion comedy show &quot;Robot Chicken&quot; was created by which of the following?","correct_answer":"Seth Green","incorrect_answers":["Seth MacFarlane","Seth Rogen","Seth Rollins"]},{"category":"Entertainment: Japanese Anime & Manga","type":"multiple","difficulty":"medium","question":"The main antagonist of the second part of JoJo&#039;s Bizarre Adventure is which of the following?","correct_answer":"Kars","incorrect_answers":["Erina Joestar","Santana","Wired Beck"]},{"category":"Entertainment: Film","type":"boolean","difficulty":"easy","question":"In Alfred Hitchcock&#039;s film &#039;Psycho&#039; it is said he used chocolate syrup to simulate the blood in the famous shower scene from ","correct_answer":"True","incorrect_answers":["False"]},{"category":"Entertainment: Books","type":"multiple","difficulty":"easy","question":"Who wrote the young adult novel &quot;The Fault in Our Stars&quot;?","correct_answer":"John Green","incorrect_answers":["Stephenie Meyer","Suzanne Collins","Stephen Chbosky"]},{"category":"Entertainment: Film","type":"multiple","difficulty":"hard","question":"In the 1964 film &quot;Zulu&quot;, what song does the British Army company sing before the final battle?","correct_answer":"Men of Harlech","incorrect_answers":["Scotland the Brave","Colonel Bogey March","The British Grenadiers"]},{"category":"Entertainment: Television","type":"multiple","difficulty":"easy","question":"In the television show Breaking Bad, what is the street name of Walter and Jesse&#039;s notorious product?","correct_answer":"Blue Sky","incorrect_answers":["Baby Blue","Rock Candy","Pure Glass"]},{"category":"Entertainment: Video Games","type":"multiple","difficulty":"medium","question":"What was the name of the first MMORPG to popularize the genre?","correct_answer":"Ultima Online","incorrect_answers":["World of Warcraft","Meridian 59","Guild Wars"]},{"category":"Geography","type":"multiple","difficulty":"medium","question":"What is the capital of Slovakia?","correct_answer":"Bratislava","incorrect_answers":["Sofia","Ljubljana","Sarajevo"]},{"category":"Sports","type":"multiple","difficulty":"easy","question":"Which city did the former NHL team &quot;The Nordiques&quot; originiate from?","correct_answer":"Quebec City","incorrect_answers":["Houston","Montreal","New York"]},{"category":"History","type":"multiple","difficulty":"medium","question":"Which historical conflict killed the most people?","correct_answer":"World War II","incorrect_answers":["Taiping Rebellion","Three Kingdoms War","Mongol conquests"]},{"category":"Vehicles","type":"boolean","difficulty":"medium","question":"Bugatti was an Italian car manufacturer.","correct_answer":"False","incorrect_answers":["True"]},{"category":"Science: Computers","type":"multiple","difficulty":"medium","question":".at is the top-level domain for what country?","correct_answer":"Austria","incorrect_answers":["Argentina","Australia","Angola"]},{"category":"Entertainment: Film","type":"boolean","difficulty":"easy","question":"George Lucas directed the entire original Star Wars trilogy.","correct_answer":"False","incorrect_answers":["True"]},{"category":"Entertainment: Japanese Anime & Manga","type":"multiple","difficulty":"easy","question":"In the 2012 animated film &quot;Wolf Children&quot;, what are the names of the wolf children?","correct_answer":"Ame &amp; Yuki","incorrect_answers":["Hana &amp; Yuki","Ame &amp; Hana","Chuck &amp; Anna"]},{"category":"Entertainment: Video Games","type":"multiple","difficulty":"hard","question":"In &quot;Halo&quot;, what is the name of the planet which Installation 04 orbits?","correct_answer":"Threshold","incorrect_answers":["Substance","Sanghelios","Te"]},{"category":"Entertainment: Television","type":"multiple","difficulty":"easy","question":"British actor David Morrissey stars as which role in &quot;The Walking Dead&quot;?","correct_answer":"The Governor","incorrect_answers":["Negan","Rick Grimes","Daryl Dixon"]},{"category":"General Knowledge","type":"multiple","difficulty":"easy","question":"What was the first ever London Underground line to be built?","correct_answer":"Metropolitan Line","incorrect_answers":["Circle Line","Bakerloo Line","Victoria Line"]},{"category":"Entertainment: Video Games","type":"multiple","difficulty":"hard","question":"In the Zombies mode of &quot;Call of Duty: Black Ops&quot;, what is the &quot;Pack-A-Punched&quot; version of the &quot;Galil&quot; called?","correct_answer":"Lamentation","incorrect_answers":["Galvanized Atomic Lead Insertion Liquidator","Gabig","Predictive Death Wish"]},{"category":"Entertainment: Video Games","type":"multiple","difficulty":"medium","question":"In which &quot;Call of Duty&quot; game are the &quot;Apothicons&quot; introduced in the Zombies mode?","correct_answer":"Call Of Duty: Black Ops III","incorrect_answers":["Call Of Duty: Black Ops","Call Of Duty: World At War","Call Of Duty: Black Ops II"]},{"category":"Entertainment: Video Games","type":"multiple","difficulty":"hard","question":"What was the first &quot;Call Of Duty: Zombies&quot; map to be directed by Jason Blundell?","correct_answer":"Mob Of The Dead","incorrect_answers":["Buried","Origins","Moon"]},{"category":"Entertainment: Cartoon & Animations","type":"multiple","difficulty":"medium","question":"Which Hanna-Barbera cartoon character travelled with a canine companion named Beegle Beagle?","correct_answer":"Grape Ape","incorrect_answers":["Boss Gator","Wally Gator","Yogi Bear"]},{"category":"Entertainment: Television","type":"multiple","difficulty":"easy","question":"In &quot;Star Trek: Voyager&quot;, which episode did Voyager establish real-time communication with Starfleet Headquarters?","correct_answer":"Pathfinder","incorrect_answers":["Message In A Bottle","Someone To Watch Over Me","Counterpoint"]},{"category":"History","type":"multiple","difficulty":"medium","question":"On which aircraft carrier did the Doolitte Raid launch from on April 18, 1942 during World War II?","correct_answer":"USS Hornet","incorrect_answers":["USS Enterprise","USS Lexington","USS Saratoga"]},{"category":"General Knowledge","type":"multiple","difficulty":"easy","question":"In which fast food chain can you order a Jamocha Shake?","correct_answer":"Arby&#039;s","incorrect_answers":["McDonald&#039;s","Burger King","Wendy&#039;s"]},{"category":"Entertainment: Video Games","type":"multiple","difficulty":"medium","question":"In the &quot;S.T.A.L.K.E.R.&quot; series, which of these items can&#039;t be used to lower the player&#039;s accumulated radiation?","correct_answer":"Radioprotectant","incorrect_answers":["Anti-rad","Medkit","Vodka"]},{"category":"Entertainment: Video Games","type":"multiple","difficulty":"medium","question":"In Need for Speed: Underground, what car does Eddie drive?","correct_answer":"Nissan Skyline GT-R (R34)","incorrect_answers":["Mazda RX-7 FD3S","Acura Integra Type R","Subaru Impreza 2.5 RS"]},{"category":"Entertainment: Video Games","type":"multiple","difficulty":"medium","question":" Which of these champions from the MOBA &#039;League of Legends&#039; is NOT a Yordle?","correct_answer":"Annie","incorrect_answers":["Veigar","Tristana","Lulu"]},{"category":"Entertainment: Video Games","type":"multiple","difficulty":"medium","question":"In Sid Meier&#039;s Civilization V, which World Wonder can only be built in cities on or next to a desert?","correct_answer":"Petra","incorrect_answers":["The Pyramids","Alhambra","Mausoleum of Maussollos"]},{"category":"Entertainment: Music","type":"multiple","difficulty":"hard","question":"When did the rapper Eazy-E die?","correct_answer":"March 26, 1995","incorrect_answers":["July 11, 1992","February 14, 1993","October 21, 1994"]},{"category":"Sports","type":"multiple","difficulty":"hard","question":"The AHL affiliate team of the Boston Bruins is named what?","correct_answer":"Providence Bruins","incorrect_answers":["New Haven Bruins","Cambridge Bruins","Hartford Bruins"]},{"category":"History","type":"multiple","difficulty":"easy","question":"Who was the first American in space?","correct_answer":"Alan Shephard","incorrect_answers":["Neil Armstrong","John Glenn","Jim Lovell"]}]}