{"response_code":0,"results":[{"category":"General Knowledge","type":"multiple","difficulty":"hard","question":"Electronic music producer Kygo&#039;s popularity skyrocketed after a certain remix. Which song did he remix?","correct_answer":"Ed Sheeran - I See Fire","incorrect_answers":["Marvin Gaye - Sexual Healing","Coldplay - Midnight","a-ha - Take On Me"]},{"category":"Entertainment: Film","type":"multiple","difficulty":"hard","question":"Which was the first of Alfred Hitchcock&#039;s movies to be filmed in colour?","correct_answer":"Rope","incorrect_answers":["Psycho","Vertigo","Rebecca"]},{"category":"Entertainment: Music","type":"multiple","difficulty":"hard","question":"On which Beatles album would you find the song &#039;Eleanor Rigby&#039;?","correct_answer":"Revolver","incorrect_answers":["Help!","Rubber Soul","Abbey Road"]},{"category":"Entertainment: Film","type":"multiple","difficulty":"easy","question":"Who directed &quot;E.T. the Extra-Terrestrial&quot; (1982)?","correct_answer":"Steven Spielberg","incorrect_answers":["Stanley Kubrick","James Cameron","Tim Burton"]},{"category":"History","type":"multiple","difficulty":"easy","question":"Who discovered Penicillin?","correct_answer":"Alexander Flemming","incorrect_answers":["Marie Curie","Alfred Nobel","Louis Pasteur"]},{"category":"Entertainment: Cartoon & Animations","type":"multiple","difficulty":"easy","question":"Which of these is NOT a catchphrase used by Rick Sanchez in the TV show &quot;Rick and Morty&quot;?","correct_answer":"Slam dunk, nothing but net!","incorrect_answers":["Hit the sack, Jack!","Rikki-Tikki-Tavi, biatch!","Wubba-lubba-dub-dub!"]},{"category":"History","type":"multiple","difficulty":"medium","question":"The Herero genocide was perpetrated in Africa by which of the following colonial nations?","correct_answer":"Germany","incorrect_answers":["Britain","Belgium","France"]},{"category":"Science: Computers","type":"multiple","difficulty":"medium","question":"Nvidia&#039;s headquarters are based in which Silicon Valley city?","correct_answer":"Santa Clara","incorrect_answers":["Palo Alto","Cupertino","Mountain View"]},{"category":"Science & Nature","type":"multiple","difficulty":"medium","question":"Which psychological term refers to the stress of holding contrasting beliefs?","correct_answer":"Cognitive Dissonance","incorrect_answers":["Flip-Flop Syndrome","Split-Brain","Blind Sight"]},{"category":"Entertainment: Video Games","type":"multiple","difficulty":"hard","question":"In &quot;Sonic the Hedgehog 2&quot; for the Sega Genesis, what do you input in the sound test screen to access the secret level select?","correct_answer":"The Lead Programmer&#039;s birthday","incorrect_answers":["The first release date of &quot;Sonic the Hedgehog&quot;","The date Sonic Team was founded","The first release date of &quot;Sonic the Hedgehog 2&quot;"]},{"category":"General Knowledge","type":"boolean","difficulty":"medium","question":"Cucumbers are usually more than 90% water.","correct_answer":"True","incorrect_answers":["False"]},{"category":"Entertainment: Video Games","type":"boolean","difficulty":"easy","question":"In &quot;Sonic Adventure&quot;, you are able to transform into Super Sonic at will after completing the main story.","correct_answer":"False","incorrect_answers":["True"]},{"category":"Entertainment: Cartoon & Animations","type":"multiple","difficulty":"easy","question":"In &quot;Avatar: The Last Airbender&quot;, which element does Aang begin to learn after being defrosted?","correct_answer":"Water","incorrect_answers":["Air","Earth","Fire"]},{"category":"Entertainment: Cartoon & Animations","type":"multiple","difficulty":"medium","question":"Which of these is not a real character in the cartoon series My Little Pony: Friendship is Magic?","correct_answer":"Rose Marene","incorrect_answers":["Pinkie Pie","Maud Pie","Rainbow Dash"]},{"category":"History","type":"multiple","difficulty":"hard","question":"Which one of these rulers did not belong to the Habsburg dynasty?","correct_answer":"Philip V","incorrect_answers":["Charles V","Philip II","Francis Joseph"]},{"category":"Sports","type":"multiple","difficulty":"medium","question":"Josh Mansour is part of what NRL team?","correct_answer":"Penrith Panthers","incorrect_answers":["Melbourne Storm","Sydney Roosters","North Queensland Cowboys"]},{"category":"Entertainment: Video Games","type":"boolean","difficulty":"easy","question":"The PlayStation was originally a joint project between Sega and Sony that was a Sega Genesis with a disc drive.","correct_answer":"False","incorrect_answers":["True"]},{"category":"Entertainment: Film","type":"multiple","difficulty":"medium","question":"Which movie of film director Stanley Kubrick is known to be an adaptation of a Stephen King novel?","correct_answer":"The Shining","incorrect_answers":["2001: A Space Odyssey"," Dr. Strangelove ","Eyes Wide Shut"]},{"category":"Vehicles","type":"multiple","difficulty":"medium","question":"What do the 4 Rings in Audi&#039;s Logo represent?","correct_answer":"Previously independent automobile manufacturers","incorrect_answers":["States in which Audi makes the most sales","Main cities vital to Audi","Countries in which Audi makes the most sales"]},{"category":"Celebrities","type":"multiple","difficulty":"hard","question":"What was the religion of famous singer &quot;Freddie Mercury&quot;?","correct_answer":"Zoroastrianism","incorrect_answers":["Paganism","Ashurism","Judaism"]},{"category":"Entertainment: Video Games","type":"multiple","difficulty":"easy","question":"The &quot;Day of Defeat&quot; series of games take place during which war?","correct_answer":"World War II","incorrect_answers":["World War I","Vietnam War","Iraq War"]},{"category":"Entertainment: Music","type":"multiple","difficulty":"medium","question":"What is the name of French electronic music producer Madeon&#039;s 2015 debut studio album?","correct_answer":"Adventure","incorrect_answers":["The City","Icarus","Pop Culture"]},{"category":"Science & Nature","type":"multiple","difficulty":"hard","question":"Which of these is a stop codon in DNA?","correct_answer":"TAA","incorrect_answers":["ACT","ACA","GTA"]},{"category":"Entertainment: Video Games","type":"multiple","difficulty":"hard","question":"What animal is on Link&#039;s pajamas in The Legend of Zelda: The Wind Waker?","correct_answer":"Crawfish","incorrect_answers":["Lobster","Salmon","Swordfish"]},{"category":"Entertainment: Board Games","type":"multiple","difficulty":"hard","question":"In standard Monopoly, what&#039;s the rent if you land on Park Place with no houses?","correct_answer":"$35","incorrect_answers":["$30","$50","$45"]},{"category":"Entertainment: Music","type":"multiple","difficulty":"medium","question":"Which song in Drake&#039;s &quot;Views&quot; features Future?","correct_answer":"Grammys","incorrect_answers":["Too Good","Faithful","Pop Style"]},{"category":"Entertainment: Comics","type":"multiple","difficulty":"medium","question":"Who authored The Adventures of Tintin?","correct_answer":"Herg&eacute;","incorrect_answers":["E.P. Jacobs","Rin Tin Tin","Chic Young"]},{"category":"Entertainment: Video Games","type":"multiple","difficulty":"easy","question":"What is the name of the largest planet in Kerbal Space Program?","correct_answer":"Jool","incorrect_answers":["Eeloo","Kerbol","Minmus"]},{"category":"Entertainment: Video Games","type":"multiple","difficulty":"medium","question":"The default playermodel of Garry&#039;s Mod is this Half Life 2 character.","correct_answer":"Isaac Kleiner","incorrect_answers":["G-Man","Alyx Vance","Gordon Freeman"]},{"category":"Geography","type":"multiple","difficulty":"hard","question":"When does Finland celebrate their independence day?","correct_answer":"December 6th","incorrect_answers":["January 2nd","November 12th","February 8th"]},{"category":"Geography","type":"multiple","difficulty":"medium","question":"The land mass of modern day Turkey is called what?","correct_answer":"Anatolia","incorrect_answers":["Ismuth of Ottoma","Ottoma","Ismuth of Anatolia"]},{"category":"Entertainment: Television","type":"multiple","difficulty":"medium","question":"What is Meg&#039;s full name in &quot;Family Guy&quot;?","correct_answer":"Megatron Griffin","incorrect_answers":["Who-Cares Griffin","Neil Griffin","Megan Griffin"]},{"category":"Entertainment: Video Games","type":"multiple","difficulty":"medium","question":"When was the video game &quot;P.A.M.E.L.A.&quot; released on Steam?","correct_answer":"March 9, 2017","incorrect_answers":["January 7, 2007","October 23, 1997","February 16, 2015"]},{"category":"History","type":"multiple","difficulty":"hard","question":"What was the original name of New York City?","correct_answer":"New Amsterdam","incorrect_answers":["New London","New Paris","New Rome"]},{"category":"Entertainment: Music","type":"multiple","difficulty":"hard","question":"What was the name of the hip hop group Kanye West was a member of in the late 90s?","correct_answer":"The Go-Getters","incorrect_answers":["The Jumpers","The Kickstarters","The Beat-Busters"]},{"category":"General Knowledge","type":"boolean","difficulty":"hard","question":"Spoon theory is a theory, utilizing &quot;Spoons&quot; as a metaphor for energy they can use in a day.","correct_answer":"True","incorrect_answers":["False"]},{"category":"Entertainment: Video Games","type":"multiple","difficulty":"medium","question":"Which of these is NOT a name of a city in the main island of PLAYERUNKNOWN&#039;S BATTLEGROUNDS?","correct_answer":"Belushya Guba","incorrect_answers":["Yasnaya Polyana","Pochinki","Georgopol"]},{"category":"Entertainment: Music","type":"multiple","difficulty":"medium","question":"Which album by American rapper Kanye West contained songs such as &quot;Love Lockdown&quot;, &quot;Paranoid&quot; and &quot;Heartless&quot;?","correct_answer":"808s &amp; Heartbreak","incorrect_answers":["Late Registration","The Life of Pablo","Graduation"]},{"category":"Entertainment: Video Games","type":"multiple","difficulty":"easy","question":"In the &quot;Hitman&quot; series, what is the name of the main character?","correct_answer":"Agent 47","incorrect_answers":["Agent 27","Agent Smith","Agent 67"]},{"category":"Geography","type":"multiple","difficulty":"medium","question":"In which English county is the city of Portsmouth?","correct_answer":"Hampshire","incorrect_answers":["Oxfordshire","Buckinghamshire","Surrey"]},{"category":"Animals","type":"multiple","difficulty":"easy","question":"How many teeth does an adult rabbit have?","correct_answer":"28","incorrect_answers":["30","26","24"]},{"category":"Animals","type":"multiple","difficulty":"medium","question":"What is the name for a male bee that comes from an unfertilized egg?","correct_answer":"Drone","incorrect_answers":["Soldier","Worker","Male"]},{"category":"Sports","type":"multiple","difficulty":"easy","question":"Who did Steven Gerrard win the Champions League with?","correct_answer":"Liverpool","incorrect_answers":["Real Madrid","Chelsea","Man City"]},{"category":"History","type":"multiple","difficulty":"medium","question":"Which of the following is not in the Indo-European language family?","correct_answer":"Finnish","incorrect_answers":["English","Hindi","Russian"]},{"category":"Entertainment: Music","type":"multiple","difficulty":"hard","question":"Who sings the rap song &quot;Secret Wars Part 1&quot;?","correct_answer":"The Last Emperor","incorrect_answers":["MC Frontalot","Busdriver","Masta Killa"]},{"category":"Entertainment: Japanese Anime & Manga","type":"multiple","difficulty":"medium","question":"What is the name of the protagonist of the 2017 anime &quot;Land of the Lustrous&quot;?","correct_answer":"Phosphophyllite","incorrect_answers":["Watermelon Tourmaline","Cinnabar","Padparadscha"]},{"category":"Mythology","type":"multiple","difficulty":"medium","question":"What is the name of the Greek god of peaceful deaths?","correct_answer":"Thanatos","incorrect_answers":["Tartarus","Hades","Moros"]},{"category":"Entertainment: Video Games","type":"multiple","difficulty":"hard","question":"How many partners can you obtain in Paper Mario: The Thousand-Year Door?","correct_answer":"7","incorrect_answers":["6","9","10"]},{"category":"Entertainment: Television","type":"multiple","difficulty":"hard","question":"In the show &#039;Doctor Who&#039;, what is the name of the time-capsule model stolen by &#039;the Doctor&#039;?","correct_answer":"TT Type 40, Mark 3 (TARDIS)","incorrect_answers":["TT Type 1, Mark 3 (TARDIS)","TT Type 40, Mark 5 (TARDIS)","TT Type 1, Mark 5 (TARDIS)"]},{"category":"Politics","type":"multiple","difficulty":"hard","question":"Who is the only US president to serve two non-consecutive terms in office?","correct_answer":"Grover Cleveland","incorrect_answers":["James K. Polk","Franklin D. Roosevelt","Thomas Jefferson"]}]}