{"response_code":0,"results":[{"category":"Entertainment: Cartoon & Animations","type":"boolean","difficulty":"easy","question":"In the &quot;Shrek&quot; film franchise, Donkey is played by Eddie Murphy.","correct_answer":"True","incorrect_answers":["False"]},{"category":"Entertainment: Film","type":"multiple","difficulty":"easy","question":"Who played the female lead in the 1933 film &quot;King Kong&quot;?","correct_answer":"Fay Wray","incorrect_answers":["Jean Harlow","Vivien Leigh","Mae West"]},{"category":"General Knowledge","type":"multiple","difficulty":"easy","question":"Which American president appears on a one dollar bill?","correct_answer":"George Washington","incorrect_answers":["Thomas Jefferson","Abraham Lincoln","Benjamin Franklin"]},{"category":"History","type":"multiple","difficulty":"medium","question":"On what day did Germany invade Poland?","correct_answer":"September 1, 1939","incorrect_answers":["December 7, 1941","June 22, 1941","July 7, 1937"]},{"category":"Entertainment: Video Games","type":"multiple","difficulty":"hard","question":"Which of the following commercial vehicles from Grand Theft Auto IV did NOT reappear in Grand Theft Auto V?","correct_answer":"Steed","incorrect_answers":["Mule","Benson","Pony"]},{"category":"Entertainment: Video Games","type":"multiple","difficulty":"hard","question":"How many copies of the notorious E.T. game for the Atari 2600 did Atari end up selling?","correct_answer":"1.5 Million","incorrect_answers":["1 Million","250 Thousand","Less than 250 Thousand"]},{"category":"Entertainment: Video Games","type":"multiple","difficulty":"hard","question":"When was Steam first released?","correct_answer":"2003","incorrect_answers":["2004","2011","2007"]},{"category":"Entertainment: Music","type":"multiple","difficulty":"easy","question":"Which artist released the 2012 single &quot;Harlem Shake&quot;, which was used in numerous YouTube videos in 2013?","correct_answer":"Baauer","incorrect_answers":["RL Grime","NGHTMRE","Flosstradamus"]},{"category":"Animals","type":"multiple","difficulty":"hard","question":"How many known living species of hyenas are there?","correct_answer":"4","incorrect_answers":["8","2","6"]},{"category":"Sports","type":"multiple","difficulty":"easy","question":"Which driver has been the Formula 1 world champion for a record 7 times?","correct_answer":"Michael Schumacher","incorrect_answers":["Ayrton Senna","Fernando Alonso","Jim Clark"]},{"category":"General Knowledge","type":"multiple","difficulty":"easy","question":"What is the French word for &quot;hat&quot;?","correct_answer":"Chapeau","incorrect_answers":["Bonnet"," &Eacute;charpe"," Casque"]},{"category":"Entertainment: Japanese Anime & Manga","type":"multiple","difficulty":"hard","question":"Winch of these names are not a character of JoJo&#039;s Bizarre Adventure?","correct_answer":"JoJo Kikasu","incorrect_answers":["Jean-Pierre Polnareff","George Joestar","Risotto Nero"]},{"category":"Entertainment: Television","type":"boolean","difficulty":"medium","question":"The television show Doctor Who first aired in 1963.","correct_answer":"True","incorrect_answers":["False"]},{"category":"Vehicles","type":"multiple","difficulty":"easy","question":"Automobiles produced by Tesla Motors operate on which form of energy?","correct_answer":"Electricity","incorrect_answers":["Gasoline","Diesel","Nuclear"]},{"category":"Geography","type":"boolean","difficulty":"medium","question":"&quot;Mongolia&quot; was a part of the now non-existent U.S.S.R.","correct_answer":"False","incorrect_answers":["True"]},{"category":"Science: Gadgets","type":"boolean","difficulty":"medium","question":"The Western Electric Model 500 telephone uses tone dialing to dial phone numbers.","correct_answer":"False","incorrect_answers":["True"]},{"category":"Entertainment: Musicals & Theatres","type":"multiple","difficulty":"medium","question":"In Jeff Wayne&#039;s Musical Version of War of the Worlds, the chances of anything coming from Mars are...","correct_answer":"A million to one","incorrect_answers":["A billion to one","A trillion to one","A hundred to one"]},{"category":"Science & Nature","type":"multiple","difficulty":"easy","question":"Human cells typically have how many copies of each gene?","correct_answer":"2","incorrect_answers":["1","4","3"]},{"category":"Entertainment: Books","type":"boolean","difficulty":"easy","question":"&quot;Elementary, my dear Watson&quot; is a phrase that is never truly said within the Conan Doyle books of Sherlock Holmes.","correct_answer":"True","incorrect_answers":["False"]},{"category":"Entertainment: Video Games","type":"multiple","difficulty":"medium","question":"In the Halo series, what fleet was Thel &#039;Vadam supreme commander of before being branded an Arbiter?","correct_answer":"Fleet of Particular Justice","incorrect_answers":["Fleet of Sacred Consecration","Fleet of Furious Redemption","Fleet of Righteous Vigilance"]},{"category":"Entertainment: Video Games","type":"multiple","difficulty":"easy","question":"In what year was Hearthstone released?","correct_answer":"2014","incorrect_answers":["2011","2013","2012"]},{"category":"Celebrities","type":"multiple","difficulty":"medium","question":"Before voicing Pearl in Steven Universe, Deedee Magno Hall was part of which American band?","correct_answer":"The Party","incorrect_answers":["The Weather Girls","The Pussycat Dolls","The Cheetah Girls"]},{"category":"Entertainment: Television","type":"multiple","difficulty":"easy","question":"What is the real name of the famous spanish humorist, El Risitas?","correct_answer":"Juan Joya Borga","incorrect_answers":["Gabriel Garcia Marquez","Jesus Quintero","Ernesto Guevara"]},{"category":"Entertainment: Video Games","type":"multiple","difficulty":"hard","question":"What was the name of the game created by Masahiro Sakurai and Satoru Iwata that would eventually evolve into &quot;Super Smash Bros.&quot;?","correct_answer":"Dragon King: The Fighting Game","incorrect_answers":["Nintendo Legends: Fight!","Martial Arts: King of the Hill","Aerial Warriors: Supreme Battle"]},{"category":"Geography","type":"multiple","difficulty":"hard","question":"What is the name of the formerly rich fishing grounds off the island of Newfoundland, Canada?","correct_answer":"Grand Banks","incorrect_answers":["Great Barrier Reef","Mariana Trench","Hudson Bay"]},{"category":"Entertainment: Cartoon & Animations","type":"multiple","difficulty":"easy","question":"Which of the following is not a Flintstones character?","correct_answer":"Lord Rockingham IX","incorrect_answers":["Rockhead Slate","The Great Gazoo","Barney Rubble"]},{"category":"Entertainment: Board Games","type":"boolean","difficulty":"easy","question":"&quot;PAYDAY: The Heist&quot; is a sequel to the board game &quot;Payday&quot;.","correct_answer":"False","incorrect_answers":["True"]},{"category":"Entertainment: Video Games","type":"multiple","difficulty":"medium","question":"In what year were screenshots added to Steam?","correct_answer":"2011","incorrect_answers":["2010","2008","2009"]},{"category":"Entertainment: Video Games","type":"multiple","difficulty":"easy","question":"Aperture Science CEO Cave Johnson is voiced by which American actor?","correct_answer":"J.K. Simmons","incorrect_answers":["Nolan North","John Patrick Lowrie","Christopher Lloyd"]},{"category":"History","type":"multiple","difficulty":"medium","question":"What year did Australia become a federation?","correct_answer":"1901","incorrect_answers":["1910","1899","1911"]},{"category":"Science: Computers","type":"multiple","difficulty":"hard","question":"Which of these is not a key value of Agile software development?","correct_answer":"Comprehensive documentation","incorrect_answers":["Individuals and interactions","Customer collaboration","Responding to change"]},{"category":"Entertainment: Japanese Anime & Manga","type":"multiple","difficulty":"hard","question":"In &quot;One Piece&quot;, what does &quot;the Pirate King&quot; mean to the captain of the Straw Hat Pirates?","correct_answer":"Freedom","incorrect_answers":["Promise","Adventure","Friendship"]},{"category":"Science & Nature","type":"multiple","difficulty":"easy","question":"What is the unit of electrical resistance?","correct_answer":"Ohm","incorrect_answers":["Mho","Tesla","Joule"]},{"category":"Mythology","type":"multiple","difficulty":"easy","question":"Which of these mythological creatures is said to be half-man and half-horse?","correct_answer":"Centaur","incorrect_answers":["Minotaur","Pegasus","Gorgon"]},{"category":"Science: Mathematics","type":"boolean","difficulty":"hard","question":"L&#039;H&ocirc;pital was the mathematician who created the homonymous rule that uses derivatives to evaluate limits with indeterminations.","correct_answer":"False","incorrect_answers":["True"]},{"category":"Science & Nature","type":"multiple","difficulty":"hard","question":"Muscle fiber is constructed of bundles small long organelles called what?","correct_answer":"Myofibrils","incorrect_answers":["Epimysium","Myofiaments","Myocardium"]},{"category":"Science & Nature","type":"multiple","difficulty":"hard","question":"Which of the following is NOT a word used to describe an earthquake?","correct_answer":"Drop-slide","incorrect_answers":["Foreshock","Strike-slip","Temblor"]},{"category":"Entertainment: Video Games","type":"multiple","difficulty":"hard","question":"In &quot;Call Of Duty: Zombies&quot;, which map&#039;s opening cutscene shows &quot;Richtofen&quot; killing another version of himself?","correct_answer":"The Giant","incorrect_answers":["Shadows Of Evil","Der Eisendrache","Moon"]},{"category":"Entertainment: Cartoon & Animations","type":"multiple","difficulty":"medium","question":"What is Dipper&#039;s real name from &quot;Gravity Falls&quot;?","correct_answer":"Mason Pines","incorrect_answers":["Mable Pines","Jason Pines","Mark Pines"]},{"category":"Entertainment: Japanese Anime & Manga","type":"multiple","difficulty":"medium","question":"In &quot;Black Lagoon&quot;, what colour is Rock&#039;s tie?","correct_answer":"Teal","incorrect_answers":["Crimson","Dark Brown","Black"]},{"category":"Mythology","type":"multiple","difficulty":"medium","question":"The Maori hold that which island nation was founded by Kupe, who discovered it under a long white cloud?","correct_answer":"New Zealand","incorrect_answers":["Vanuatu","Fiji","Hawaii"]},{"category":"Entertainment: Music","type":"multiple","difficulty":"easy","question":"Which band recorded the album &quot;Parallel Lines&quot;?","correct_answer":"Blondie","incorrect_answers":["Paramore","Coldplay","The Police"]},{"category":"Entertainment: Japanese Anime & Manga","type":"multiple","difficulty":"hard","question":"Which animation studio produced the anime adaptation of &quot;xxxHolic&quot;?","correct_answer":"Production I.G","incorrect_answers":["Sunrise","Xebec","Kyoto Animation"]},{"category":"Entertainment: Japanese Anime & Manga","type":"multiple","difficulty":"medium","question":"Which studio animated Soul Eater?","correct_answer":"Bones","incorrect_answers":["Kyoto Animation","xebec","Production I.G"]},{"category":"General Knowledge","type":"multiple","difficulty":"hard","question":"Originally another word for poppy, coquelicot is a shade of what?","correct_answer":"Red","incorrect_answers":["Green","Blue","Pink"]},{"category":"Science & Nature","type":"multiple","difficulty":"medium","question":"Approximately how long is a year on Uranus?","correct_answer":"84 Earth years","incorrect_answers":["47 Earth years","62 Earth years","109 Earth years"]},{"category":"Science & Nature","type":"boolean","difficulty":"medium","question":"&quot;Tachycardia&quot; or &quot;Tachyarrhythmia&quot; refers to a resting heart-rate near or over 100 BPM.","correct_answer":"True","incorrect_answers":["False"]},{"category":"Science & Nature","type":"multiple","difficulty":"medium","question":"What are the smallest blood vessels in the human body?","correct_answer":"Capillaries","incorrect_answers":["Arterioles","Veinules","Lymphatics"]},{"category":"Entertainment: Music","type":"multiple","difficulty":"easy","question":"Who is the lead singer of Foo Fighters?","correct_answer":"Dave Grohl","incorrect_answers":["Dave Mustaine","James Hetfield","Little Red Riding Hood"]},{"category":"Entertainment: Film","type":"multiple","difficulty":"medium","question":"What were the Chilled Monkey Brains made from during Indiana Jones and the Temple of Doom?","correct_answer":"Custard and Raspberry Sauce","incorrect_answers":["Strawberry Ice Cream","Cherry Yogurt","Raspberry Sorbet"]}]}