{"response_code":0,"results":[{"category":"Vehicles","type":"multiple","difficulty":"easy","question":"Where are the cars of the brand &quot;Ferrari&quot; manufactured?","correct_answer":"Italy","incorrect_answers":["Romania","Germany","Russia"]},{"category":"Entertainment: Film","type":"multiple","difficulty":"easy","question":"Daniel Radcliffe became a global star in the film industry due to his performance in which film franchise?","correct_answer":"Harry Potter","incorrect_answers":["Ted","Spy Kids","Pirates of the Caribbean "]},{"category":"Entertainment: Music","type":"multiple","difficulty":"medium","question":"Who is the artist of the recent new album the Uncanny Valley?","correct_answer":"Perturbator","incorrect_answers":["Carpenter Brut","GOST","Dan Terminus "]},{"category":"General Knowledge","type":"multiple","difficulty":"medium","question":"In a standard set of playing cards, which is the only king without a moustache?","correct_answer":"Hearts","incorrect_answers":["Spades","Diamonds","Clubs"]},{"category":"Sports","type":"multiple","difficulty":"medium","question":"What is the nickname of Northampton town&#039;s rugby union club?","correct_answer":"Saints","incorrect_answers":["Harlequins","Saracens","Wasps"]},{"category":"General Knowledge","type":"boolean","difficulty":"easy","question":"French is an official language in Canada.","correct_answer":"True","incorrect_answers":["False"]},{"category":"History","type":"multiple","difficulty":"easy","question":"During WWII, in 1945, the United States dropped atomic bombs on the two Japanese cities of Hiroshima and what other city?","correct_answer":"Nagasaki","incorrect_answers":["Kawasaki","Tokyo","Kagoshima"]},{"category":"Entertainment: Books","type":"multiple","difficulty":"hard","question":"What is Ron Weasley&#039;s middle name?","correct_answer":"Bilius","incorrect_answers":["Arthur","John","Dominic"]},{"category":"Science & Nature","type":"multiple","difficulty":"easy","question":"What is the chemical makeup of water?","correct_answer":"H20","incorrect_answers":["C12H6O2","CO2","H"]},{"category":"History","type":"multiple","difficulty":"medium","question":"On which day did the attempted coup d&#039;etat of 1991 in the Soviet Union begin?","correct_answer":"August 19","incorrect_answers":["August 21","December 26","December 24"]},{"category":"Geography","type":"multiple","difficulty":"easy","question":"How many countries does the United States share a land border with?","correct_answer":"2","incorrect_answers":["1","3","4"]},{"category":"Geography","type":"multiple","difficulty":"medium","question":"What is the largest lake in the African continent?","correct_answer":"Lake Victoria","incorrect_answers":["Lake Tanganyika","Lake Malawi","Lake Turkana"]},{"category":"Vehicles","type":"multiple","difficulty":"easy","question":"Which of these companies does NOT manufacture motorcycles?","correct_answer":"Toyota","incorrect_answers":["Honda","Kawasaki","Yamaha"]},{"category":"Science & Nature","type":"boolean","difficulty":"medium","question":"Anatomy considers the forms of macroscopic structures such as organs and organ systems.","correct_answer":"True","incorrect_answers":["False"]},{"category":"Entertainment: Video Games","type":"multiple","difficulty":"medium","question":"What is the name of the machine that fails and essentially dooms mankind in the beginning of the first Half-Life game?","correct_answer":"Anti-mass spectrometer","incorrect_answers":["Oscillation generator","Dark fusion reactor","Dark fusion resonator"]},{"category":"Entertainment: Video Games","type":"multiple","difficulty":"medium","question":"One of the early prototypes of the Sega Dreamcast controller resembled which of the following?","correct_answer":"Television Remote","incorrect_answers":["Tablet","Hairdryer","Flip Phone"]},{"category":"Entertainment: Video Games","type":"multiple","difficulty":"easy","question":"In what city in the dystopia alternate future of Half-Life 2 do you first start in?","correct_answer":"City 17","incorrect_answers":["City 18","City 6","City 45"]},{"category":"Science: Computers","type":"boolean","difficulty":"medium","question":"The open source program Redis is a relational database server.","correct_answer":"False","incorrect_answers":["True"]},{"category":"Entertainment: Music","type":"multiple","difficulty":"easy","question":"What was Rage Against the Machine&#039;s debut album?","correct_answer":"Rage Against the Machine","incorrect_answers":["Evil Empire","Bombtrack","The Battle Of Los Angeles"]},{"category":"Entertainment: Music","type":"multiple","difficulty":"easy","question":"According to the American rapper Nelly, what should you do when its hot in here?","correct_answer":"Take off all your clothes","incorrect_answers":["Take a cool shower","Drink some water","Go skinny dipping"]},{"category":"Entertainment: Comics","type":"multiple","difficulty":"medium","question":"In &quot;Sonic the Hedgehog&quot; comic, who was the creator of Roboticizer? ","correct_answer":"Professor Charles the Hedgehog","incorrect_answers":["Julian Robotnik","Ivo Robotnik","Snively Robotnik"]},{"category":"Entertainment: Video Games","type":"multiple","difficulty":"hard","question":"Which car did not appear in the 2002 Lego Game: Drome Racers?","correct_answer":"Wasp","incorrect_answers":["Raptor","Hornet","Behemoth"]},{"category":"Entertainment: Video Games","type":"multiple","difficulty":"medium","question":"In the original DOOM games, which of the following demons is a recolor of the Baron of Hell, but is weaker than the Baron?","correct_answer":"Hell Knight","incorrect_answers":["Mancubus","Pinky","Arch-Vile"]},{"category":"General Knowledge","type":"boolean","difficulty":"easy","question":"One of Donald Trump&#039;s 2016 Presidential Campaign promises was to build a border wall between the United States and Mexico.","correct_answer":"True","incorrect_answers":["False"]},{"category":"Sports","type":"multiple","difficulty":"easy","question":"How many points did LeBron James score in his first NBA game?","correct_answer":"25","incorrect_answers":["19","69","41"]},{"category":"Science: Computers","type":"multiple","difficulty":"medium","question":"Which operating system was released first?","correct_answer":"Mac OS","incorrect_answers":["Windows","Linux","OS\/2"]},{"category":"Entertainment: Board Games","type":"multiple","difficulty":"hard","question":"What do you declare in R\u012bchi Mahjong when you&#039;ve drawn your winning tile?","correct_answer":"Tsumo","incorrect_answers":["Ron","R\u012bchi","Kan"]},{"category":"Entertainment: Video Games","type":"multiple","difficulty":"medium","question":"In Overwatch, how old is Reinhardt Wilhelm?","correct_answer":"61","incorrect_answers":["59","65","62"]},{"category":"Entertainment: Television","type":"boolean","difficulty":"easy","question":"In Battlestar Galactica (2004), Cylons were created by man as cybernetic workers and soldiers.","correct_answer":"True","incorrect_answers":["False"]},{"category":"History","type":"multiple","difficulty":"easy","question":"How long did World War II last?","correct_answer":"6 years","incorrect_answers":["4 years","5 years","7 years"]},{"category":"Entertainment: Video Games","type":"multiple","difficulty":"hard","question":"How many voice channels does the Super Nintendo Entertainment System support?","correct_answer":"8","incorrect_answers":["6","10","12"]},{"category":"Entertainment: Television","type":"boolean","difficulty":"medium","question":"Klingons respect their disabled comrades, and those who are old, injuried, and helpless.","correct_answer":"False","incorrect_answers":["True"]},{"category":"Entertainment: Japanese Anime & Manga","type":"multiple","difficulty":"hard","question":"In the &quot;Dragon Ball&quot; franchise, what is the name of Goku&#039;s brother?","correct_answer":"Raditz","incorrect_answers":["Gohan","Vegeta","Bardock"]},{"category":"Science: Gadgets","type":"multiple","difficulty":"hard","question":"Which of the following cellular device companies is NOT headquartered in Asia?","correct_answer":"Nokia","incorrect_answers":["LG Electronics","Samsung","HTC"]},{"category":"General Knowledge","type":"multiple","difficulty":"medium","question":"When did the website &quot;Facebook&quot; launch?","correct_answer":"2004","incorrect_answers":["2005","2003","2006"]},{"category":"Entertainment: Japanese Anime & Manga","type":"multiple","difficulty":"medium","question":"In the &quot;To Love-Ru&quot; series, how many Trans-weapons were created?","correct_answer":"3","incorrect_answers":["1","2","4"]},{"category":"Entertainment: Film","type":"multiple","difficulty":"hard","question":"What is the name of the supercomputer located in the control room in &quot;Jurassic Park&quot; (1993)?","correct_answer":"Thinking Machines CM-5","incorrect_answers":["Cray X-MP","Cray XK7","IBM Blue Gene\/Q"]},{"category":"Entertainment: Board Games","type":"multiple","difficulty":"hard","question":"The Dice Tower network of board game podcasts and videos is run by which individual?","correct_answer":"Tom Vasel","incorrect_answers":["Jason LeVine","Borth Sampson","Uncle Pennybags"]},{"category":"Entertainment: Video Games","type":"multiple","difficulty":"medium","question":"What is the only Generation III Pokemon whose name begins with the letter I?","correct_answer":"Illumise","incorrect_answers":["Infernape","Ivysaur","Igglybuff"]},{"category":"Entertainment: Board Games","type":"multiple","difficulty":"hard","question":"Which card is on the cover of the Beta rulebook of &quot;Magic: The Gathering&quot;?","correct_answer":"Bog Wraith","incorrect_answers":["Island","Rock Hydra","Elvish Archers"]},{"category":"Science & Nature","type":"multiple","difficulty":"hard","question":"The Western Lowland Gorilla is scientifically know as?","correct_answer":"Gorilla Gorilla Gorilla","incorrect_answers":["Gorilla Gorilla Diehli","Gorilla Beringei Graueri","Gorilla Beringei Beringei"]},{"category":"Geography","type":"multiple","difficulty":"medium","question":"Which of the following is NOT a capital city?","correct_answer":"Sydney","incorrect_answers":["Cairo","Moscow","Beijing"]},{"category":"Animals","type":"multiple","difficulty":"hard","question":"Which of these is a colony of polyps and not a jellyfish?","correct_answer":"Portuguese Man-of-War","incorrect_answers":["Sea Wasp","Irukandji","Sea Nettle"]},{"category":"History","type":"boolean","difficulty":"medium","question":"Sir Issac Newton served as a Member of Parliament, but the only recorded time he spoke was to complain about a draft in the chambers.","correct_answer":"True","incorrect_answers":["False"]},{"category":"General Knowledge","type":"boolean","difficulty":"easy","question":"Vietnam&#039;s national flag is a red star in front of a yellow background.","correct_answer":"False","incorrect_answers":["True"]},{"category":"Entertainment: Video Games","type":"multiple","difficulty":"medium","question":"Which one of the first four titles of the &quot;Grand Theft Auto&quot; franchise started the series of iconic image grid cover arts?","correct_answer":"Grand Theft Auto III","incorrect_answers":["Grand Theft Auto","Grand Theft Auto II","Grand Theft Auto Vice City"]},{"category":"General Knowledge","type":"multiple","difficulty":"hard","question":"In &quot;Battle Cats&quot;, what is Moneko \/ MISS Moneko&#039;s critical percentage rate?","correct_answer":"15%","incorrect_answers":["20%","10%","25%"]},{"category":"History","type":"multiple","difficulty":"medium","question":"In what year did Texas secede from Mexico?","correct_answer":"1836","incorrect_answers":["1838","1845","1844"]},{"category":"Entertainment: Music","type":"multiple","difficulty":"easy","question":"Who is the lead singer of Arctic Monkeys?","correct_answer":"Alex Turner","incorrect_answers":["Jamie Cook","Matt Helders","Nick O&#039;Malley"]},{"category":"General Knowledge","type":"boolean","difficulty":"easy","question":"Ping-Pong originated in England","correct_answer":"True","incorrect_answers":["False"]}]}