{"response_code":0,"results":[{"category":"Entertainment: Video Games","type":"boolean","difficulty":"hard","question":"The retail disc of Tony Hawk&#039;s Pro Skater 5 only comes with the tutorial.","correct_answer":"True","incorrect_answers":["False"]},{"category":"Mythology","type":"multiple","difficulty":"easy","question":"The ancient Roman god of war was commonly known as which of the following?","correct_answer":"Mars","incorrect_answers":["Jupiter","Juno","Ares"]},{"category":"Entertainment: Music","type":"multiple","difficulty":"medium","question":"According to their 1974 hit, what were Brownsville Station doing &quot;In The Boys&#039; Room&quot;?","correct_answer":"Smokin&#039;","incorrect_answers":["Hangin&#039;","Lovin&#039;","Peein&#039;"]},{"category":"Entertainment: Music","type":"multiple","difficulty":"easy","question":"Whose signature guitar technique is called the &quot;windmill&quot;?","correct_answer":"Pete Townshend","incorrect_answers":["Jimmy Page","Eddie Van Halen","Jimi Hendrix"]},{"category":"Science & Nature","type":"multiple","difficulty":"medium","question":"Gannymede is the largest moon of which planet?","correct_answer":"Jupiter","incorrect_answers":["Uranus","Neptune","Mars"]},{"category":"Entertainment: Cartoon & Animations","type":"multiple","difficulty":"easy","question":"What is the relationship between Rick and Morty in the show &quot;Rick and Morty&quot;?","correct_answer":"Grandfather and Grandson","incorrect_answers":["Father and Son","Best Friends","Crimefighting Partners"]},{"category":"General Knowledge","type":"multiple","difficulty":"medium","question":"Which of the following Ivy League universities has its official motto in Hebrew as well as in Latin?","correct_answer":"Yale University","incorrect_answers":["Princeton University","Harvard University","Columbia University"]},{"category":"Science & Nature","type":"boolean","difficulty":"medium","question":"Shrimp can swim backwards.","correct_answer":"True","incorrect_answers":["False"]},{"category":"Entertainment: Video Games","type":"boolean","difficulty":"easy","question":"In &quot;Super Mario Bros.&quot;, the clouds and bushes have the same artwork and are just different colors.","correct_answer":"True","incorrect_answers":["False"]},{"category":"General Knowledge","type":"multiple","difficulty":"hard","question":"Which of the following chemicals are found in eggplant seeds?","correct_answer":"Nicotine","incorrect_answers":["Mescaline","Cyanide","Psilocybin"]},{"category":"Science: Gadgets","type":"multiple","difficulty":"easy","question":"The term &quot;battery&quot; to describe an electrical storage device was coined by?","correct_answer":"Benjamin Franklin","incorrect_answers":["Nikola Tesla","Luigi Galvani"," Alessandro Volta"]},{"category":"Art","type":"multiple","difficulty":"easy","question":"Who painted &quot;Swans Reflecting Elephants&quot;, &quot;Sleep&quot;, and &quot;The Persistence of Memory&quot;?","correct_answer":"Salvador Dali","incorrect_answers":["Jackson Pollock","Vincent van Gogh","Edgar Degas"]},{"category":"General Knowledge","type":"multiple","difficulty":"hard","question":"What is the romanized Chinese word for &quot;airplane&quot;?","correct_answer":"Feiji","incorrect_answers":["Qiche","Zongxian","Huojian"]},{"category":"Entertainment: Music","type":"multiple","difficulty":"hard","question":"Which of the following is NOT a real song from the band Thousand Foot Krutch?","correct_answer":"Limitless Fury","incorrect_answers":["Let The Sparks Fly","Down","Give Up The Ghost"]},{"category":"Entertainment: Video Games","type":"multiple","difficulty":"easy","question":"Which of these characters is the mascot of the video game company SEGA?","correct_answer":"Sonic the Hedgehog","incorrect_answers":["Dynamite Headdy","Alex Kidd","Opa-Opa"]},{"category":"Entertainment: Japanese Anime & Manga","type":"multiple","difficulty":"medium","question":"The manga JoJo&#039;s Bizarre Adventure is split into how many parts?","correct_answer":"8","incorrect_answers":["6","4","3"]},{"category":"Entertainment: Film","type":"multiple","difficulty":"medium","question":"Who played Baron Victor Frankestein in the 1957 Hammer horror film &quot;The Curse of Frankenstein&quot;?","correct_answer":"Peter Cushing","incorrect_answers":["Boris Karloff","Vincent Price","Lon Chaney Jr."]},{"category":"Entertainment: Music","type":"multiple","difficulty":"hard","question":"What year was Huun Huur Tu&#039;s album Altai Sayan Tandy-Uula released? ","correct_answer":"2004","incorrect_answers":["1993","2006","2010"]},{"category":"Entertainment: Television","type":"multiple","difficulty":"easy","question":"The &quot;Psycho&quot; series of videos on YouTube was created by which of the following?","correct_answer":"RiDGiD STUDiOS","incorrect_answers":["Dan Bell","Billy Familia","VeganGainz"]},{"category":"Entertainment: Video Games","type":"multiple","difficulty":"easy","question":"Who is the leader of Team Mystic in Pok&eacute;mon Go?","correct_answer":"Blanche","incorrect_answers":["Candela","Spark","Willow"]},{"category":"Entertainment: Film","type":"multiple","difficulty":"easy","question":"Who in Pulp Fiction says &quot;No, they got the metric system there, they wouldn&#039;t know what the fuck a Quarter Pounder is.&quot;","correct_answer":"Vincent Vega","incorrect_answers":["Jules Winnfield","Jimmie Dimmick","Butch Coolidge"]},{"category":"General Knowledge","type":"boolean","difficulty":"medium","question":"The French word for &quot;glass&quot; is &quot;glace&quot;.","correct_answer":"False","incorrect_answers":["True"]},{"category":"Entertainment: Music","type":"multiple","difficulty":"hard","question":"This album, now considered to be one of the greatest of all time, was a commercial failure when it was released.","correct_answer":"The Velvet Underground and Nico","incorrect_answers":["Abbey Road","Led Zeppelin IV","Pet Sounds"]},{"category":"Science: Computers","type":"multiple","difficulty":"easy","question":"Which computer language would you associate Django framework with?","correct_answer":"Python","incorrect_answers":["C#","C++","Java"]},{"category":"History","type":"multiple","difficulty":"hard","question":"What was found in 1946 by two young shepards near a cave?","correct_answer":"Dead Sea Scrolls","incorrect_answers":["The Blackbeard Chest","Sheep","The First Oaxaca Cave Sleeper"]},{"category":"Entertainment: Japanese Anime & Manga","type":"multiple","difficulty":"medium","question":"In the &quot;Toaru Majutsu no Index&quot; anime, Touma Kamijou is a level 0 esper that has the ability to do what?","correct_answer":"Dispell any esper or magical powers","incorrect_answers":["Teleport","Make telepathic communications","Create electricity from his own body"]},{"category":"Vehicles","type":"boolean","difficulty":"medium","question":"Arriva is owned by the Deutsche Bahn.","correct_answer":"True","incorrect_answers":["False"]},{"category":"Entertainment: Video Games","type":"multiple","difficulty":"hard","question":"In TF2 Lore, what are the names of the Heavy&#039;s younger sisters?","correct_answer":"Yana and Bronislava","incorrect_answers":["Gaba and Anna","Yanna and Gaba","Anna and Bronislava"]},{"category":"Entertainment: Film","type":"boolean","difficulty":"easy","question":"In the movie The Revenant, DiCaprio&#039;s character hunts down the killer of his son.","correct_answer":"True","incorrect_answers":["False"]},{"category":"Entertainment: Music","type":"multiple","difficulty":"easy","question":"In 2006, which band released their debut album &quot;A Fever You Can&#039;t Sweat Out&quot;?","correct_answer":"Panic! At the Disco","incorrect_answers":["Twenty One Pilots","My Chemical Romance","Fall Out Boy"]},{"category":"Entertainment: Video Games","type":"multiple","difficulty":"easy","question":"What minimum level in the Defence skill is needed to equip Dragon Armour in the MMO RuneScape?","correct_answer":"60","incorrect_answers":["65","55","70"]},{"category":"Entertainment: Video Games","type":"boolean","difficulty":"easy","question":"Valve&#039;s &quot;Portal&quot; and &quot;Half-Life&quot; franchises exist within the same in-game universe.","correct_answer":"True","incorrect_answers":["False"]},{"category":"Entertainment: Television","type":"boolean","difficulty":"medium","question":"Bob Ross was a US Air Force pilot.","correct_answer":"False","incorrect_answers":["True"]},{"category":"Science: Computers","type":"multiple","difficulty":"medium","question":"Which of these people was NOT a founder of Apple Inc?","correct_answer":"Jonathan Ive","incorrect_answers":["Steve Jobs","Ronald Wayne","Steve Wozniak"]},{"category":"Entertainment: Video Games","type":"multiple","difficulty":"hard","question":"Which monster in &quot;Monster Hunter Tri&quot; was causing earthquakes in Moga Village?","correct_answer":"Ceadeus","incorrect_answers":["Alatreon","Rathalos","Lagiacrus"]},{"category":"Vehicles","type":"multiple","difficulty":"hard","question":"What kind of train was Stepney, a train on the Bluebell Railway notable for his appearance in &quot;The Railway Series&quot;?","correct_answer":"LB&amp;SCR A1X","incorrect_answers":["LB&amp;SCR E2","LB&amp;SCR J1","LB&amp;SCR D1"]},{"category":"Entertainment: Video Games","type":"multiple","difficulty":"medium","question":"In &quot;Call Of Duty: Zombies&quot;, completing which map&#039;s easter egg will reward you with the achievement, &quot;Time Travel Will Tell&quot;?","correct_answer":"Shangri-La","incorrect_answers":["Ascension","Moon","Die Rise"]},{"category":"Entertainment: Television","type":"multiple","difficulty":"medium","question":"Which WWF wrestler had the nickname &quot;The Ayatollah of Rock &#039;N&#039; Rolla&quot;?","correct_answer":"Chris Jericho","incorrect_answers":["Marty Jannetty","Scott Hall","Shawn Michaels"]},{"category":"History","type":"multiple","difficulty":"hard","question":"What was the last colony the UK ceded marking the end of the British Empire?","correct_answer":"Hong Kong","incorrect_answers":["India","Australia","Ireland"]},{"category":"General Knowledge","type":"multiple","difficulty":"easy","question":"What zodiac sign is represented by a pair of scales?","correct_answer":"Libra","incorrect_answers":["Aries","Capricorn","Sagittarius"]},{"category":"Entertainment: Cartoon & Animations","type":"multiple","difficulty":"medium","question":"What is the name of the Alligator that The Simpsons &quot;killed&quot; in the episode &quot;Kill The Alligator and Run&quot;?","correct_answer":"Captain Jack","incorrect_answers":["Captain Jake","Captain Hector","Captain Flynn"]},{"category":"Politics","type":"multiple","difficulty":"medium","question":"Which former US president used &quot;Let&#039;s Make America Great Again&quot; as his campaign slogan before Donald Trump&#039;s campaign?","correct_answer":"Ronald Reagan","incorrect_answers":["Jimmy Carter","Gerald Ford","Richard Nixon"]},{"category":"General Knowledge","type":"multiple","difficulty":"medium","question":"What was the name given to Japanese military dictators who ruled the country through the 12th and 19th Century?","correct_answer":"Shogun","incorrect_answers":["Ninja","Samurai","Shinobi"]},{"category":"Geography","type":"boolean","difficulty":"easy","question":"There is an island in Japan called \u014ckunoshima, A.K.A. &quot;Rabbit Island&quot;, so named because of it&#039;s huge population of rabbits.","correct_answer":"True","incorrect_answers":["False"]},{"category":"Entertainment: Film","type":"multiple","difficulty":"medium","question":"Who performed the opening theme song for the James Bond 007 movie &quot;Goldfinger&quot;?","correct_answer":"Shirley Basey","incorrect_answers":["Tom Jones","John Barry","Sheena Easton"]},{"category":"Entertainment: Video Games","type":"multiple","difficulty":"easy","question":"Who is the last boss in Night In The Woods&#039; Demontower minigame?","correct_answer":"The Blood Thief","incorrect_answers":["Mega Hairball ","King Skellie ","Krampus "]},{"category":"Entertainment: Video Games","type":"multiple","difficulty":"easy","question":"Which of 2 Valve Games are set in the same universe?","correct_answer":"Half-life and Portal","incorrect_answers":["Portal and Left 4 Dead","Half-life and Left 4 Dead","Half-life and Counter Strike"]},{"category":"Entertainment: Film","type":"multiple","difficulty":"medium","question":"About how much money did it cost for Tommy Wiseau to make his masterpiece &quot;The Room&quot; (2003)?","correct_answer":"$6 Million","incorrect_answers":["$20,000","$1 Million","$10 Million"]},{"category":"Entertainment: Video Games","type":"multiple","difficulty":"medium","question":"Who is the character you play as in Yume Nikki?","correct_answer":"Madotsuki","incorrect_answers":["Masada","Uboa","Poniko"]},{"category":"Geography","type":"multiple","difficulty":"medium","question":"Which two modern-day countries used to be known as the region of Rhodesia between the 1890s and 1980?","correct_answer":"Zambia &amp; Zimbabwe","incorrect_answers":["Togo &amp; Benin","Lesotho &amp; Swaziland","Rwanda &amp; Burundi"]}]}