{"response_code":0,"results":[{"category":"Entertainment: Music","type":"boolean","difficulty":"easy","question":"The music group Daft Punk got their name from a negative review they recieved.","correct_answer":"True","incorrect_answers":["False"]},{"category":"Entertainment: Film","type":"multiple","difficulty":"easy","question":"When was the movie &#039;Con Air&#039; released?","correct_answer":"1997","incorrect_answers":["1985","1999","1990"]},{"category":"Geography","type":"boolean","difficulty":"medium","question":"Seoul is the capital of North Korea.","correct_answer":"False","incorrect_answers":["True"]},{"category":"History","type":"multiple","difficulty":"medium","question":"The Tsar Bomba, the most powerful nuclear bomb ever tested, had a yield of 50 megatons but theoretically had a maximum yield of how much?","correct_answer":"100 Megatons","incorrect_answers":["200 Megatons","75 Megatons","150 Megatons"]},{"category":"Geography","type":"multiple","difficulty":"medium","question":"How many sovereign states are members of the United Nations?","correct_answer":"195","incorrect_answers":["201","153","178"]},{"category":"Entertainment: Film","type":"boolean","difficulty":"easy","question":"Matt Damon played an astronaut stranded on an extraterrestrial planet in both of the movies Interstellar and The Martian.","correct_answer":"True","incorrect_answers":["False"]},{"category":"Entertainment: Film","type":"multiple","difficulty":"easy","question":"The Queen song `A Kind Of Magic` is featured in which 1986 film?","correct_answer":"Highlander","incorrect_answers":["Flash Gordon","Labyrinth","Howard the Duck"]},{"category":"Science & Nature","type":"multiple","difficulty":"hard","question":"What common name is given to the medial condition, tibial stress syndrome (MTSS)?","correct_answer":"Shin Splints","incorrect_answers":["Tennis Elbow","Carpal Tunnel","Housemaid&#039;s Knee"]},{"category":"Entertainment: Video Games","type":"multiple","difficulty":"medium","question":"What is the original name of Final Fantasy XV?","correct_answer":"Final Fantasy Versus XIII","incorrect_answers":["Final Fantasy: Reborn","Final Fantasy XVI","Final Fantasy XIII-3"]},{"category":"History","type":"multiple","difficulty":"medium","question":"All of the following are names of the Seven Warring States EXCEPT:","correct_answer":"Zhai (\u7fdf)","incorrect_answers":["Zhao (\u8d99)","Qin (\u79e6)","Qi (\u9f4a)"]},{"category":"Entertainment: Video Games","type":"multiple","difficulty":"medium","question":"How many classes are there in Team Fortress 2?","correct_answer":"9","incorrect_answers":["10","8","7"]},{"category":"Sports","type":"multiple","difficulty":"easy","question":"Which country will host the 2020 Summer Olympics?","correct_answer":"Japan","incorrect_answers":["China","Australia","Germany"]},{"category":"Entertainment: Comics","type":"multiple","difficulty":"medium","question":"What is the name of the main character in the webcomic Gunnerkrigg Court by Tom Siddell?","correct_answer":"Antimony","incorrect_answers":["Bismuth","Mercury","Cobalt"]},{"category":"History","type":"multiple","difficulty":"hard","question":"When did Canada leave the confederation to become their own nation?","correct_answer":"July 1st, 1867","incorrect_answers":["July 1st, 1763","July 1st, 1832","July 1st, 1902"]},{"category":"General Knowledge","type":"multiple","difficulty":"medium","question":"What country saw a world record 315 million voters turn out for elections on May 20, 1991?","correct_answer":"India","incorrect_answers":["United States of America","Soviet Union","Poland"]},{"category":"Entertainment: Video Games","type":"multiple","difficulty":"medium","question":"Capcom&#039;s survival horror title Dead Rising, canonically starts on what day of September 2006?","correct_answer":"September 19th","incorrect_answers":["September 21st","September 30th","September 14th"]},{"category":"Vehicles","type":"multiple","difficulty":"medium","question":"Which one is NOT the function of engine oil in car engines?","correct_answer":"Combustion","incorrect_answers":["Lubrication","Cooling","Reduce corrosion"]},{"category":"Entertainment: Comics","type":"multiple","difficulty":"hard","question":"In the Homestuck Series, what is the alternate name for the Kingdom of Lights?","correct_answer":"Prospit","incorrect_answers":["No Name","Golden City","Yellow Moon"]},{"category":"Entertainment: Video Games","type":"multiple","difficulty":"medium","question":"In vanilla Minecraft, you can make armor out of all BUT which of the following?","correct_answer":"Emeralds","incorrect_answers":["Diamonds","Iron","Leather"]},{"category":"Geography","type":"multiple","difficulty":"hard","question":"What is the area of Vatican City?","correct_answer":"0.44km^2","incorrect_answers":["0.10km^2","0.86km^2","12.00km^2"]},{"category":"Entertainment: Video Games","type":"multiple","difficulty":"medium","question":"In PROTOTYPE 2, which of the following abilities\/weapons is NOT obtained by an Evolved?","correct_answer":"Tendrils","incorrect_answers":["Blade","Bio-Bomb","Pack Leader"]},{"category":"Entertainment: Books","type":"boolean","difficulty":"easy","question":"Stephen Chbosky wrote the book &#039;The Perks of Being A Wallflower&#039;.","correct_answer":"True","incorrect_answers":["False"]},{"category":"Science: Mathematics","type":"multiple","difficulty":"medium","question":"To the nearest whole number, how many radians are in a whole circle?","correct_answer":"6","incorrect_answers":["3","4","5"]},{"category":"Entertainment: Video Games","type":"multiple","difficulty":"easy","question":"What is the maximum HP in Terraria?","correct_answer":"500","incorrect_answers":["400","1000","100"]},{"category":"Science: Computers","type":"multiple","difficulty":"hard","question":"Which data structure does FILO apply to?","correct_answer":"Stack","incorrect_answers":["Queue","Heap","Tree"]},{"category":"Science & Nature","type":"multiple","difficulty":"easy","question":"What does LASER stand for?","correct_answer":"Light amplification by stimulated emission of radiation","incorrect_answers":["Lite analysing by stereo ecorazer","Light amplifier by standby energy of radio","Life antimatter by standing entry of range"]},{"category":"Entertainment: Video Games","type":"multiple","difficulty":"hard","question":"In the Lego Island trilogy, who taught Pepper Roni how to read?","correct_answer":"Officer Laura Brick","incorrect_answers":["Papa Brickolini","Officer Nick Brick","Mama Brickolini"]},{"category":"Mythology","type":"multiple","difficulty":"medium","question":"According to the Egyptian Myth of Osiris, who murdered Osiris?","correct_answer":"Set","incorrect_answers":["Horus","Ra","Anhur"]},{"category":"Entertainment: Video Games","type":"multiple","difficulty":"medium","question":"What was the first weapon pack for &quot;PAYDAY 2&quot;?","correct_answer":"The Gage Weapon Pack #1","incorrect_answers":["The Overkill Pack","The Gage Chivalry Pack","The Gage Historical Pack"]},{"category":"Politics","type":"boolean","difficulty":"medium","question":"The State of Queensland, Australia voted NO to a referendum for daylight savings in 1992.","correct_answer":"True","incorrect_answers":["False"]},{"category":"Entertainment: Video Games","type":"multiple","difficulty":"easy","question":"In the game &quot;Hearthstone&quot;, what is the best rank possible?","correct_answer":"Rank 1 Legend","incorrect_answers":["Rank 1 Elite","Rank 1 Master","Rank 1 Supreme"]},{"category":"General Knowledge","type":"multiple","difficulty":"medium","question":"Who invented Pastafarianism?","correct_answer":"Bobby Henderson","incorrect_answers":["Eric Tignor","Bill Nye","Zach Soldi"]},{"category":"Entertainment: Music","type":"multiple","difficulty":"medium","question":"Which band released the album &quot;Sonic Highways&quot; in 2014?","correct_answer":"Foo Fighters","incorrect_answers":["Coldplay","Nickelback","The Flaming Lips"]},{"category":"Entertainment: Music","type":"multiple","difficulty":"medium","question":"Moby, an American DJ, singer, and musician, achieved worldwide success for the 1999 release of which of the following albums?","correct_answer":"Play","incorrect_answers":["Everything Is Wrong","Moby","18"]},{"category":"Entertainment: Music","type":"boolean","difficulty":"hard","question":"Pete Townshend&#039;s solo album, &quot;White City: A Novel&quot;, is set in the metropolitan area of Chicago.","correct_answer":"False","incorrect_answers":["True"]},{"category":"Entertainment: Video Games","type":"multiple","difficulty":"hard","question":"What is the 4th boss in the 1997 video game &quot;Crash Bandicoot 2: Cortex Strikes Back&quot;?","correct_answer":"Dr. N. Gin","incorrect_answers":["Dr. Neo Cortex","Komodo Brothers","Tiny Tiger"]},{"category":"Geography","type":"multiple","difficulty":"medium","question":"What is the capital of Lithuania?","correct_answer":"Vilnius","incorrect_answers":["Tallinn","Helsinki","Riga"]},{"category":"Entertainment: Japanese Anime & Manga","type":"multiple","difficulty":"medium","question":"What studio animated Fullmetal Alchemist?","correct_answer":"Bones","incorrect_answers":["Trigger","Pierrot","xebec"]},{"category":"Entertainment: Video Games","type":"multiple","difficulty":"medium","question":"Why were only only 300,000 copies of Uniracers were produced?","correct_answer":"DMA Designs was sued by Pixar, preventing more copies from being produced","incorrect_answers":["There was a disagreement between DMA Designs and Nintendo","It didn&#039;t sell well due to poor review scores","No public information is available"]},{"category":"Entertainment: Film","type":"boolean","difficulty":"medium","question":"The movie &quot;Tron&quot; received an Oscar nomination for Best Visual Effects.","correct_answer":"False","incorrect_answers":["True"]},{"category":"Science & Nature","type":"boolean","difficulty":"easy","question":"Water always boils at 100&deg;C, 212&deg;F, 373.15K, no matter where you are.","correct_answer":"False","incorrect_answers":["True"]},{"category":"General Knowledge","type":"multiple","difficulty":"medium","question":"Which country has the most Trappist breweries?","correct_answer":"Belgium","incorrect_answers":["Netherlands","France","USA"]},{"category":"General Knowledge","type":"multiple","difficulty":"medium","question":"What is the star sign of someone born on Valentines day?","correct_answer":"Aquarius","incorrect_answers":["Pisces","Capricorn","Scorpio"]},{"category":"Entertainment: Music","type":"multiple","difficulty":"medium","question":"What was Britney Spears&#039; debut single?","correct_answer":"...Baby One More Time","incorrect_answers":["Oops!... I Did It Again","(You Drive Me) Crazy","Toxic"]},{"category":"General Knowledge","type":"multiple","difficulty":"easy","question":"What are Panama hats made out of?","correct_answer":"Straw","incorrect_answers":["Silk","Hemp","Flax"]},{"category":"Entertainment: Video Games","type":"boolean","difficulty":"easy","question":"Codemasters is the developer of the Gran Turismo series.","correct_answer":"False","incorrect_answers":["True"]},{"category":"History","type":"multiple","difficulty":"medium","question":"What was the name of the chemical that was dropped on Vietnam during the Vietnam war?","correct_answer":"Agent Orange","incorrect_answers":["Phosgene","Mustard Gas","Hydrogen Cyanide"]},{"category":"Animals","type":"multiple","difficulty":"medium","question":"What is the world&#039;s longest venomous snake?","correct_answer":"King Cobra","incorrect_answers":["Green Anaconda","Inland Taipan","Yellow Bellied Sea Snake"]},{"category":"Entertainment: Japanese Anime & Manga","type":"multiple","difficulty":"medium","question":"In the series JoJo&#039;s Bizarre Adventure, which main character makes the greatest number of recurring appearances?","correct_answer":"Jotaro Kujo","incorrect_answers":["Giorno Giovanna","Joseph Joestar","Josuke Higashikata"]},{"category":"Entertainment: Film","type":"multiple","difficulty":"hard","question":"Which singer is portrayed by Bruce Campbell in the 2002 film &#039;Bubba Ho-Tep&#039;?","correct_answer":"Elvis Presley","incorrect_answers":["Johnny Cash","Hank Williams, Sr.","Buddy Holly"]}]}