{"response_code":0,"results":[{"category":"Entertainment: Video Games","type":"boolean","difficulty":"medium","question":"Amazon acquired Twitch in August 2014 for $970 million dollars.","correct_answer":"True","incorrect_answers":["False"]},{"category":"Science & Nature","type":"multiple","difficulty":"medium","question":"What is the colour of unoxidized blood?","correct_answer":"Red","incorrect_answers":["Blue","Purple","Green"]},{"category":"Entertainment: Film","type":"multiple","difficulty":"easy","question":"Who starred in the film 1973 movie &quot;Enter The Dragon&quot;?","correct_answer":"Bruce Lee","incorrect_answers":["Jackie Chan","Jet Li"," Yun-Fat Chow"]},{"category":"Celebrities","type":"boolean","difficulty":"medium","question":"Michael Jackson had a pet python named &lsquo;Crusher&rsquo;.","correct_answer":"True","incorrect_answers":["False"]},{"category":"History","type":"multiple","difficulty":"medium","question":"The Spitfire L.F. Mk IX had what engine?","correct_answer":"Merlin 66","incorrect_answers":["Griffon 65","Merlin 50","Merlin X"]},{"category":"History","type":"multiple","difficulty":"hard","question":"Spain was formed in 1469 with the marriage of Isabella I of Castile and Ferdinand II of what other Iberian kingdom?","correct_answer":"Aragon","incorrect_answers":["Galicia","Le&oacute;n","Navarre"]},{"category":"Geography","type":"multiple","difficulty":"medium","question":"What is the largest non-continental island in the world?","correct_answer":"Greenland","incorrect_answers":["New Guinea","Borneo","Madagascar"]},{"category":"Entertainment: Film","type":"multiple","difficulty":"easy","question":"Who directed the movies &quot;Pulp Fiction&quot;, &quot;Reservoir Dogs&quot; and &quot;Django Unchained&quot;?","correct_answer":"Quentin Tarantino","incorrect_answers":["Martin Scorcese","Steven Spielberg","James Cameron"]},{"category":"Celebrities","type":"multiple","difficulty":"medium","question":"What is the real name of &quot;moot&quot;, founder of the imageboard 4chan?","correct_answer":"Christopher Poole","incorrect_answers":["Mark Zuckerberg","Allison Harvard","Catie Wayne"]},{"category":"Mythology","type":"multiple","difficulty":"medium","question":"Who was the Roman god of fire?","correct_answer":"Vulcan","incorrect_answers":["Apollo","Jupiter","Mercury"]},{"category":"Science & Nature","type":"multiple","difficulty":"medium","question":"How many degrees Fahrenheit is 100 degrees Celsius? ","correct_answer":"212","incorrect_answers":["326","100","451"]},{"category":"General Knowledge","type":"multiple","difficulty":"medium","question":"Which language is NOT Indo-European?","correct_answer":"Hungarian","incorrect_answers":["Russian","Greek","Latvian"]},{"category":"Geography","type":"boolean","difficulty":"medium","question":"Israel is 7 hours ahead of New York.","correct_answer":"True","incorrect_answers":["False"]},{"category":"Science: Computers","type":"multiple","difficulty":"medium","question":"The computer OEM manufacturer Clevo, known for its Sager notebook line, is based in which country?","correct_answer":"Taiwan","incorrect_answers":["United States","Germany","China (People&#039;s Republic of)"]},{"category":"Entertainment: Video Games","type":"boolean","difficulty":"hard","question":"The first &quot;Metal Gear&quot; game was released for the PlayStation 1.","correct_answer":"False","incorrect_answers":["True"]},{"category":"Politics","type":"multiple","difficulty":"medium","question":"The 2014 movie &quot;The Raid 2: Berandal&quot; was mainly filmed in which Asian country?","correct_answer":"Indonesia","incorrect_answers":["Thailand","Brunei","Malaysia"]},{"category":"Entertainment: Video Games","type":"boolean","difficulty":"medium","question":"In World of Warcraft lore, Thrall is the original wielder of &quot;Doomhammer&quot;.","correct_answer":"False","incorrect_answers":["True"]},{"category":"Vehicles","type":"multiple","difficulty":"medium","question":"Which car brand does NOT belong to General Motors?","correct_answer":"Ford","incorrect_answers":["Buick","Cadillac","Chevrolet"]},{"category":"Entertainment: Video Games","type":"multiple","difficulty":"hard","question":"Which of these is NOT a possible drink to be made in the game &quot;VA-11 HALL-A: Cyberpunk Bartender Action&quot;?","correct_answer":"Sour Appletini","incorrect_answers":["Fringe Weaver","Piano Man","Bad Touch"]},{"category":"Entertainment: Television","type":"multiple","difficulty":"easy","question":"In the Star Trek universe, what color is Vulcan blood?","correct_answer":"Green","incorrect_answers":["Blue","Red","Purple"]},{"category":"History","type":"multiple","difficulty":"hard","question":"During the Spanish Civil War (1936), Francisco Franco fought for which political faction?","correct_answer":"Nationalist Spain","incorrect_answers":["Republican Spain","Popular Front","Papal State"]},{"category":"Entertainment: Film","type":"multiple","difficulty":"easy","question":"In the movie &quot;Spaceballs&quot;, what are the Spaceballs attempting to steal from Planet Druidia?","correct_answer":"Air","incorrect_answers":["The Schwartz","Princess Lonestar","Meatballs"]},{"category":"History","type":"boolean","difficulty":"medium","question":"The Hundred Years&#039; War was fought for more than a hundred years.","correct_answer":"True","incorrect_answers":["False"]},{"category":"Geography","type":"multiple","difficulty":"hard","question":"What is the tallest mountain in Canada?","correct_answer":"Mount Logan","incorrect_answers":["Mont Tremblant","Whistler Mountain","Blue Mountain"]},{"category":"Entertainment: Video Games","type":"boolean","difficulty":"easy","question":"In Pok&eacute;mon, Bulbasaur is the only starter pokemon that is a Grass\/Poison type.","correct_answer":"True","incorrect_answers":["False"]},{"category":"Entertainment: Film","type":"multiple","difficulty":"easy","question":"In the movie Gremlins, after what time of day should you not feed Mogwai?","correct_answer":"Midnight","incorrect_answers":["Evening","Morning","Afternoon"]},{"category":"Entertainment: Film","type":"multiple","difficulty":"medium","question":"Who voiced Metalbeard in &quot;The Lego Movie&quot;?","correct_answer":"Nick Offerman","incorrect_answers":["Liam Neeson","Morgan Freeman","Will Arnet"]},{"category":"Entertainment: Video Games","type":"multiple","difficulty":"easy","question":"What is the name of the 4-armed Chaos Witch from the 2016 video game &quot;Battleborn&quot;?","correct_answer":"Orendi","incorrect_answers":["Orendoo","Oranda","Randy"]},{"category":"Entertainment: Video Games","type":"multiple","difficulty":"easy","question":"Who stars in Brutal Legend?","correct_answer":"Jack Black","incorrect_answers":["Kanye West","Lemmy","Ozzy Osbourne"]},{"category":"Entertainment: Video Games","type":"boolean","difficulty":"easy","question":"Watch_Dogs 2 is a prequel.","correct_answer":"False","incorrect_answers":["True"]},{"category":"Entertainment: Comics","type":"multiple","difficulty":"medium","question":"In the comics, which Sonic character took command of the Dark Legion after Luger&#039;s assassination?","correct_answer":"Lien-Da","incorrect_answers":["Kragok","Dimitri","Remington"]},{"category":"Geography","type":"multiple","difficulty":"medium","question":"What is the capital of Estonia?","correct_answer":"Tallinn","incorrect_answers":["Helsinki","Tartu","Riga"]},{"category":"Science: Computers","type":"multiple","difficulty":"medium","question":"The name of technology company HP stands for what?","correct_answer":"Hewlett-Packard","incorrect_answers":["Howard Packmann","Husker-Pollosk","Hellman-Pohl"]},{"category":"Celebrities","type":"multiple","difficulty":"easy","question":"Neil Hamburger is played by which comedian?","correct_answer":"Gregg Turkington","incorrect_answers":["Nathan Fielder","Tim Heidecker","Todd Glass"]},{"category":"Mythology","type":"multiple","difficulty":"easy","question":"What mythology did the god &quot;Apollo&quot; come from?","correct_answer":"Greek and Roman","incorrect_answers":["Roman and Spanish","Greek and Chinese","Greek, Roman and Norse"]},{"category":"Science & Nature","type":"boolean","difficulty":"medium","question":"Pneumonoultramicroscopicsilicovolcanoconiosis is a synonym for the disease known as silicosis.","correct_answer":"True","incorrect_answers":["False"]},{"category":"History","type":"multiple","difficulty":"hard","question":"Which King of England was faced with the Peasants&#039; Revolt in 1381?","correct_answer":"Richard II","incorrect_answers":["Edward III","Edward II","Henry IV"]},{"category":"Entertainment: Musicals & Theatres","type":"multiple","difficulty":"medium","question":"The musical &quot;Dirty Rotten Scoundrels&quot; is set in what country?","correct_answer":"France","incorrect_answers":["USA","Germany","Sweden"]},{"category":"Science & Nature","type":"boolean","difficulty":"easy","question":"Not including false teeth; A human has two sets of teeth in their lifetime.","correct_answer":"True","incorrect_answers":["False"]},{"category":"History","type":"multiple","difficulty":"easy","question":"What was the name commonly given to the ancient trade routes that connected the East and West of Eurasia?","correct_answer":"Silk Road","incorrect_answers":["Spice Road","Clay Road","Salt Road"]},{"category":"Animals","type":"boolean","difficulty":"easy","question":"Rabbits are carnivores.","correct_answer":"False","incorrect_answers":["True"]},{"category":"History","type":"multiple","difficulty":"easy","question":"Who rode on horseback to warn the Minutemen that the British were coming during the U.S. Revolutionary War?","correct_answer":"Paul Revere","incorrect_answers":["Thomas Paine","Henry Longfellow","Nathan Hale"]},{"category":"Science: Mathematics","type":"multiple","difficulty":"medium","question":"Which of the following dice is not a platonic solid?","correct_answer":"10-sided die","incorrect_answers":["12-sided die","20-sided die","8-sided die"]},{"category":"History","type":"multiple","difficulty":"easy","question":"The Ottoman Empire was dissolved after their loss in which war?","correct_answer":"World War I","incorrect_answers":["Crimean War","Serbian Revolution","Second Balkan War"]},{"category":"Politics","type":"multiple","difficulty":"medium","question":"The Watergate Scandal occured in what year?","correct_answer":"1972","incorrect_answers":["1973","1974","1971"]},{"category":"Entertainment: Japanese Anime & Manga","type":"multiple","difficulty":"hard","question":"Who is the horror manga artist who made Uzumaki?","correct_answer":"Junji Ito","incorrect_answers":["Kazuo Umezu","Shintaro Kago","Sui Ishida"]},{"category":"Entertainment: Cartoon & Animations","type":"multiple","difficulty":"medium","question":"What animated internet character is known to answer emails with his boxing gloves?","correct_answer":"Strong Bad","incorrect_answers":["Strong Sad","Strong Mad","Strong Glad"]},{"category":"Science: Computers","type":"boolean","difficulty":"hard","question":"The T-Mobile Sidekick smartphone is a re-branded version of the Danger Hiptop.","correct_answer":"True","incorrect_answers":["False"]},{"category":"Science: Computers","type":"multiple","difficulty":"hard","question":"Which kind of algorithm is Ron Rivest not famous for creating?","correct_answer":"Secret sharing scheme","incorrect_answers":["Hashing algorithm","Asymmetric encryption","Stream cipher"]},{"category":"Entertainment: Video Games","type":"multiple","difficulty":"hard","question":"In the PAYDAY series, where did Dallas start his criminal career?","correct_answer":"Chicago, Illinois","incorrect_answers":["Dallas, Texas","New York City, New York","Boston, Massachusetts"]}]}