{"response_code":0,"results":[{"category":"Entertainment: Video Games","type":"multiple","difficulty":"easy","question":"Which game did &quot;Sonic The Hedgehog&quot; make his first appearance in?","correct_answer":"Rad Mobile","incorrect_answers":["Sonic The Hedgehog","Super Mario 64","Mega Man"]},{"category":"Entertainment: Video Games","type":"multiple","difficulty":"hard","question":"When was the first Call of Duty title released?","correct_answer":"October 29, 2003","incorrect_answers":["December 1, 2003","November 14, 2002","July 18, 2004"]},{"category":"History","type":"multiple","difficulty":"easy","question":"How many manned moon landings have there been?","correct_answer":"6","incorrect_answers":["1","3","7"]},{"category":"History","type":"multiple","difficulty":"medium","question":"What historical event was Tchaikovsky&#039;s 1812 Overture referencing?","correct_answer":"The Napoleonic Wars","incorrect_answers":["The American War of 1812","The Russian Revolution","The Charge of the Light Brigade (Crimean War)"]},{"category":"Science: Mathematics","type":"multiple","difficulty":"easy","question":"In Roman Numerals, what does XL equate to?","correct_answer":"40","incorrect_answers":["60","15","90"]},{"category":"Entertainment: Music","type":"multiple","difficulty":"hard","question":"Who had a 1981 hit with the song &quot;Japanese Boy&quot;?","correct_answer":"Aneka","incorrect_answers":["Toyah","Sandra","Madonna"]},{"category":"Science & Nature","type":"boolean","difficulty":"medium","question":"Steel is an alloy of Iron and Carbon.","correct_answer":"True","incorrect_answers":["False"]},{"category":"General Knowledge","type":"boolean","difficulty":"medium","question":"The vapor produced by e-cigarettes is actually water.","correct_answer":"False","incorrect_answers":["True"]},{"category":"Geography","type":"boolean","difficulty":"easy","question":"There is a city called Rome in every continent on Earth.","correct_answer":"False","incorrect_answers":["True"]},{"category":"Entertainment: Music","type":"multiple","difficulty":"medium","question":"Which one of these artists appears in the album Deltron 3030?","correct_answer":"Dan the Automater","incorrect_answers":["Lamarr Kendrick","Danger Mouse","CeeLo Green"]},{"category":"Entertainment: Video Games","type":"multiple","difficulty":"hard","question":"How long are all the cutscenes from Metal Gear Solid 4 (PS3, 2008) combined?","correct_answer":"8 hours","incorrect_answers":["4 hours","12 hours","5 hours"]},{"category":"Entertainment: Video Games","type":"multiple","difficulty":"hard","question":"What is the fastest speed possible in Trackmania&sup2;: Stadium?","correct_answer":"1000  km\/h","incorrect_answers":["500 km\/h","320 km\/h","100 km\/h"]},{"category":"Science & Nature","type":"multiple","difficulty":"hard","question":"Folic acid is the synthetic form of which vitamin?","correct_answer":"Vitamin B","incorrect_answers":["Vitamin A","Vitamin C","Vitamin D"]},{"category":"Science & Nature","type":"multiple","difficulty":"medium","question":"Which part of the body does glaucoma affect?","correct_answer":"Eyes","incorrect_answers":["Throat","Stomach","Blood"]},{"category":"Entertainment: Video Games","type":"multiple","difficulty":"hard","question":"Meryl Silverburgh, a video game character from the Metal Gear series, was originally a character in which game?","correct_answer":"Policenauts","incorrect_answers":["Gradius","Contra","Castlevania: Symphony of the Night"]},{"category":"Politics","type":"multiple","difficulty":"hard","question":"Which letter do you need to have on a European driver license in order to ride any motorbikes?","correct_answer":"A","incorrect_answers":["X","D","B"]},{"category":"History","type":"multiple","difficulty":"hard","question":"The Second Boer War in 1899 was fought where?","correct_answer":"South Africa","incorrect_answers":["Argentina","Nepal","Bulgaria"]},{"category":"Entertainment: Video Games","type":"multiple","difficulty":"medium","question":"Who was the main antagonist of Max Payne 3 (2012)?","correct_answer":"Victor Branco","incorrect_answers":["&Aacute;lvaro Neves","Armando Becker","Milo Rego"]},{"category":"General Knowledge","type":"multiple","difficulty":"easy","question":"Five dollars is worth how many nickles?","correct_answer":"100","incorrect_answers":["50","25","69"]},{"category":"Entertainment: Video Games","type":"multiple","difficulty":"hard","question":"In the video game &quot;Metal Gear Solid&quot;, what did Revolver Ocelot consider the greatest handgun ever made?","correct_answer":"Colt Single Action Army","incorrect_answers":["Colt Python","Colt M1892","Colt 1851 Navy Revolver"]},{"category":"Entertainment: Cartoon & Animations","type":"multiple","difficulty":"medium","question":"Which episode from The Amazing World Of Gumball won the Childrens Choice Award at the British Animation Awards in 2016?","correct_answer":"The Shell","incorrect_answers":["The Limit","The Kids","The Gripes"]},{"category":"Science: Gadgets","type":"boolean","difficulty":"easy","question":"Microphones can be used not only to pick up sound, but also to project sound similar to a speaker.","correct_answer":"True","incorrect_answers":["False"]},{"category":"Entertainment: Music","type":"multiple","difficulty":"hard","question":"&quot;All the Boys&quot; by Panic! At the Disco was released as a bonus track on what album?","correct_answer":"Too Weird To Live, Too Rare To Die!","incorrect_answers":["A Fever You Can&#039;t Sweat Out","Death Of A Bachelor","Vices &amp; Virtues"]},{"category":"Entertainment: Video Games","type":"multiple","difficulty":"medium","question":"In Hitman: Blood Money, what is the name of the target in the mission &quot;Death of a Showman&quot;?","correct_answer":"Joseph Clarence","incorrect_answers":["The Swing King","Maynard John","Manuel Delgado"]},{"category":"Art","type":"multiple","difficulty":"medium","question":"Which artist&#039;s style was to use small different colored dots to create a picture?","correct_answer":"Georges Seurat","incorrect_answers":["Paul C&eacute;zanne","Vincent Van Gogh","Henri Rousseau"]},{"category":"Entertainment: Video Games","type":"multiple","difficulty":"easy","question":"Which of the following characters from the game &quot;Overwatch&quot; was revealed to be homosexual in December of 2016?","correct_answer":"Tracer","incorrect_answers":["Widowmaker","Sombra","Symmetra"]},{"category":"Entertainment: Books","type":"multiple","difficulty":"medium","question":"In the novel &quot;Lord of the Rings&quot;, how many rings of power were given to the race of man?","correct_answer":"9","incorrect_answers":["5","11","13"]},{"category":"Sports","type":"multiple","difficulty":"easy","question":"This Canadian television sportscaster is known for his &quot;Hockey Night in Canada&quot; role, a commentary show during hockey games.","correct_answer":"Don Cherry","incorrect_answers":["Don McKellar","Don Taylor ","Donald Sutherland"]},{"category":"Entertainment: Video Games","type":"multiple","difficulty":"medium","question":"Who is the English voice actor for Sora from the Kingdom Hearts series?","correct_answer":"Haley Joel Osment","incorrect_answers":["K\u014dki Uchiyama","Jesse McCartney","Miyu Irino"]},{"category":"Entertainment: Television","type":"multiple","difficulty":"medium","question":"Which of following is rude and dishonorable by Klingon standards?","correct_answer":"Taking his D&#039;k tahg","incorrect_answers":["Insulting and laughing at him at the dinner table","Reaching over and taking his meal","Punching him and taking his ship station position"]},{"category":"Vehicles","type":"multiple","difficulty":"hard","question":"What year did the Chevrolet LUV mini truck make its debut?","correct_answer":"1972","incorrect_answers":["1982","1975","1973"]},{"category":"General Knowledge","type":"multiple","difficulty":"hard","question":"Virtual reality company Oculus VR lost which of it&#039;s co-founders in a freak car accident in 2013?","correct_answer":"Andrew Scott Reisse","incorrect_answers":["Nate Mitchell","Jack McCauley","Palmer Luckey"]},{"category":"Entertainment: Music","type":"multiple","difficulty":"medium","question":"Which of these is not a single by Pink Floyd guitarist, David Gilmour?","correct_answer":"Sunset Strip","incorrect_answers":["Rattle That Lock","Blue Light","Arnold Layne"]},{"category":"History","type":"multiple","difficulty":"medium","question":"In 1961, an American B-52 aircraft crashed and nearly detonated two 4mt nuclear bombs over which US city?","correct_answer":"Goldsboro, North Carolina","incorrect_answers":["Hicksville, New York","Jacksonville, Florida","Conway, Arkansas"]},{"category":"Entertainment: Japanese Anime & Manga","type":"multiple","difficulty":"easy","question":"Who is the armored titan in &quot;Attack On Titan&quot;?","correct_answer":"Reiner Braun","incorrect_answers":["Armin Arlelt","Mikasa Ackermann","Eren Jaeger"]},{"category":"Entertainment: Television","type":"boolean","difficulty":"medium","question":"In &quot;Star Trek: The Next Generation&quot;, Data is the only android in existence.","correct_answer":"False","incorrect_answers":["True"]},{"category":"Entertainment: Film","type":"multiple","difficulty":"medium","question":"What Queen song plays during the final fight scene of the film &quot;Hardcore Henry&quot;?","correct_answer":"Don&#039;t Stop Me Now","incorrect_answers":["Brighton Rock","Another Bites the Dust","We Will Rock You"]},{"category":"General Knowledge","type":"multiple","difficulty":"hard","question":"In flight systems, what does the initialism &quot;TCAS&quot; stand for?","correct_answer":"Traffic Collision Avoidance System","incorrect_answers":["Traffic Communication Alert System","Traffic Configuration Alignment System","Traffic Call-sign Abbreviation System"]},{"category":"General Knowledge","type":"multiple","difficulty":"easy","question":"Which country, not including Japan, has the most people of japanese decent?","correct_answer":"Brazil","incorrect_answers":["China","South Korea","United States of America"]},{"category":"Sports","type":"multiple","difficulty":"medium","question":"In what sport does Fanny Chmelar compete for Germany?","correct_answer":"Skiing","incorrect_answers":["Swimming","Showjumping","Gymnastics"]},{"category":"Entertainment: Books","type":"multiple","difficulty":"hard","question":"Which fictional English county was the setting for Thomas Hardy&#039;s novels?","correct_answer":"Wessex","incorrect_answers":["Barsetshire","Fulchester","Ambridge"]},{"category":"Sports","type":"boolean","difficulty":"medium","question":"ATP tennis hosted several tournaments on carpet court before being replaced to reduce injuries.","correct_answer":"True","incorrect_answers":["False"]},{"category":"Entertainment: Japanese Anime & Manga","type":"boolean","difficulty":"hard","question":"The character Plum from &quot;No Game No Life&quot; is a girl.","correct_answer":"False","incorrect_answers":["True"]},{"category":"Geography","type":"multiple","difficulty":"hard","question":"Which country is the Taedong River in?","correct_answer":"North Korea","incorrect_answers":["South Korea","Japan","China"]},{"category":"Entertainment: Video Games","type":"multiple","difficulty":"easy","question":"Which of the following weapons in &quot;Counter-Strike: Global Offensive&quot; does not have a right-click function?","correct_answer":"XM1014","incorrect_answers":["SG553","R8 Revolver","USP-S"]},{"category":"Entertainment: Books","type":"multiple","difficulty":"hard","question":"In which classic novel by Mark Twain did a beggar and Prince of Wales switch clothes, and learn about social class inequality?","correct_answer":"The Prince and the Pauper","incorrect_answers":["Hamlet","Wealthy Boy and the Schmuck","A Modern Twain Story"]},{"category":"Entertainment: Video Games","type":"multiple","difficulty":"medium","question":"In Touhou 12: Undefined Fantastic Object, which of these was not a playable character?","correct_answer":"Izayoi Sakuya","incorrect_answers":["Hakurei Reimu","Kirisame Marisa","Kochiya Sanae"]},{"category":"Entertainment: Television","type":"multiple","difficulty":"easy","question":"Which of the following awards do Matt Stone and Trey Parker NOT have?","correct_answer":"Oscar","incorrect_answers":["Emmy","Tony","Grammy"]},{"category":"General Knowledge","type":"multiple","difficulty":"easy","question":"What is the profession of Elon Musk&#039;s mom, Maye Musk?","correct_answer":"Model","incorrect_answers":["Professor","Biologist","Musician"]},{"category":"Entertainment: Video Games","type":"multiple","difficulty":"medium","question":"How many permanent companions are there in the base game version of Fallout: New Vegas?","correct_answer":"8","incorrect_answers":["7","9","6"]}]}