{"response_code":0,"results":[{"category":"Science & Nature","type":"multiple","difficulty":"easy","question":"Which Apollo mission was the first one to land on the Moon?","correct_answer":"Apollo 11","incorrect_answers":["Apollo 10","Apollo 9","Apollo 13"]},{"category":"Entertainment: Board Games","type":"multiple","difficulty":"easy","question":"Carcassonne is based on which French town?","correct_answer":"Carcassonne","incorrect_answers":["Paris","Marseille","Clermont-Ferrand"]},{"category":"Entertainment: Video Games","type":"multiple","difficulty":"medium","question":"Which of the following created and directed the Katamari Damacy series?","correct_answer":"Keita Takahashi","incorrect_answers":["Hideki Kamiya","Shu Takumi","Shinji Mikami"]},{"category":"Entertainment: Video Games","type":"boolean","difficulty":"hard","question":"In &quot;The Sims&quot; series, the most members in a household you can have is 8.","correct_answer":"True","incorrect_answers":["False"]},{"category":"Entertainment: Music","type":"multiple","difficulty":"easy","question":"Who wrote the Sinead O`Connor hit &#039;Nothing Compares 2 U&#039;?","correct_answer":"Prince","incorrect_answers":["Michael Jackson","Cameo","Rick James"]},{"category":"Science: Computers","type":"multiple","difficulty":"easy","question":"According to the International System of Units, how many bytes are in a kilobyte of RAM?","correct_answer":"1000","incorrect_answers":["512","1024","500"]},{"category":"Entertainment: Video Games","type":"multiple","difficulty":"easy","question":"Which of these is NOT a map included in the game Counter-Strike: Global Offensive?","correct_answer":"Oilrig","incorrect_answers":["Assault","Mirage","Cache"]},{"category":"Entertainment: Video Games","type":"multiple","difficulty":"easy","question":"Which of these is NOT a player class in Team Fortress 2?","correct_answer":"Healer","incorrect_answers":["Demoman","Pyro","Spy"]},{"category":"Entertainment: Film","type":"multiple","difficulty":"medium","question":"What is the name of the robot in the 1951 science fiction film classic &#039;The Day the Earth Stood Still&#039;?","correct_answer":"Gort","incorrect_answers":["Robby","Colossus","Box"]},{"category":"Science & Nature","type":"multiple","difficulty":"hard","question":"What is the molecular formula of Glucose?","correct_answer":"C6H12O6","incorrect_answers":["C2H4O2","K+","CH4"]},{"category":"Entertainment: Television","type":"multiple","difficulty":"easy","question":"Grant Gustin plays which superhero on the CW show of the same name?","correct_answer":"The Flash","incorrect_answers":["The Arrow","Black Canary","Daredevil"]},{"category":"General Knowledge","type":"multiple","difficulty":"medium","question":"What is a &quot;dakimakura&quot;?","correct_answer":"A body pillow","incorrect_answers":["A Chinese meal, essentially composed of fish","A yoga posture","A word used to describe two people who truly love each other"]},{"category":"Entertainment: Video Games","type":"multiple","difficulty":"hard","question":"Why was the character Trevor Philips discharged from the Air Force?","correct_answer":"Mental Health Issues","incorrect_answers":["Injuries","Disease","Danger to Others"]},{"category":"Entertainment: Music","type":"multiple","difficulty":"medium","question":"Which of these artists was NOT a member of the electronic music supergroup Swedish House Mafia, which split up in 2013?","correct_answer":"Alesso","incorrect_answers":["Steve Angello","Sebastian Ingrosso","Axwell"]},{"category":"Entertainment: Music","type":"multiple","difficulty":"easy","question":"Which Twitch streamer is the vocalist for Red Vox?","correct_answer":"Vinesauce","incorrect_answers":["The8BitDrummer","LIRIK","Sodapoppin"]},{"category":"Entertainment: Film","type":"multiple","difficulty":"medium","question":"In the 1994 movie &quot;Speed&quot;, what is the minimum speed the bus must go to prevent to bomb from exploding?","correct_answer":"50 mph","incorrect_answers":["60 mph","40 mph","70 mph"]},{"category":"Geography","type":"multiple","difficulty":"hard","question":"What year is on the flag of the US state Wisconsin?","correct_answer":"1848","incorrect_answers":["1634","1783","1901"]},{"category":"Entertainment: Television","type":"multiple","difficulty":"easy","question":"Which of these characters in &quot;Stranger Things&quot; has the power of Telekinesis?","correct_answer":"Eleven","incorrect_answers":["Mike","Lucas","Karen"]},{"category":"Entertainment: Video Games","type":"boolean","difficulty":"medium","question":"In Half-Life 2, if you play the zombies&#039; speech in reverse, they actually speak coherent English.","correct_answer":"True","incorrect_answers":["False"]},{"category":"General Knowledge","type":"boolean","difficulty":"easy","question":"In 2010, Twitter and the United States Library of Congress partnered together to archive every tweet by American citizens.","correct_answer":"True","incorrect_answers":["False"]},{"category":"Geography","type":"boolean","difficulty":"medium","question":"The Sonoran Desert is located in eastern Africa.","correct_answer":"False","incorrect_answers":["True"]},{"category":"Science: Computers","type":"multiple","difficulty":"hard","question":"What port does HTTP run on?","correct_answer":"80","incorrect_answers":["53","443","23"]},{"category":"Sports","type":"boolean","difficulty":"medium","question":"The Olympics tennis court is a giant green screen.","correct_answer":"True","incorrect_answers":["False"]},{"category":"Entertainment: Japanese Anime & Manga","type":"boolean","difficulty":"hard","question":"Throughout the entirety of &quot;Dragon Ball Z&quot;, Goku only kills two characters: a miniboss named Yakon and Kid Buu.","correct_answer":"True","incorrect_answers":["False"]},{"category":"Entertainment: Music","type":"multiple","difficulty":"easy","question":"According to a song by Belinda Carlisle, Heaven is a place on what?","correct_answer":"Earth","incorrect_answers":["Venus","Mars","Uranus"]},{"category":"Entertainment: Film","type":"multiple","difficulty":"medium","question":"In what year was the movie &quot;Police Academy&quot; released?","correct_answer":"1984","incorrect_answers":["1986","1985","1983"]},{"category":"Entertainment: Video Games","type":"multiple","difficulty":"medium","question":"Which Overwatch character says the line &quot;Heroes never die!&quot;?","correct_answer":"Mercy","incorrect_answers":["Reaper","Sonic","Ana"]},{"category":"Geography","type":"multiple","difficulty":"easy","question":"Which country is the home of the largest Japanese population outside of Japan?","correct_answer":"Brazil","incorrect_answers":["China","Russia","The United States"]},{"category":"Celebrities","type":"multiple","difficulty":"medium","question":"What was the name of Marilyn Monroe&#039;s first husband?","correct_answer":"James Dougherty","incorrect_answers":["Joe Dimaggio","Kirk Douglas","Arthur Miller"]},{"category":"Entertainment: Video Games","type":"multiple","difficulty":"medium","question":"What was the original name of  &quot;Minecraft&quot;?","correct_answer":"Cave Game","incorrect_answers":["Minecraft: Order of the Stone","Dig And Build","Infiniminer"]},{"category":"History","type":"boolean","difficulty":"medium","question":"Adolf Hitler was accepted into the Vienna Academy of Fine Arts.","correct_answer":"False","incorrect_answers":["True"]},{"category":"Science: Gadgets","type":"multiple","difficulty":"easy","question":"When was the DVD invented?","correct_answer":"1995","incorrect_answers":["2000","1990","1980"]},{"category":"Entertainment: Japanese Anime & Manga","type":"multiple","difficulty":"hard","question":"In what year did the manga &quot;Ping Pong&quot; begin serialization?","correct_answer":"1996","incorrect_answers":["2014","2010","2003"]},{"category":"Entertainment: Cartoon & Animations","type":"multiple","difficulty":"medium","question":"In &quot;SpongeBob SquarePants&quot;, what is the name of Sandy Cheek&#039;s place of residence?","correct_answer":"Sandy&#039;s Treedome","incorrect_answers":["&quot;The Dome&quot;","Sandy&#039;s Bubble","Auquatic Reseach Centre"]},{"category":"Entertainment: Japanese Anime & Manga","type":"multiple","difficulty":"medium","question":"Who is the creator of the manga series &quot;One Piece&quot;?","correct_answer":"Eiichiro Oda","incorrect_answers":["Yoshihiro Togashi","Hayao Miyazaki","Masashi Kishimoto"]},{"category":"Entertainment: Video Games","type":"multiple","difficulty":"medium","question":"In the game &quot;Red Dead Redemption&quot;, what is the name of John Marston&#039;s dog?","correct_answer":"Rufus","incorrect_answers":["Rutus","Finn","Apollo"]},{"category":"Entertainment: Film","type":"multiple","difficulty":"medium","question":"Who directed the movie &quot;Alien&quot;?","correct_answer":"Ridley Scott","incorrect_answers":["Christopher Nolan","Michael Bay","James Cameron"]},{"category":"History","type":"boolean","difficulty":"easy","question":"The French Kingdom helped the United States gain their independence over Great Britain during the Revolutionary War.","correct_answer":"True","incorrect_answers":["False"]},{"category":"Entertainment: Video Games","type":"multiple","difficulty":"easy","question":"In the Super Smash Bros. series, which character was the first one to return to the series after being absent from a previous game?","correct_answer":"Dr. Mario","incorrect_answers":["Mewtwo","Lucas","Roy"]},{"category":"Entertainment: Board Games","type":"multiple","difficulty":"hard","question":"What was the development code name for the &quot;Urza&#039;s Destiny&quot; expansion for &quot;Magic: The Gathering&quot;, released in 1999?","correct_answer":"Chimichanga","incorrect_answers":["Burrito","Taquito","Enchilada"]},{"category":"Entertainment: Video Games","type":"multiple","difficulty":"easy","question":"Lanky, Funky, and Chunky are all characters featured in which series owned by Nintendo?","correct_answer":"Donkey Kong","incorrect_answers":["Mario","Kirby","Zelda"]},{"category":"Entertainment: Japanese Anime & Manga","type":"multiple","difficulty":"hard","question":"Which animation studio animated &quot;Hidamari Sketch&quot;?","correct_answer":"Shaft","incorrect_answers":["Trigger","Kyoto Animation","Production I.G"]},{"category":"Entertainment: Books","type":"boolean","difficulty":"easy","question":"&quot;Green Eggs and Ham&quot; consists of only 50 different words.","correct_answer":"True","incorrect_answers":["False"]},{"category":"Animals","type":"multiple","difficulty":"medium","question":"What is the scientific name of the Common Chimpanzee?","correct_answer":"Pan troglodytes","incorrect_answers":["Gorilla gorilla","Pan paniscus","Panthera leo"]},{"category":"Sports","type":"multiple","difficulty":"medium","question":"Which NBA player won Most Valuable Player for the 1999-2000 season?","correct_answer":"Shaquille O&#039;Neal","incorrect_answers":["Allen Iverson","Kobe Bryant","Paul Pierce"]},{"category":"Entertainment: Music","type":"multiple","difficulty":"medium","question":"Which song previously recorded by Elvis Presley was covered by UB40 with a reggae beat?","correct_answer":"Can&#039;t Help Falling in Love","incorrect_answers":["Jailhouse Rock","In the Ghetto","Wooden Heart"]},{"category":"History","type":"multiple","difficulty":"medium","question":"Who was the first Chancellor of a united Germany in 1871? ","correct_answer":"Otto Von Bismark","incorrect_answers":["Kaiser Wilhelm ","Fredrick the 2nd","Robert Koch"]},{"category":"Entertainment: Comics","type":"multiple","difficulty":"easy","question":"In &quot;Homestuck&quot; what is Dave Strider&#039;s guardian?","correct_answer":"Bro","incorrect_answers":["Becquerel","Doc Scratch","Halley"]},{"category":"Entertainment: Video Games","type":"multiple","difficulty":"medium","question":"What numbers did Sayaka Maizono write on the wall in Dangan Ronpa Trigger Happy Havoc?","correct_answer":"11037","incorrect_answers":["4, 8, 15, 16, 23, 42","55730","3, 9, 11, 12, 15, 17,"]},{"category":"Entertainment: Video Games","type":"multiple","difficulty":"medium","question":"Who is the main villain of Kirby&#039;s Return to Dreamland?","correct_answer":"Magolor","incorrect_answers":["Landia","King Dedede","Queen Sectonia "]}]}