{"response_code":0,"results":[{"category":"Entertainment: Video Games","type":"multiple","difficulty":"easy","question":"What is the name of &quot;Team Fortress 2&quot; update, in which it became Free-to-play?","correct_answer":"&Uuml;ber Update","incorrect_answers":["Pyromania Update","Mann-Conomy Update","Engineer Update"]},{"category":"History","type":"multiple","difficulty":"hard","question":"With which Greek philosopher would you associate the phrase, &quot;I know that I know nothing&quot;?","correct_answer":"Socrates","incorrect_answers":["Aristotle","Plato","Pythagoras"]},{"category":"Entertainment: Film","type":"multiple","difficulty":"hard","question":"What was the last Marx Brothers film to feature Zeppo?","correct_answer":"Duck Soup","incorrect_answers":["A Night at the Opera","A Day at the Races","Monkey Business"]},{"category":"Entertainment: Cartoon & Animations","type":"multiple","difficulty":"easy","question":"In South Park, what is Stan&#039;s surname?","correct_answer":"Marsh","incorrect_answers":["Stotch","Broflovski","Tweak"]},{"category":"Entertainment: Music","type":"multiple","difficulty":"medium","question":"Which American family band had a 1986 top 10 hit with the song &#039;Crush On You&#039;?","correct_answer":"The Jets","incorrect_answers":["DeBarge","The Jacksons","The Cover Girls"]},{"category":"Entertainment: Books","type":"multiple","difficulty":"easy","question":"What was the name of Captain Nemo&#039;s submarine in &quot;20,000 Leagues Under the Sea&quot;?","correct_answer":"The Nautilus","incorrect_answers":["The Neptune","The Poseidon  ","The Atlantis"]},{"category":"General Knowledge","type":"multiple","difficulty":"easy","question":"Area 51 is located in which US state?","correct_answer":"Nevada","incorrect_answers":["Arizona","New Mexico","Utah"]},{"category":"Animals","type":"multiple","difficulty":"easy","question":"Hippocampus is the Latin name for which marine creature?","correct_answer":"Seahorse","incorrect_answers":["Dolphin","Whale","Octopus"]},{"category":"Entertainment: Board Games","type":"multiple","difficulty":"easy","question":"On a standard Monopoly board, which square is diagonally opposite &#039;Go&#039;? ","correct_answer":"Free Parking","incorrect_answers":["Go to Jail","Jail","The Electric Company"]},{"category":"Geography","type":"multiple","difficulty":"hard","question":"The prefix Sino- (As in Sino-American) is used to refer to what nationality?","correct_answer":"Chinese","incorrect_answers":["Japanese","Russian","Indian"]},{"category":"Science: Computers","type":"multiple","difficulty":"easy","question":"Which computer hardware device provides an interface for all other connected devices to communicate?","correct_answer":"Motherboard","incorrect_answers":["Central Processing Unit","Hard Disk Drive","Random Access Memory"]},{"category":"Vehicles","type":"multiple","difficulty":"medium","question":"Which Japanese company is the world&#039;s largest manufacturer of motorcycles?","correct_answer":"Honda","incorrect_answers":["Yamaha","Suzuki","Kawasaki"]},{"category":"History","type":"boolean","difficulty":"medium","question":"Assyrian king Sennacherib&#039;s destruction of Babylon in 689 BCE was viewed as a triumph by other Assyrian citizens.","correct_answer":"False","incorrect_answers":["True"]},{"category":"General Knowledge","type":"multiple","difficulty":"easy","question":"How many colors are there in a rainbow?","correct_answer":"7","incorrect_answers":["8","9","10"]},{"category":"History","type":"multiple","difficulty":"medium","question":"How old was Lyndon B. Johnson when he assumed the role of President of the United States?","correct_answer":"55","incorrect_answers":["50","60","54"]},{"category":"Entertainment: Video Games","type":"multiple","difficulty":"easy","question":"In what year was &quot;Metal Gear Solid&quot; released in North America?","correct_answer":"1998","incorrect_answers":["1987","2001","2004"]},{"category":"Geography","type":"multiple","difficulty":"medium","question":"What is the capital of the US state Nevada?","correct_answer":"Carson City","incorrect_answers":["Las Vegas","Henderson","Reno"]},{"category":"Entertainment: Musicals & Theatres","type":"multiple","difficulty":"medium","question":"Who is the musical director for the award winning musical &quot;Hamilton&quot;?","correct_answer":"Alex Lacamoire","incorrect_answers":["Lin-Manuel Miranda","Renee Elise-Goldberry","Leslie Odom Jr."]},{"category":"Entertainment: Board Games","type":"multiple","difficulty":"easy","question":"Which of these games includes the phrase &quot;Do not pass Go, do not collect $200&quot;?","correct_answer":"Monopoly","incorrect_answers":["Pay Day","Cluedo","Coppit"]},{"category":"General Knowledge","type":"multiple","difficulty":"medium","question":"What is the romanized Russian word for &quot;winter&quot;?","correct_answer":"Zima","incorrect_answers":["Leto","Vesna","Osen&#039;"]},{"category":"Entertainment: Music","type":"multiple","difficulty":"hard","question":"Which of these songs is not by Tatsuro Yamashita?","correct_answer":"Lucky Lady Feel So Good ","incorrect_answers":["Merry-Go Round","Let&#039;s Dance Baby","Love Talkin&#039;"]},{"category":"Entertainment: Film","type":"multiple","difficulty":"medium","question":"Which one of these actors is said to be cut from the film &#039;E.T. the Extra-Terrestrial&#039;?","correct_answer":"Harrison Ford","incorrect_answers":["Michael J. Fox","Andy Kaufman","Arnold Schwarzenegger"]},{"category":"Geography","type":"multiple","difficulty":"medium","question":"Where is the world&#039;s oldest still operational space launch facility located?","correct_answer":"Kazakhstan","incorrect_answers":["Russia","Iran","United States"]},{"category":"Entertainment: Japanese Anime & Manga","type":"multiple","difficulty":"medium","question":"What is the name of the final villain in the manga series &quot;Bleach&quot;?","correct_answer":"Yhwach","incorrect_answers":["Juha Bach","Yuhabah","Juhabach"]},{"category":"Entertainment: Video Games","type":"multiple","difficulty":"easy","question":"In Pokemon Red &amp; Blue, what is the name of HM05?","correct_answer":"Flash","incorrect_answers":["Strength","Cut","Fly"]},{"category":"Entertainment: Music","type":"multiple","difficulty":"easy","question":"Kanye West&#039;s &quot;Gold Digger&quot; featured which Oscar-winning actor?","correct_answer":"Jamie Foxx","incorrect_answers":["Alec Baldwin","Dwayne Johnson"," Bruce Willis"]},{"category":"Entertainment: Video Games","type":"multiple","difficulty":"medium","question":"In the Portal series of games, who was the founder of Aperture Science?","correct_answer":"Cave Johnson","incorrect_answers":["GLaDOs","Wallace Breen","Gordon Freeman"]},{"category":"History","type":"multiple","difficulty":"medium","question":"Who was the first president born in the independent United States?","correct_answer":"Martin Van Buren","incorrect_answers":["John Adams","George Washington","James Monroe "]},{"category":"Vehicles","type":"multiple","difficulty":"hard","question":"In 2014, over 6 million General Motors vehicles were recalled due to what critical flaw?","correct_answer":"Faulty ignition switch","incorrect_answers":["Malfunctioning gas pedal","Breaking fuel lines","Faulty brake pads"]},{"category":"Entertainment: Video Games","type":"multiple","difficulty":"medium","question":"In the Pok&eacute;mon series, which type is Sudowoodo, the Imitation Pok&eacute;mon?","correct_answer":"Rock","incorrect_answers":["Grass","Bug","Ground"]},{"category":"History","type":"boolean","difficulty":"easy","question":"Adolf Hitler was tried at the Nuremberg trials.","correct_answer":"False","incorrect_answers":["True"]},{"category":"Politics","type":"boolean","difficulty":"easy","question":"Donald Trump won the popular vote in the 2016 United States presidential election.","correct_answer":"False","incorrect_answers":["True"]},{"category":"Entertainment: Video Games","type":"boolean","difficulty":"medium","question":"In the video game &quot;Transistor&quot;, &quot;Red&quot; is the name of the main character.","correct_answer":"True","incorrect_answers":["False"]},{"category":"General Knowledge","type":"multiple","difficulty":"easy","question":"How tall is the Burj Khalifa?","correct_answer":"2,722 ft","incorrect_answers":["2,717 ft","2,546 ft","3,024 ft"]},{"category":"Entertainment: Video Games","type":"multiple","difficulty":"medium","question":"How many unique items does &quot;Borderlands 2&quot; claim to have?","correct_answer":"87 Bazillion ","incorrect_answers":["87 Million","87 Trillion","87 Gazillion "]},{"category":"Science: Computers","type":"multiple","difficulty":"hard","question":"Released in 2001, the first edition of Apple&#039;s Mac OS X operating system (version 10.0) was given what animal code name?","correct_answer":"Cheetah","incorrect_answers":["Puma","Tiger","Leopard"]},{"category":"Entertainment: Books","type":"multiple","difficulty":"medium","question":"What is the make and model of the tour vehicles in &quot;Jurassic Park&quot; (1990)?","correct_answer":"1989 Toyota Land Cruiser","incorrect_answers":["1989 Jeep Wrangler YJ Sahar","1989 Ford Explorer XLT","Mercedes M-Class"]},{"category":"Entertainment: Television","type":"multiple","difficulty":"easy","question":"In the TV show &quot;Mad Men&quot;, what was Donald Draper&#039;s birthname?","correct_answer":"Richard &quot;Dick&quot; Whitman","incorrect_answers":["Donald Draper","John Ashbury","Michael &quot;Mikey&quot; Wilhelm"]},{"category":"Geography","type":"boolean","difficulty":"hard","question":"The two largest ethnic groups of Belgium are Flemish and Walloon. ","correct_answer":"True","incorrect_answers":["False"]},{"category":"Science & Nature","type":"boolean","difficulty":"medium","question":"The most frequent subconscious activity repeated by the human body is blinking.","correct_answer":"False","incorrect_answers":["True"]},{"category":"Science: Computers","type":"multiple","difficulty":"medium","question":"How many bytes are in a single Kibibyte?","correct_answer":"1024","incorrect_answers":["2400","1000","1240"]},{"category":"Entertainment: Video Games","type":"multiple","difficulty":"hard","question":"In Disney&#039;s &quot;Toontown Online&quot;, which of these species wasn&#039;t available as a Toon?","correct_answer":"Cow","incorrect_answers":["Monkey","Bear","Pig"]},{"category":"General Knowledge","type":"multiple","difficulty":"easy","question":"What is the name of NASA&rsquo;s most famous space telescope?","correct_answer":"Hubble Space Telescope","incorrect_answers":["Big Eye","Death Star","Millenium Falcon"]},{"category":"Science & Nature","type":"multiple","difficulty":"easy","question":"Dry ice is the solid form of what substance?","correct_answer":"Carbon dioxide","incorrect_answers":["Nitrogen","Ammonia","Oxygen"]},{"category":"Sports","type":"multiple","difficulty":"medium","question":"What is the name of the AHL affiliate of the Toronto Maple Leafs?","correct_answer":"Toronto Marlies","incorrect_answers":["Toronto Rock","Toronto Argonauts","Toronto Wolfpack"]},{"category":"Science: Mathematics","type":"multiple","difficulty":"hard","question":"What is the smallest number that can be expressed as the sum of two positive cubes in two different ways?","correct_answer":"1729","incorrect_answers":["91","561","4104"]},{"category":"General Knowledge","type":"multiple","difficulty":"medium","question":"The architect known as Le Corbusier was an important figure in what style of architecture?","correct_answer":"Modernism","incorrect_answers":["Neoclassical","Baroque","Gothic Revival"]},{"category":"Geography","type":"multiple","difficulty":"medium","question":"Which of these American cities has fewer than 1,000,000 people?","correct_answer":"San Francisco, California","incorrect_answers":["Phoenix, Arizona","San Antonio, Texas","Philadelphia, Pennsylvania"]},{"category":"General Knowledge","type":"boolean","difficulty":"easy","question":"The mitochondria is the powerhouse of the cell.","correct_answer":"True","incorrect_answers":["False"]},{"category":"Entertainment: Video Games","type":"multiple","difficulty":"easy","question":"In the video game &quot;Postal 2&quot;, what is the name of Postal Dude&#039;s dog?","correct_answer":"Champ","incorrect_answers":["Snoopy","Krotchy","Duke"]}]}