{"response_code":0,"results":[{"category":"Entertainment: Video Games","type":"boolean","difficulty":"easy","question":"The name of the main character of the video game &quot;The Legend of Zelda&quot;, is Zelda.","correct_answer":"False","incorrect_answers":["True"]},{"category":"Science & Nature","type":"multiple","difficulty":"easy","question":"What is the largest animal currently on Earth?","correct_answer":"Blue Whale","incorrect_answers":["Orca","Colossal Squid","Giraffe"]},{"category":"Sports","type":"multiple","difficulty":"easy","question":"Which English football club has the nickname &#039;The Foxes&#039;?","correct_answer":"Leicester City","incorrect_answers":["Northampton Town","Bradford City","West Bromwich Albion"]},{"category":"History","type":"boolean","difficulty":"easy","question":"The Cold War ended with Joseph Stalin&#039;s death.","correct_answer":"False","incorrect_answers":["True"]},{"category":"Geography","type":"multiple","difficulty":"easy","question":"What is the capital of Indonesia?","correct_answer":"Jakarta","incorrect_answers":["Bandung","Medan","Palembang"]},{"category":"Science & Nature","type":"multiple","difficulty":"medium","question":"What mineral has the lowest number on the Mohs scale?","correct_answer":"Talc","incorrect_answers":["Quartz","Diamond","Gypsum"]},{"category":"Science: Mathematics","type":"multiple","difficulty":"medium","question":"What is the Roman numeral for 500?","correct_answer":"D","incorrect_answers":["L","C","X"]},{"category":"Science: Computers","type":"multiple","difficulty":"easy","question":"If you were to code software in this language you&#039;d only be able to type 0&#039;s and 1&#039;s.","correct_answer":"Binary","incorrect_answers":["JavaScript","C++","Python"]},{"category":"Science & Nature","type":"boolean","difficulty":"medium","question":"Like with the Neanderthals, Homo sapiens sapiens also interbred with the Denisovans.","correct_answer":"True","incorrect_answers":["False"]},{"category":"History","type":"multiple","difficulty":"medium","question":"According to scholarly estimates, what percentage of the world population at the time died due to Tamerlane&#039;s conquests?","correct_answer":"5%","incorrect_answers":["1%","3%","&lt;1%"]},{"category":"Entertainment: Film","type":"multiple","difficulty":"medium","question":"What does TIE stand for in reference to the TIE Fighter in &quot;Star Wars&quot;?","correct_answer":"Twin Ion Engine","incorrect_answers":["Twin Iron Engine","Twin Intercepter Engine","Twin Inception Engine"]},{"category":"Science: Computers","type":"multiple","difficulty":"medium","question":"What was the name given to Android 4.3?","correct_answer":"Jelly Bean","incorrect_answers":["Lollipop","Nutella","Froyo"]},{"category":"Entertainment: Japanese Anime & Manga","type":"multiple","difficulty":"easy","question":"Who was given the title &quot;Full Metal&quot; in the anime series &quot;Full Metal Alchemist&quot;?","correct_answer":"Edward Elric","incorrect_answers":["Alphonse Elric","Van Hohenheim","Izumi Curtis"]},{"category":"Entertainment: Music","type":"multiple","difficulty":"medium","question":"Which Toronto landmark was featured on the cover art of Canadian rapper Drake&#039;s 2016 album &quot;Views&quot;?","correct_answer":"CN Tower","incorrect_answers":["Allan Gardens","Union Station","Prince of Wales Theatre"]},{"category":"Entertainment: Board Games","type":"multiple","difficulty":"medium","question":"The board game, Nightmare was released in what year?","correct_answer":"1991","incorrect_answers":["1992","1989","1995"]},{"category":"Science: Computers","type":"boolean","difficulty":"easy","question":"Ada Lovelace is often considered the first computer programmer.","correct_answer":"True","incorrect_answers":["False"]},{"category":"Entertainment: Japanese Anime & Manga","type":"multiple","difficulty":"medium","question":"In JoJo&#039;s Bizarre Adventure, winch character is able to accelerate time?","correct_answer":"Enrico Pucci","incorrect_answers":["Jotaro Kujo","Jolyne Cujoh","Kujo Jotaro"]},{"category":"Mythology","type":"multiple","difficulty":"medium","question":"Which of these Roman gods doesn&#039;t have a counterpart in Greek mythology?","correct_answer":"Janus","incorrect_answers":["Vulcan","Juno","Mars"]},{"category":"Entertainment: Music","type":"boolean","difficulty":"hard","question":"The song &quot;Mystery Train&quot; was released by artist &quot;Little Junior&#039;s Blue Flames&quot; in 1953.","correct_answer":"True","incorrect_answers":["False"]},{"category":"History","type":"multiple","difficulty":"medium","question":"Which American civilization is the source of the belief that the world would end or drastically change on December 21st, 2012?","correct_answer":"The Mayans","incorrect_answers":["The Incas","The Aztecs","The Navajos"]},{"category":"Geography","type":"multiple","difficulty":"hard","question":"What is the official German name of the Swiss Federal Railways?","correct_answer":"Schweizerische Bundesbahnen","incorrect_answers":["Schweizerische Nationalbahnen","Bundesbahnen der Schweiz","Schweizerische Staatsbahnen"]},{"category":"Entertainment: Video Games","type":"multiple","difficulty":"medium","question":"In Terraria, what does the Wall of Flesh not drop upon defeat?","correct_answer":"Picksaw","incorrect_answers":["Pwnhammer","Breaker Blade","Laser Rifle"]},{"category":"General Knowledge","type":"multiple","difficulty":"medium","question":"What direction does the Statue of Liberty face?","correct_answer":"Southeast","incorrect_answers":["Southwest","Northwest","Northeast"]},{"category":"General Knowledge","type":"multiple","difficulty":"easy","question":"The New York Times slogan is, &ldquo;All the News That&rsquo;s Fit to&hellip;&rdquo;","correct_answer":"Print","incorrect_answers":["Digest","Look","Read"]},{"category":"Entertainment: Books","type":"boolean","difficulty":"hard","question":"Harry Potter was born on July 31st, 1980.","correct_answer":"True","incorrect_answers":["False"]},{"category":"Science: Mathematics","type":"multiple","difficulty":"hard","question":"What is the plane curve proposed by Descartes to challenge Fermat&#039;s extremum-finding techniques called?","correct_answer":"Folium of Descartes","incorrect_answers":["Elliptic Paraboloid of Descartes","Cartesian Coordinates","Descarte&#039;s Helicoid"]},{"category":"Science & Nature","type":"multiple","difficulty":"medium","question":"What is the unit of electrical capacitance?","correct_answer":"Farad","incorrect_answers":["Gauss","Henry","Watt"]},{"category":"Entertainment: Music","type":"multiple","difficulty":"medium","question":"In which year did &quot;Caravan Palace&quot; release their first album?","correct_answer":"2008","incorrect_answers":["2000","2015","2004"]},{"category":"Politics","type":"multiple","difficulty":"medium","question":"Who became Prime Minister of the United Kingdom in July 2016?","correct_answer":"Theresa May","incorrect_answers":["Boris Johnson","David Cameron","Tony Blair"]},{"category":"Entertainment: Music","type":"multiple","difficulty":"medium","question":"Which rock band released the album &quot;The Bends&quot; in March 1995?","correct_answer":"Radiohead","incorrect_answers":["Nirvana","Coldplay","U2"]},{"category":"Science: Computers","type":"multiple","difficulty":"hard","question":"What vulnerability ranked #1 on the OWASP Top 10 in 2013?","correct_answer":"Injection ","incorrect_answers":["Broken Authentication","Cross-Site Scripting","Insecure Direct Object References"]},{"category":"Entertainment: Television","type":"multiple","difficulty":"hard","question":"What was the name of the inflatable duck sacrified to the crowd at the end of Episode 34 of the 18th season of Big Brother?","correct_answer":"Pablo","incorrect_answers":["Esteban","Carlos","Duckster"]},{"category":"Entertainment: Music","type":"multiple","difficulty":"easy","question":"Which of the following is not a studio album by the band Pink Floyd?","correct_answer":"Moving Pictures","incorrect_answers":["The Dark Side of the Moon","Wish You Were Here","Animals"]},{"category":"Mythology","type":"multiple","difficulty":"easy","question":"What mytological creatures have women&#039;s faces and vultures&#039; bodies?","correct_answer":"Harpies","incorrect_answers":["Mermaids","Nymph","Lilith"]},{"category":"Sports","type":"boolean","difficulty":"medium","question":"During Wimbledon, spectators in the grounds can buy the tennis balls that have been used in matches.","correct_answer":"True","incorrect_answers":["False"]},{"category":"Entertainment: Music","type":"multiple","difficulty":"easy","question":"Which punk rock band released hit songs such as &quot;Californication&quot;, &quot;Can&#039;t Stop&quot; and &quot;Under the Bridge&quot;?","correct_answer":"Red Hot Chilli Peppers","incorrect_answers":["Green Day","Linkin Park","Foo Fighters"]},{"category":"Entertainment: Television","type":"multiple","difficulty":"medium","question":"In Game of Thrones what is the name of Jon Snow&#039;s sword?","correct_answer":"Longclaw","incorrect_answers":["Oathkeeper","Widow&#039;s Wail","Needle"]},{"category":"Animals","type":"multiple","difficulty":"easy","question":"What is the name of a rabbit&#039;s abode?","correct_answer":"Burrow","incorrect_answers":["Nest","Den","Dray"]},{"category":"Sports","type":"multiple","difficulty":"medium","question":"Who is Manchester United&#039;s top premier league goal scorer?","correct_answer":"Wayne Rooney","incorrect_answers":["Sir Bobby Charlton","Ryan Giggs","David Beckham"]},{"category":"Sports","type":"multiple","difficulty":"easy","question":"The Los Angeles Dodgers were originally from what U.S. city?","correct_answer":"Brooklyn","incorrect_answers":["Las Vegas","Boston","Seattle"]},{"category":"Entertainment: Video Games","type":"boolean","difficulty":"easy","question":"There are 2 player roles in Trouble in Terrorist Town.","correct_answer":"False","incorrect_answers":["True"]},{"category":"Science & Nature","type":"multiple","difficulty":"medium","question":"Deionized water is water with which of the following removed?","correct_answer":"Iron","incorrect_answers":["Oxygen","Hydrogen","Uncharged atoms"]},{"category":"Science & Nature","type":"multiple","difficulty":"medium","question":"Which of these choices is not one of the phases of mitosis?","correct_answer":"Diplophase","incorrect_answers":["Metaphase","Anaphase","Telophase"]},{"category":"General Knowledge","type":"multiple","difficulty":"easy","question":"Foie gras is a French delicacy typically made from what part of a duck or goose?","correct_answer":"Liver","incorrect_answers":["Heart","Stomach","Intestines"]},{"category":"Entertainment: Video Games","type":"multiple","difficulty":"medium","question":"The &#039;64&#039; in the Nintendo-64 console refers to what?","correct_answer":"The bits in the CPU architecture","incorrect_answers":["The number of megabytes of RAM","Capacity of the ROM Cartridges in megabytes","Clock speed of the CPU in Hertz"]},{"category":"General Knowledge","type":"multiple","difficulty":"easy","question":"Which of the following is not an Ivy League University?","correct_answer":"Stanford","incorrect_answers":["University of Pennsylvania","Harvard","Princeton"]},{"category":"Mythology","type":"multiple","difficulty":"medium","question":"What animal did Queen Pasipahe sleep with before she gave birth to the Minotaur in Greek Mythology?","correct_answer":"Bull","incorrect_answers":["Pig","Ox","Horse"]},{"category":"Entertainment: Video Games","type":"multiple","difficulty":"easy","question":"What Ultimate does Makoto Naegi, protagonist of Danganronpa: Trigger Happy Havoc, have? ","correct_answer":"Ultimate Lucky Student","incorrect_answers":["Ultimate Unlucky Student","Ultimate Detective","Ultimate Runner"]},{"category":"Entertainment: Music","type":"multiple","difficulty":"easy","question":"&quot;Grande Valse&quot; is a phrase from the song &quot;Gran Vals&quot;. What is that song segment known as?","correct_answer":"Nokia Tune","incorrect_answers":["Hello Moto [Motorola Ringtone]","Droid Ringtone","Microsoft Ringtone"]},{"category":"Sports","type":"multiple","difficulty":"medium","question":"Which of these countries&#039; national teams qualified for the 2018 FIFA World Cup in Russia?","correct_answer":"Tunisia","incorrect_answers":["United States of America","Italy","Netherlands"]}]}