{"response_code":0,"results":[{"category":"History","type":"multiple","difficulty":"easy","question":"Which one of these was not a beach landing site in the Invasion of Normandy?","correct_answer":"Silver","incorrect_answers":["Gold","Juno","Sword"]},{"category":"Entertainment: Film","type":"multiple","difficulty":"easy","question":"Who wrote and directed the 1986 film &#039;Platoon&#039;?","correct_answer":"Oliver Stone","incorrect_answers":["Francis Ford Coppola","Stanley Kubrick","Michael Cimino"]},{"category":"History","type":"multiple","difficulty":"medium","question":"Joseph Smith was the founder of what religion?","correct_answer":"Mormonism","incorrect_answers":["Buddhism","Christianity","Hinduism"]},{"category":"Entertainment: Music","type":"multiple","difficulty":"easy","question":"The Red Hot Chili Pepper song &quot;Give It Away&quot; is from what album?","correct_answer":"Blood Sugar Sex Magik","incorrect_answers":["One Hot Minute","By the Way","Stadium Arcadium"]},{"category":"Celebrities","type":"multiple","difficulty":"medium","question":"Paul McCartney has always used his middle name. What is his real first name? ","correct_answer":"James","incorrect_answers":["John","Jack","Justin"]},{"category":"Geography","type":"multiple","difficulty":"medium","question":"In which English county is Stonehenge?","correct_answer":"Wiltshire","incorrect_answers":["Somerset","Cumbria","Herefordshire"]},{"category":"General Knowledge","type":"multiple","difficulty":"medium","question":"What does the &quot;G&quot; mean in &quot;G-Man&quot;?","correct_answer":"Government","incorrect_answers":["Going","Ghost","Geronimo"]},{"category":"Entertainment: Film","type":"multiple","difficulty":"medium","question":"Who played Batman in the 1997 film &quot;Batman and Robin&quot;?","correct_answer":"George Clooney","incorrect_answers":["Michael Keaton","Val Kilmer","Christian Bale"]},{"category":"Entertainment: Music","type":"boolean","difficulty":"medium","question":"Norwegian producer Kygo released a remix of the song &quot;Sexual Healing&quot; by Marvin Gaye.","correct_answer":"True","incorrect_answers":["False"]},{"category":"History","type":"multiple","difficulty":"medium","question":"When did Jamaica recieve its independence from England? ","correct_answer":"1962","incorrect_answers":["1492","1963","1987"]},{"category":"Entertainment: Video Games","type":"multiple","difficulty":"medium","question":"What snowy mob was added in Minecraft 1.10?","correct_answer":"Polar bears","incorrect_answers":["Eskimos","Penguins","Walking TNT"]},{"category":"Science: Computers","type":"multiple","difficulty":"medium","question":"All of the following programs are classified as raster graphics editors EXCEPT:","correct_answer":"Inkscape","incorrect_answers":["Paint.NET","GIMP","Adobe Photoshop"]},{"category":"Science: Mathematics","type":"multiple","difficulty":"medium","question":"What is the first Mersenne prime exponent over 1000?","correct_answer":"1279","incorrect_answers":["2203","1009","1069"]},{"category":"Entertainment: Music","type":"multiple","difficulty":"hard","question":"Who was not in the band &quot;The Smiths&quot;?","correct_answer":"Martin Chambers","incorrect_answers":["Morrissey","Andy Rourke","Mike Joyce"]},{"category":"Entertainment: Video Games","type":"multiple","difficulty":"medium","question":"In &quot;Clash Royale&quot; what is Arena 4 called?","correct_answer":"P.E.K.K.A&#039;s Playhouse","incorrect_answers":["Barbarian Bowl","Spell Valley","Royal Arena"]},{"category":"Sports","type":"boolean","difficulty":"easy","question":"Peyton Manning retired after winning Super Bowl XLIX.","correct_answer":"False","incorrect_answers":["True"]},{"category":"Entertainment: Video Games","type":"multiple","difficulty":"hard","question":"When was the first &quot;Half-Life&quot; released?","correct_answer":"1998","incorrect_answers":["2004","1999","1997"]},{"category":"Entertainment: Video Games","type":"multiple","difficulty":"medium","question":"The rights to the &quot;Rayman&quot; series are owned by which company?","correct_answer":"Ubisoft","incorrect_answers":["Nintendo","EA","Sony"]},{"category":"Sports","type":"multiple","difficulty":"medium","question":"Which country is hosting the 2022 FIFA World Cup?","correct_answer":"Qatar","incorrect_answers":["Uganda","Vietnam","Bolivia"]},{"category":"Entertainment: Japanese Anime & Manga","type":"multiple","difficulty":"easy","question":"What is the age of Ash Ketchum in Pokemon when he starts his journey?","correct_answer":"10","incorrect_answers":["11","12","9"]},{"category":"Entertainment: Video Games","type":"multiple","difficulty":"medium","question":"Which game was the first time Mario was voiced by Charles Martinet?","correct_answer":"Mario&#039;s Game Gallery","incorrect_answers":["Super Mario 64","Mario Tennis","Dr. Mario 64"]},{"category":"Entertainment: Video Games","type":"multiple","difficulty":"medium","question":"If you play the Super Mario RPG and nap in a rented hotel room, you will wake up next to what familiar looking character?","correct_answer":"Link","incorrect_answers":["Wario","Q*bert","Solid Snake"]},{"category":"Entertainment: Video Games","type":"boolean","difficulty":"hard","question":"TF2: Sentry rocket damage falloff is calculated based on the distance between the sentry and the enemy, not the engineer and the enemy","correct_answer":"False","incorrect_answers":["True"]},{"category":"History","type":"multiple","difficulty":"medium","question":"Who tutored Alexander the Great?","correct_answer":"Aristotle","incorrect_answers":["Socrates","Plato","King Philip"]},{"category":"General Knowledge","type":"multiple","difficulty":"medium","question":"What is the last letter of the Greek alphabet?","correct_answer":"Omega","incorrect_answers":["Mu","Epsilon","Kappa"]},{"category":"Science & Nature","type":"multiple","difficulty":"easy","question":"The biggest distinction between a eukaryotic cell and a prokaryotic cell is:","correct_answer":"The presence or absence of a nucleus","incorrect_answers":["The overall size","The presence or absence of certain organelles","The mode of reproduction"]},{"category":"Entertainment: Music","type":"multiple","difficulty":"easy","question":"Kanye West at 2009 VMA&#039;s interrupted which celebrity?","correct_answer":"Taylor Swift","incorrect_answers":["MF DOOM","Beyonce","Beck"]},{"category":"Entertainment: Video Games","type":"multiple","difficulty":"easy","question":"In what year was Garry&#039;s Mod released as a standalone title on Valve&#039;s Steam distribution service?","correct_answer":"2006","incorrect_answers":["2007","2004","2003"]},{"category":"Geography","type":"multiple","difficulty":"easy","question":"The Space Needle is located in which city?","correct_answer":"Seattle","incorrect_answers":["Los Angles","Toronto","Vancouver"]},{"category":"History","type":"multiple","difficulty":"easy","question":"How was Socrates executed?","correct_answer":"Poison","incorrect_answers":["Decapitation","Firing squad","Crucifixion "]},{"category":"Entertainment: Film","type":"multiple","difficulty":"medium","question":"What city did the monster attack in the film, &quot;Cloverfield&quot;?","correct_answer":"New York, New York","incorrect_answers":["Las Vegas, Nevada","Chicago, Illinois","Orlando, Florida"]},{"category":"Science: Computers","type":"multiple","difficulty":"medium","question":"What is the main CPU is the Sega Mega Drive \/ Sega Genesis?","correct_answer":"Motorola 68000","incorrect_answers":["Zilog Z80","Yamaha YM2612","Intel 8088"]},{"category":"Entertainment: Japanese Anime & Manga","type":"multiple","difficulty":"medium","question":"The character Momonga from the &quot;Overlord&quot; series orders his servants to call him by what name?","correct_answer":"Ainz Ooal Gown","incorrect_answers":["Master","Yggdrasil","Kugane Maruyama"]},{"category":"Entertainment: Video Games","type":"multiple","difficulty":"hard","question":"Which of these games was NOT developed by Markus Persson?","correct_answer":"Dwarf Fortress","incorrect_answers":["Minecraft","Wurm Online","0x10c"]},{"category":"Politics","type":"multiple","difficulty":"medium","question":"Which of these is NOT one of Donald Trump&#039;s children?","correct_answer":"Julius","incorrect_answers":["Donald Jr.","Ivanka","Eric"]},{"category":"General Knowledge","type":"multiple","difficulty":"medium","question":"In a 1994 CBS interview, Microsoft co-founder Bill Gates performed what unusual trick on camera?","correct_answer":"Jumping over an office chair","incorrect_answers":["Jumping backwards over a desk","Standing on his head","Typing on a keyboard during a handstand"]},{"category":"Entertainment: Television","type":"multiple","difficulty":"medium","question":"Which of the following was not an actor\/actress on the American television show &quot;Saturday Night Live&quot; in Season 42?","correct_answer":"Tina Fey","incorrect_answers":["Mikey Day","Kate McKinnon","Sasheer Zamata"]},{"category":"Entertainment: Music","type":"multiple","difficulty":"medium","question":"The &#039;In the Flesh&#039; tour was used in support of what Pink Floyd album?","correct_answer":"Animals","incorrect_answers":["The Wall","Wish You Were Here","The Final Cut"]},{"category":"Entertainment: Television","type":"multiple","difficulty":"easy","question":"In &quot;Rick And Morty&quot;, who shot &quot;Mr. Poopybutthole&quot; in the episode &quot;Total Rickall&quot;?","correct_answer":"Beth","incorrect_answers":["Rick","Jerry","Morty"]},{"category":"Entertainment: Television","type":"multiple","difficulty":"hard","question":"Which actor from The Young Ones also played Lord Flashheart in one episode of Blackadder II?","correct_answer":"Rik Mayall","incorrect_answers":["Adrian Edmondson","Nigel Planer","Christopher Ryan"]},{"category":"Entertainment: Music","type":"multiple","difficulty":"medium","question":"According to the RIAA: Which artist has sold the most albums by the million?","correct_answer":"The Beatles","incorrect_answers":["Elvis Presley","Michael Jackson","Pink Floyd"]},{"category":"Science & Nature","type":"multiple","difficulty":"easy","question":"What is the official name of the star located closest to the North Celestial Pole?","correct_answer":"Polaris","incorrect_answers":["Eridanus","Gamma Cephei","Iota Cephei"]},{"category":"Entertainment: Television","type":"multiple","difficulty":"medium","question":"What is the name of the inspector in the series &quot;On the Buses&quot;?","correct_answer":"Blakey","incorrect_answers":["Harper","Naily","Gally"]},{"category":"Entertainment: Music","type":"multiple","difficulty":"medium","question":"Which artist curated the official soundtrack for &quot;The Hunger Games: Mockingjay - Part 1&quot;?","correct_answer":"Lorde","incorrect_answers":["Kanye West","Tove Lo","Charli XCX"]},{"category":"History","type":"multiple","difficulty":"easy","question":"In what year was the M1911 pistol designed?","correct_answer":"1911","incorrect_answers":["1907","1899","1917"]},{"category":"Entertainment: Video Games","type":"multiple","difficulty":"easy","question":"In the game &quot;Fire Emblem: Shadow Dragon&quot;, what is the central protagonist&#039;s name?","correct_answer":"Marth","incorrect_answers":["Roy","Eliwood","Robin"]},{"category":"History","type":"multiple","difficulty":"medium","question":"When did O, Canada officially become the national anthem?","correct_answer":"1980","incorrect_answers":["1950","1920","1880"]},{"category":"Science: Computers","type":"multiple","difficulty":"easy","question":"What language does Node.js use?","correct_answer":"JavaScript","incorrect_answers":["Java","Java Source","Joomla Source Code"]},{"category":"Entertainment: Video Games","type":"multiple","difficulty":"medium","question":"The mobile game &quot;Jetpack Joyride&quot; was released in what year? ","correct_answer":"2011","incorrect_answers":["2012","2009","2014"]},{"category":"Entertainment: Video Games","type":"multiple","difficulty":"medium","question":"In Splatoon, what is the age that inklings can freely change between squid and humanoid forms?","correct_answer":"14","incorrect_answers":["13","16","10"]}]}