{"response_code":0,"results":[{"category":"Animals","type":"multiple","difficulty":"hard","question":"What was the name of the Ethiopian Wolf before they knew it was related to wolves?","correct_answer":"Simien Jackel","incorrect_answers":["Ethiopian Coyote","Amharic Fox","Canis Simiensis"]},{"category":"Entertainment: Video Games","type":"multiple","difficulty":"easy","question":"League of Legends, DOTA 2, Smite and Heroes of the Storm are all part of which game genre?","correct_answer":"Multiplayer Online Battle Arena (MOBA)","incorrect_answers":["Real Time Strategy (RTS)","First Person Shooter (FPS)","Role Playing Game (RPG)"]},{"category":"General Knowledge","type":"multiple","difficulty":"easy","question":"In past times, what would a gentleman keep in his fob pocket?","correct_answer":"Watch","incorrect_answers":["Money","Keys","Notebook"]},{"category":"Entertainment: Japanese Anime & Manga","type":"multiple","difficulty":"medium","question":"In Dragon Ball Z, who was the first character to go Super Saiyan 2?","correct_answer":"Gohan","incorrect_answers":["Goku","Vegeta","Trunks"]},{"category":"History","type":"boolean","difficulty":"medium","question":"The first televised presidential debate was between Jimmy Carter and Gerald Ford.","correct_answer":"False","incorrect_answers":["True"]},{"category":"Entertainment: Video Games","type":"multiple","difficulty":"hard","question":"The map featured in Arma 3 named &quot;Altis&quot; is based off of what Greek island?","correct_answer":"Lemnos","incorrect_answers":["Ithaca","Naxos","Anafi"]},{"category":"Geography","type":"multiple","difficulty":"easy","question":"Which Russian oblast forms a border with Poland?","correct_answer":"Kaliningrad","incorrect_answers":["Samara","Nizhny Novgorod","Omsk"]},{"category":"Entertainment: Television","type":"multiple","difficulty":"medium","question":"What is the setting of the show &quot;Parks and Recreation&quot;?","correct_answer":"Pawnee, Indiana","incorrect_answers":["Eagleton, Indiana","Pasadena, California","London, England"]},{"category":"Geography","type":"multiple","difficulty":"medium","question":"Which of these countries is located the FURTHEST away from the South China Sea?","correct_answer":"Bangladesh","incorrect_answers":["Malaysia","Vietnam","Philippines"]},{"category":"Entertainment: Video Games","type":"multiple","difficulty":"medium","question":"In which order do you need to hit some Deku Scrubs to open the first boss door in &quot;Ocarina of Time&quot;?","correct_answer":"2, 3, 1","incorrect_answers":["1, 2, 3","1, 3, 2","2, 1, 3"]},{"category":"History","type":"multiple","difficulty":"medium","question":"What is the name of the US Navy spy ship which was attacked and captured by North Korean forces in 1968?","correct_answer":"USS Pueblo","incorrect_answers":["USS North Carolina","USS Constitution","USS Indianapolis"]},{"category":"Geography","type":"multiple","difficulty":"medium","question":"The historical city Timbuktu is located in which West African country?","correct_answer":"Mali","incorrect_answers":["Senegal","Niger","Burkina Faso"]},{"category":"Science: Computers","type":"multiple","difficulty":"medium","question":"Which coding language was the #1 programming language in terms of usage on GitHub in 2015?","correct_answer":"JavaScript","incorrect_answers":["C#","Python","PHP"]},{"category":"History","type":"multiple","difficulty":"medium","question":"Joseph Stalin had a criminal past doing what?","correct_answer":"Robbing Trains","incorrect_answers":["Murder for Hire","Tax Evasion","Identity Fraud"]},{"category":"Entertainment: Video Games","type":"multiple","difficulty":"hard","question":"What is the homeworld of the Elites from Halo?","correct_answer":"Sanghelios","incorrect_answers":["Te","Doisac","Eayn"]},{"category":"General Knowledge","type":"multiple","difficulty":"easy","question":"What is the name of Poland in Polish?","correct_answer":"Polska","incorrect_answers":["Pupcia","Polszka","P&oacute;land"]},{"category":"Entertainment: Film","type":"multiple","difficulty":"medium","question":"Which animated film did Steven Lisberger direct in 1980 before going on to direct Tron?","correct_answer":"Animalympics","incorrect_answers":["The Fox and the Hound","The Black Cauldron","The Great Mouse Detecive"]},{"category":"Science: Computers","type":"boolean","difficulty":"medium","question":"The last Windows operating system to be based on the Windows 9x kernel was Windows 98.","correct_answer":"False","incorrect_answers":["True"]},{"category":"Entertainment: Film","type":"multiple","difficulty":"medium","question":"What is the correct spelling of the protagonist of the book in The NeverEnding Story (1984)?","correct_answer":"Atreyu","incorrect_answers":["Atrayu","Atraiyu","Atraeyu"]},{"category":"Animals","type":"multiple","difficulty":"medium","question":"What dog bread is one of the oldest breeds of dog and has flourished since before 400 BCE.","correct_answer":"Pugs","incorrect_answers":["Bulldogs","Boxers","Chihuahua"]},{"category":"Entertainment: Music","type":"multiple","difficulty":"medium","question":"African-American performer Sammy Davis Jr. was known for losing which part of his body in a car accident?","correct_answer":"Left Eye","incorrect_answers":["Right Ear","Right Middle Finger","Nose"]},{"category":"Science: Computers","type":"multiple","difficulty":"hard","question":"America Online (AOL) started out as which of these online service providers?","correct_answer":"Quantum Link","incorrect_answers":["CompuServe","Prodigy","GEnie"]},{"category":"Entertainment: Video Games","type":"multiple","difficulty":"hard","question":"The &#039;D&#039; in the term &quot;D-Mail&quot; from the game &quot;Steins; Gate&quot; is short for what?","correct_answer":"DeLorean","incorrect_answers":["Deep","Demo","Dev"]},{"category":"Entertainment: Books","type":"multiple","difficulty":"hard","question":"Which of the following is NOT a work done by Shakespeare?","correct_answer":"Trial of Temperance","incorrect_answers":["Measure For Measure","Titus Andronicus","Cymbeline"]},{"category":"Entertainment: Music","type":"multiple","difficulty":"easy","question":"Which classical composer wrote the &quot;Moonlight Sonata&quot;?","correct_answer":"Ludvig Van Beethoven","incorrect_answers":["Chief Keef","Wolfgang Amadeus Mozart","Johannes Brahms"]},{"category":"Entertainment: Video Games","type":"multiple","difficulty":"easy","question":"When was the top-down online RPG &quot;Space Station 13&quot; released?","correct_answer":"2003","incorrect_answers":["2000","2010","2006"]},{"category":"Entertainment: Japanese Anime & Manga","type":"multiple","difficulty":"medium","question":"Which of the stands from &quot;JoJo&#039;s Bizarre Adventure&quot; mimics the likeness of a tomato?","correct_answer":"Pearl Jam","incorrect_answers":["Red Hot Chili Pepper","Cream Starter","Nut King Call"]},{"category":"Entertainment: Video Games","type":"multiple","difficulty":"medium","question":"Which of the following colors does the Zombie eyes glow in the &quot;Nuketown&quot; map in &quot;Call of Duty: Black Ops II&quot; Zombies mode?","correct_answer":"Yellow and Blue","incorrect_answers":["Yellow and Red","Red and Blue","Blue and White"]},{"category":"History","type":"multiple","difficulty":"hard","question":"When was the &quot;Siege of Leningrad&quot; lifted during World War II?","correct_answer":"January 1944","incorrect_answers":["September 1943","November 1943","March 1944"]},{"category":"Geography","type":"multiple","difficulty":"hard","question":"What is the capital city of Bermuda?","correct_answer":"Hamilton","incorrect_answers":["Santo Dominigo","San Juan","Havana"]},{"category":"Entertainment: Cartoon & Animations","type":"multiple","difficulty":"medium","question":"How many episodes were in season five of Samurai Jack?","correct_answer":"10","incorrect_answers":["12","11","13"]},{"category":"Sports","type":"multiple","difficulty":"hard","question":"Which year was the third Super Bowl held?","correct_answer":"1969","incorrect_answers":["1968","1971","1970"]},{"category":"Entertainment: Video Games","type":"multiple","difficulty":"medium","question":"Where does &quot;The Legend of Zelda: Majora&#039;s Mask&quot; take place?","correct_answer":"Termina","incorrect_answers":["Hyrule","Gysahl","Besaid"]},{"category":"Science & Nature","type":"multiple","difficulty":"hard","question":"Coulrophobia is the irrational fear of what?","correct_answer":"Clowns","incorrect_answers":["Cemeteries","Needles","Tunnels"]},{"category":"Entertainment: Japanese Anime & Manga","type":"multiple","difficulty":"medium","question":"Which Japanese music group was formed to produce theme music for the anime &quot;Guilty Crown&quot;?","correct_answer":"Egoist","incorrect_answers":["Goose house","Babymetal","Garnidelia"]},{"category":"History","type":"multiple","difficulty":"hard","question":"Before the American colonies switched to the Gregorian calendar in 1752, on what date did their new year start?","correct_answer":"March 25th","incorrect_answers":["June 1st","September 25th","December 1st"]},{"category":"Entertainment: Books","type":"multiple","difficulty":"easy","question":"Which is NOT a book in the Harry Potter Series?","correct_answer":"The House Elf","incorrect_answers":["The Chamber of Secrets","The Prisoner of Azkaban","The Deathly Hallows"]},{"category":"Geography","type":"multiple","difficulty":"medium","question":"How many countries share a land border with Luxembourg?","correct_answer":"3","incorrect_answers":["4","2","5"]},{"category":"General Knowledge","type":"multiple","difficulty":"easy","question":"What is the Zodiac symbol for Gemini?","correct_answer":"Twins","incorrect_answers":["Fish","Scales","Maiden"]},{"category":"Geography","type":"multiple","difficulty":"hard","question":"The emblem on the flag of the Republic of Tajikistan features a sunrise over mountains below what symbol?","correct_answer":"Crown","incorrect_answers":["Bird","Sickle","Tree"]},{"category":"Mythology","type":"multiple","difficulty":"medium","question":"Who is the god of war in Polynesian mythology?","correct_answer":"&#039;Oro","incorrect_answers":["Hina","Kohara","M\u0101ui"]},{"category":"Animals","type":"boolean","difficulty":"medium","question":"You can tell the age of a ladybird by counting the spots on his back.","correct_answer":"False","incorrect_answers":["True"]},{"category":"Science: Computers","type":"multiple","difficulty":"easy","question":"In computing, what does MIDI stand for?","correct_answer":"Musical Instrument Digital Interface","incorrect_answers":["Musical Interface of Digital Instruments","Modular Interface of Digital Instruments","Musical Instrument Data Interface"]},{"category":"General Knowledge","type":"multiple","difficulty":"hard","question":"Which church&#039;s interior in Vatican City was designed in 1503 by renaissance architects including Bramante, Michelangelo and Bernini?","correct_answer":"St. Peter&#039;s Basilica","incorrect_answers":["Catania Cathedral","St. Mark&rsquo;s Basilica","The Duomo of Florence"]},{"category":"Entertainment: Japanese Anime & Manga","type":"multiple","difficulty":"medium","question":"How does the character Dragowizard, Qinus Axia&#039;s from the anime &quot;Buddyfight&quot; differ between the Japanese and English dubs?","correct_answer":"Different Gender","incorrect_answers":["Different Body Proportions","Different Backstory","Different Appearance"]},{"category":"Sports","type":"multiple","difficulty":"easy","question":"&quot;Stadium of Light&quot; is the home stadium for which soccer team?","correct_answer":"Sunderland FC","incorrect_answers":["Barcelona FC","Paris Saints-Germain","Manchester United"]},{"category":"Entertainment: Film","type":"multiple","difficulty":"medium","question":"What is the name of the character Nicolas Cage plays in the movie &quot;National Treasure?&quot;","correct_answer":"Benjamin Franklin Gates","incorrect_answers":["Thomas Jefferson Walker","George Washington Swanson","John Quincy Beckett"]},{"category":"Entertainment: Music","type":"multiple","difficulty":"medium","question":"Who was the guitarist in the band &quot;The Doors&quot;?","correct_answer":"Robby Krieger","incorrect_answers":["Eric Clapton","John Densmore","Jimi Hendrix"]},{"category":"History","type":"multiple","difficulty":"hard","question":"Who is the creator of the soft drink, Dr. Pepper?","correct_answer":"Charles Alderton","incorrect_answers":["James Wellington","Johnson Hinsin","Boris Heviltik"]},{"category":"Entertainment: Music","type":"multiple","difficulty":"hard","question":"What year did Dire Straits&#039;s Song &quot;Money for Nothing&quot; release?","correct_answer":"1985","incorrect_answers":["1973","1980","1991"]}]}