{"response_code":0,"results":[{"category":"Entertainment: Video Games","type":"multiple","difficulty":"easy","question":"How many games in the Crash Bandicoot series were released on the original Playstation?","correct_answer":"5","incorrect_answers":["4","3","6"]},{"category":"History","type":"multiple","difficulty":"hard","question":"Which naval battle was considered the turning point of the Pacific Ocean Theater during World War 2?","correct_answer":"Battle of Midway","incorrect_answers":["Attack on Truk Island","Attack on Pearl Harbor","Battle of the Coral Sea"]},{"category":"Entertainment: Japanese Anime & Manga","type":"boolean","difficulty":"easy","question":"Clefairy was intended to be Ash&#039;s starting Pok&eacute;mon in the pilot episode of the cartoon.","correct_answer":"True","incorrect_answers":["False"]},{"category":"General Knowledge","type":"boolean","difficulty":"medium","question":"&quot;Typewriter&quot; is the longest word that can be typed using only the first row on a QWERTY keyboard.","correct_answer":"True","incorrect_answers":["False"]},{"category":"General Knowledge","type":"multiple","difficulty":"easy","question":"How would one say goodbye in Spanish?","correct_answer":"Adi&oacute;s","incorrect_answers":[" Hola","Au Revoir","Salir"]},{"category":"History","type":"boolean","difficulty":"medium","question":"In World War II, Hawker Typhoons served in the Pacific theater.","correct_answer":"False","incorrect_answers":["True"]},{"category":"Entertainment: Video Games","type":"multiple","difficulty":"medium","question":"The original mascot of the popular Nintendo game, &quot;Splatoon&quot; was going to be...","correct_answer":"Mario","incorrect_answers":["Inklings","Octolings","Zelda"]},{"category":"History","type":"multiple","difficulty":"hard","question":"List the following Iranic empires in chronological order:","correct_answer":"Median, Achaemenid, Parthian, Sassanid","incorrect_answers":["Median, Achaemenid, Sassanid, Parthian","Achaemenid, Median, Parthian, Sassanid","Achaemenid, Median, Sassanid, Parthian"]},{"category":"Mythology","type":"multiple","difficulty":"easy","question":"This Greek goddess&#039;s name was chosen for the dwarf planet responsible for discord on Pluto&#039;s classification amongst astronomers.","correct_answer":"Eris","incorrect_answers":["Charon","Ceres","Dysnomia"]},{"category":"General Knowledge","type":"boolean","difficulty":"medium","question":"Furby was released in 1998.","correct_answer":"True","incorrect_answers":["False"]},{"category":"Mythology","type":"multiple","difficulty":"easy","question":"Who was the King of Gods in Ancient Greek mythology?","correct_answer":"Zeus","incorrect_answers":["Apollo","Hermes","Poseidon"]},{"category":"Entertainment: Music","type":"multiple","difficulty":"medium","question":"In which city did American rap producer DJ Khaled originate from?","correct_answer":"Miami","incorrect_answers":["New York","Detroit","Atlanta"]},{"category":"Entertainment: Japanese Anime & Manga","type":"multiple","difficulty":"medium","question":"In the anime series &quot;Full Metal Alchemist&quot;, what do Alchemists consider the greatest taboo?","correct_answer":"Human Transmutation ","incorrect_answers":["Transmuting Lead Into Gold","Using Alchemy For Crime ","Preforming Without A Permit"]},{"category":"General Knowledge","type":"multiple","difficulty":"hard","question":"Before the 19th Century, the &quot;Living Room&quot; was originally called the...","correct_answer":"Parlor","incorrect_answers":["Open Room","Sitting Room","Loft"]},{"category":"Entertainment: Japanese Anime & Manga","type":"multiple","difficulty":"medium","question":"In &quot;Shakugan no Shana&quot; what was the Shana usually referred as?","correct_answer":"Flame-Haired Burning-Eyed Hunter","incorrect_answers":["Flame Haze","Flame-Haired Burning-Eyed Haze","Shana"]},{"category":"Geography","type":"multiple","difficulty":"medium","question":"Where are the Nazca Lines located?","correct_answer":"Peru","incorrect_answers":["Brazil","Colombia","Ecuador"]},{"category":"Entertainment: Television","type":"multiple","difficulty":"medium","question":"Which character does voice actress Tara Strong NOT voice?","correct_answer":"Bubbles (2016)","incorrect_answers":["Twilight Sparkle","Timmy Turner","Harley Quinn"]},{"category":"History","type":"boolean","difficulty":"easy","question":"United States President John F. Kennedy was assassinated during his presidential motorcade in Atlanta, Georgia on November 22nd, 1963.","correct_answer":"False","incorrect_answers":["True"]},{"category":"Science: Gadgets","type":"multiple","difficulty":"medium","question":"Which company designed the &quot;Betamax&quot; video cassette format?","correct_answer":"Sony","incorrect_answers":["Panasonic","LG","Fujitsu"]},{"category":"Entertainment: Film","type":"multiple","difficulty":"medium","question":"In the 1979 British film &quot;Quadrophenia&quot; what is the name of the seaside city the mods are visiting?","correct_answer":"Brighton","incorrect_answers":["Eastbourne","Mousehole","Bridlington"]},{"category":"Entertainment: Video Games","type":"multiple","difficulty":"easy","question":"What was the original name of Crash Bandicoot?","correct_answer":"Willie Wombat","incorrect_answers":["Coco Bandicoot","Marvelous Mole","Wally Wombat"]},{"category":"Vehicles","type":"multiple","difficulty":"hard","question":"Which car is the first mass-produced hybrid vehicle?","correct_answer":"Toyota Prius","incorrect_answers":["Chevrolet Volt","Honda Fit","Peugeot 308 R HYbrid"]},{"category":"Entertainment: Music","type":"multiple","difficulty":"easy","question":"Which of these is the name of a song by Tears for Fears?","correct_answer":"Shout","incorrect_answers":["Scream","Yell","Shriek"]},{"category":"Entertainment: Video Games","type":"multiple","difficulty":"medium","question":"How many normal endings are there in Cry Of Fear&#039;s campaign mode?","correct_answer":"4","incorrect_answers":["5","3","6"]},{"category":"Entertainment: Video Games","type":"multiple","difficulty":"easy","question":"In the game Nuclear Throne, what character is only usable in a play through with Melting?","correct_answer":"Skeleton","incorrect_answers":["Frog","Horror","Plant"]},{"category":"Entertainment: Board Games","type":"multiple","difficulty":"hard","question":"On a standard Monopoly board, how much do you have to pay for Tennessee Ave?","correct_answer":"$180","incorrect_answers":["$200","$160","$220"]},{"category":"Entertainment: Music","type":"multiple","difficulty":"hard","question":"Which year was the album &quot;Floral Shoppe&quot; by Macintosh Plus released?","correct_answer":"2011","incorrect_answers":["2014","2013","2012"]},{"category":"Entertainment: Video Games","type":"multiple","difficulty":"hard","question":"In the game Call of Duty, what is the last level where you play as an American soldier?","correct_answer":"Festung Recogne","incorrect_answers":["Ste. Mere-Eglise (Day)","Chateau","Brecourt"]},{"category":"Entertainment: Video Games","type":"multiple","difficulty":"easy","question":"Which Elite Four member from the first generation of Pok&eacute;mon became the champion in the next generation?","correct_answer":"Lance","incorrect_answers":["Agatha","Bruno","Lorelei"]},{"category":"Geography","type":"multiple","difficulty":"medium","question":"How tall is One World Trade Center in New York City?","correct_answer":"1,776 ft","incorrect_answers":["1,888 ft","1,225 ft","1,960 ft"]},{"category":"Science: Computers","type":"multiple","difficulty":"medium","question":"Which of the following is a personal computer made by the Japanese company Fujitsu?","correct_answer":"FM-7","incorrect_answers":["PC-9801","Xmillennium ","MSX"]},{"category":"History","type":"multiple","difficulty":"medium","question":"In what dialogue did Socrates defend himself to the court of Athens? ","correct_answer":"The Apology","incorrect_answers":["The Euthyphro","The Laws","The Republic"]},{"category":"Entertainment: Video Games","type":"multiple","difficulty":"medium","question":"What is the item required to summon the boss Duke Fishron in the game Terraria?","correct_answer":"Truffle Worm","incorrect_answers":["Suspicious Looking Fish","King Grasshopper","Slug"]},{"category":"History","type":"multiple","difficulty":"medium","question":"What was the total length of the Titanic?","correct_answer":"882 ft | 268.8 m","incorrect_answers":["759 ft | 231.3 m","1042 ft | 317.6 m","825 ft | 251.5 m"]},{"category":"Entertainment: Television","type":"boolean","difficulty":"medium","question":"Like his character in &quot;Parks and Recreation&quot;, Aziz Ansari was born in South Carolina.","correct_answer":"True","incorrect_answers":["False"]},{"category":"Science: Mathematics","type":"boolean","difficulty":"hard","question":"In Topology, the complement of an open set is a closed set.","correct_answer":"True","incorrect_answers":["False"]},{"category":"Entertainment: Film","type":"boolean","difficulty":"hard","question":"The weapon Clint Eastwood uses in &quot;Dirty Harry&quot; was a .44 Automag.","correct_answer":"False","incorrect_answers":["True"]},{"category":"Entertainment: Video Games","type":"boolean","difficulty":"medium","question":"The character that would eventually become Dr. Eggman was considered for the role of Sega&#039;s new flagship mascot before Sonic was.","correct_answer":"True","incorrect_answers":["False"]},{"category":"Entertainment: Video Games","type":"multiple","difficulty":"hard","question":"In &quot;Team Fortress 2&quot;, how much health does a scout have when overhealed?","correct_answer":"185","incorrect_answers":["215","195","225"]},{"category":"Entertainment: Television","type":"multiple","difficulty":"hard","question":"Prior to working at Wizards of the Coast, &quot;Mark Rosewater&quot; was a writer for which show?","correct_answer":"Roseanne","incorrect_answers":["Boy Meets World","The X-Files","NYPD Blue"]},{"category":"Entertainment: Board Games","type":"multiple","difficulty":"hard","question":"Which ability from the &quot;Magic: The Gathering&quot; Scars of Mirrodin expansion involves having at least three artifacts in play?","correct_answer":"Metalcraft","incorrect_answers":["Affinity","Imprint","Living Weapon"]},{"category":"Entertainment: Books","type":"multiple","difficulty":"hard","question":"In the Magic: The Gathering universe,  the Antiquities, Ice Age, and Alliances expansions take place on which continent?","correct_answer":"Terisiare","incorrect_answers":["Aerona","Shiv","Jamuraa"]},{"category":"Entertainment: Music","type":"multiple","difficulty":"medium","question":"Who is the lead singer of the Smashing Pumpkins?","correct_answer":"Billy Corgan","incorrect_answers":["Brett Scallions","Eddie Vedder","Chino Moreno"]},{"category":"Science: Gadgets","type":"multiple","difficulty":"medium","question":"What is the &quot;Mitsubishi Wakamaru&quot;?","correct_answer":"A robot","incorrect_answers":["A pickup truck","An motorcycle","A motorboat"]},{"category":"Geography","type":"boolean","difficulty":"easy","question":"Rhode Island is actually located on the US mainland, despite its name.","correct_answer":"True","incorrect_answers":["False"]},{"category":"General Knowledge","type":"multiple","difficulty":"medium","question":"In ancient Greece, if your job were a &quot;hippeus&quot; which of these would you own?","correct_answer":"Horse","incorrect_answers":["Weave","Guitar","Boat"]},{"category":"General Knowledge","type":"multiple","difficulty":"medium","question":"Directly between the Washington Monument and the Reflecting Pool is a memorial to which war?","correct_answer":"World War II","incorrect_answers":["Vietnam War","American Civil War","American Revolutionary War"]},{"category":"Science: Computers","type":"multiple","difficulty":"medium","question":"How many bits make up the significand portion of a single precision floating point number?","correct_answer":"23","incorrect_answers":["8","53","15"]},{"category":"Entertainment: Video Games","type":"multiple","difficulty":"medium","question":"What was the first Super Mario game ever released in North America for the 3DS?","correct_answer":"Super Mario 3D Land","incorrect_answers":["Super Mario Maker","New Super Mario Bros. 2","Mario Kart 7"]},{"category":"Geography","type":"multiple","difficulty":"easy","question":"What is the largest country in the world ?","correct_answer":"Russian Federation","incorrect_answers":["China","Canada","Brazil"]}]}