{"response_code":0,"results":[{"category":"Entertainment: Film","type":"multiple","difficulty":"easy","question":"Who starred as Bruce Wayne and Batman in Tim Burton&#039;s 1989 movie &quot;Batman&quot;?","correct_answer":"Michael Keaton","incorrect_answers":["George Clooney","Val Kilmer","Adam West"]},{"category":"Entertainment: Music","type":"multiple","difficulty":"medium","question":"In the song &ldquo;The Ultimate Showdown of Ultimate Destiny,&rdquo; who is the only one to survive the battle?","correct_answer":"Mr. Rogers","incorrect_answers":["Batman","Chuck Norris","Godzilla"]},{"category":"General Knowledge","type":"multiple","difficulty":"easy","question":"Which best selling toy of 1983 caused hysteria, resulting in riots breaking out in stores?","correct_answer":"Cabbage Patch Kids","incorrect_answers":["Transformers","Care Bears","Rubik&rsquo;s Cube"]},{"category":"General Knowledge","type":"multiple","difficulty":"medium","question":"What is the defining characteristic of someone who is described as hirsute?","correct_answer":"Hairy","incorrect_answers":["Rude","Funny","Tall"]},{"category":"Entertainment: Video Games","type":"boolean","difficulty":"easy","question":"The Indie Game Development Studio Cing, developers of Hotel Dusk and Last Window, went bankrupt on March 1st, 2010.","correct_answer":"True","incorrect_answers":["False"]},{"category":"Entertainment: Video Games","type":"multiple","difficulty":"easy","question":"Blinky, Pinky, Inky and Clyde are characters from which classic video game?","correct_answer":"Pac-Man","incorrect_answers":["Gauntlet","Space Invaders","Street Fighter"]},{"category":"Sports","type":"multiple","difficulty":"medium","question":"A stimpmeter measures the speed of a ball over what surface?","correct_answer":"Golf Putting Green","incorrect_answers":[" Football Pitch","Cricket Outfield","Pinball Table"]},{"category":"Vehicles","type":"multiple","difficulty":"easy","question":"Jaguar Cars was previously owned by which car manfacturer?","correct_answer":"Ford","incorrect_answers":["Chrysler","General Motors","Fiat"]},{"category":"Entertainment: Video Games","type":"multiple","difficulty":"easy","question":"Which eSports team came first place in The International Dota 2 Championship 2016?","correct_answer":"Wings Gaming","incorrect_answers":["Digital Chaos","Evil Geniuses","Fnatic"]},{"category":"Science & Nature","type":"multiple","difficulty":"medium","question":"The medical condition osteoporosis affects which part of the body?","correct_answer":"Bones","incorrect_answers":["Skin","Brain","Heart"]},{"category":"Science & Nature","type":"multiple","difficulty":"easy","question":"Who is the chemical element Curium named after?","correct_answer":"Marie &amp; Pierre Curie","incorrect_answers":["The Curiosity Rover","Curious George","Stephen Curry"]},{"category":"Entertainment: Film","type":"multiple","difficulty":"medium","question":"Who plays the Nemesis in the Resident Evil movies?","correct_answer":"Matthew Taylor","incorrect_answers":["Jason Dip","Eric Mabius","Jimmy Matts"]},{"category":"Entertainment: Video Games","type":"multiple","difficulty":"medium","question":"In Team Fortress 2, which class wields a shotgun?","correct_answer":"Everyone Listed","incorrect_answers":["Heavy","Soldier","Engineer"]},{"category":"Entertainment: Video Games","type":"multiple","difficulty":"medium","question":"In what Half-Life expansion can you find Gordon&#039;s picture in an &quot;Employee of the Month&quot; picture frame?","correct_answer":"Half-Life: Opposing Force","incorrect_answers":["Half-Life: Blue Shift","Half-Life: Decay","They Hunger"]},{"category":"Entertainment: Video Games","type":"multiple","difficulty":"medium","question":"How many zombies need to be killed to get the &quot;Zombie Genocider&quot; achievement in Dead Rising (2006)?","correct_answer":"53,594","incorrect_answers":["53,593","53,595","53,596"]},{"category":"History","type":"multiple","difficulty":"hard","question":"How many sonatas did Ludwig van Beethoven write?","correct_answer":"32","incorrect_answers":["50","31","21"]},{"category":"Entertainment: Film","type":"multiple","difficulty":"easy","question":"Who is the main protagonist in, the 1985 film, Back to the Future?","correct_answer":"Marty McFly","incorrect_answers":["Emmett &quot;Doc&quot; Brown","Biff Tannen","George McFly"]},{"category":"Geography","type":"boolean","difficulty":"medium","question":"You could walk from Norway to North Korea while only passing through Russia.","correct_answer":"True","incorrect_answers":["False"]},{"category":"Entertainment: Video Games","type":"multiple","difficulty":"medium","question":"Which of these game franchises were made by Namco?","correct_answer":"Tekken","incorrect_answers":["Street Fighter","Mortal Kombat","Dragon Quest"]},{"category":"Entertainment: Film","type":"multiple","difficulty":"medium","question":"Who voices the main character Blu in the 2011 animated film &quot;Rio&quot;?","correct_answer":"Jesse Eisenberg","incorrect_answers":["Michael Cera","Jonah Hill","Zach Galifianakis"]},{"category":"Vehicles","type":"boolean","difficulty":"medium","question":"The General Motors EV1 was the first street-legal production electric vehicle.","correct_answer":"False","incorrect_answers":["True"]},{"category":"Geography","type":"multiple","difficulty":"hard","question":"What is the name of the Canadian national anthem?","correct_answer":"O Canada","incorrect_answers":["O Red Maple","Leaf-Spangled Banner","March of the Puck Drop"]},{"category":"Mythology","type":"multiple","difficulty":"medium","question":"What is the name of the Greek god of blacksmiths?","correct_answer":"Hephaestus","incorrect_answers":["Dyntos","Vulcan","Artagatus"]},{"category":"Sports","type":"multiple","difficulty":"medium","question":"Which of the following Grand Slam tennis tournaments occurs LAST?","correct_answer":"US Open","incorrect_answers":["French Open","Wimbledon","Australian Open"]},{"category":"Science & Nature","type":"boolean","difficulty":"hard","question":"The chemical element Lithium is named after the country of Lithuania.","correct_answer":"False","incorrect_answers":["True"]},{"category":"Science: Gadgets","type":"multiple","difficulty":"easy","question":"When did the CD begin to appear on the consumer market?","correct_answer":"1982","incorrect_answers":["1992","1972","1962"]},{"category":"Entertainment: Video Games","type":"multiple","difficulty":"hard","question":"In &quot;Final Fantasy VI&quot;, what is the name of (summoned) Gilgamesh&#039;s weakest attack?","correct_answer":"Excalipoor","incorrect_answers":["Excalibore","Excalisnore","Excalisore"]},{"category":"Entertainment: Japanese Anime & Manga","type":"multiple","difficulty":"easy","question":"Who is the colossal titan in &quot;Attack On Titan&quot;?","correct_answer":"Bertolt Hoover","incorrect_answers":["Reiner","Eren","Sasha"]},{"category":"Entertainment: Musicals & Theatres","type":"multiple","difficulty":"hard","question":"Who played &quot;Charlie Price&quot; in the musical &quot;Kinky Boots&quot; on Broadway in New York from May 26th - Aug 6th 2017?","correct_answer":"Brendon Urie","incorrect_answers":["Ed Sheeren","Tom Cruise","Dallon Weekes"]},{"category":"General Knowledge","type":"boolean","difficulty":"easy","question":"Dihydrogen Monoxide was banned due to health risks after being discovered in 1983 inside swimming pools and drinking water.","correct_answer":"False","incorrect_answers":["True"]},{"category":"Entertainment: Music","type":"multiple","difficulty":"medium","question":"When was the 3rd album &quot;Notes from the Underground&quot; of the band &quot;Hollywood Undead&quot; released?","correct_answer":"2013","incorrect_answers":["2011","2014","2009"]},{"category":"General Knowledge","type":"multiple","difficulty":"easy","question":"What is Tasmania?","correct_answer":"An Australian State","incorrect_answers":["A flavor of Ben and Jerry&#039;s ice-cream","A Psychological Disorder","The Name of a Warner Brothers Cartoon Character"]},{"category":"Entertainment: Television","type":"multiple","difficulty":"easy","question":"Which actor portrays &quot;Walter White&quot; in the series &quot;Breaking Bad&quot;?","correct_answer":" Bryan Cranston","incorrect_answers":["Andrew Lincoln","Aaron Paul","RJ Mitte"]},{"category":"Entertainment: Video Games","type":"multiple","difficulty":"easy","question":"What is the last name of the primary female protagonist of Final Fantasy VIII?","correct_answer":"Heartilly","incorrect_answers":["Loire","Almasy","Trepe"]},{"category":"Celebrities","type":"multiple","difficulty":"hard","question":"Gabe Newell was born in which year?","correct_answer":"1962 ","incorrect_answers":["1970","1960","1972"]},{"category":"History","type":"multiple","difficulty":"medium","question":"Who crowned Charlemagne as Holy Roman Emperor on Christmas Day in 800?","correct_answer":"Pope Leo III","incorrect_answers":["Pope Urban IV","Pope Stephen V","Pope Valentine"]},{"category":"General Knowledge","type":"multiple","difficulty":"easy","question":"The likeness of which president is featured on the rare $2 bill of USA currency?","correct_answer":"Thomas Jefferson","incorrect_answers":["Martin Van Buren","Ulysses Grant","John Quincy Adams"]},{"category":"Entertainment: Cartoon & Animations","type":"boolean","difficulty":"medium","question":"Night on Bald Mountain was one of the musical pieces featured in Disney&#039;s 1940&#039;s film Fantasia.","correct_answer":"True","incorrect_answers":["False"]},{"category":"Entertainment: Music","type":"multiple","difficulty":"medium","question":"Which song made by MAN WITH A MISSION was used as the opening for the anime &quot;Log Horizon&quot;?","correct_answer":"&quot;Database&quot;","incorrect_answers":["&quot;Dead End in Tokyo&quot;","&quot;Raise Your Flag&quot;","&quot;Out of Control&quot;"]},{"category":"Entertainment: Video Games","type":"multiple","difficulty":"easy","question":"In &quot;Pheonix Wright: Ace Attorney&quot; which character is the District Chief of Police?","correct_answer":"Damon Gant","incorrect_answers":["Miles Edgeworth","Lana Skye","Mike Meekins"]},{"category":"Entertainment: Video Games","type":"multiple","difficulty":"hard","question":"Which occupation did John Tanner, the main protagonist for Driver and Driver 2, had before turning into an undercover cop?","correct_answer":"Racing Driver","incorrect_answers":["Taxi Driver","Delivery Driver","Getaway Driver"]},{"category":"Sports","type":"multiple","difficulty":"medium","question":"What is Tiger Woods&#039; all-time best career golf-score?","correct_answer":"61","incorrect_answers":["65","63","67"]},{"category":"Sports","type":"multiple","difficulty":"medium","question":"Who won the 2011 Stanley Cup?","correct_answer":"Boston Bruins","incorrect_answers":["Montreal Canadiens","New York Rangers","Toronto Maple Leafs"]},{"category":"Science & Nature","type":"multiple","difficulty":"hard","question":"Which major extinction event was caused by an asteroid collision and eliminated the majority of non-avian dinosaurs?","correct_answer":"Cretaceous-Paleogene","incorrect_answers":["Triassic&ndash;Jurassic","Permian&ndash;Triassic","Ordovician&ndash;Silurian"]},{"category":"Entertainment: Japanese Anime & Manga","type":"multiple","difficulty":"medium","question":"Which of the following films was NOT directed by Hayao Miyazaki?","correct_answer":"Wolf Children","incorrect_answers":["Princess Mononoke","Spirited Away","Kiki&#039;s Delivery Service"]},{"category":"General Knowledge","type":"multiple","difficulty":"medium","question":"Which logical fallacy means to attack the character of your opponent rather than their arguments?","correct_answer":"Ad hominem","incorrect_answers":["Post hoc ergo propter hoc","Tu quoque","Argumentum ad populum"]},{"category":"Entertainment: Music","type":"multiple","difficulty":"easy","question":"Which of these are NOT a Men at Work song?","correct_answer":"Basket Case","incorrect_answers":["Dr. Heckyll and Mr. Jive","Who Can It Be Now?","Be Good Johnny"]},{"category":"Entertainment: Film","type":"multiple","difficulty":"easy","question":"In the movie &quot;V for Vendetta,&quot; what is the date that masked vigilante &quot;V&quot; urges people to remember?","correct_answer":"November 5th","incorrect_answers":["November 6th","November 4th","September 5th"]},{"category":"Entertainment: Video Games","type":"multiple","difficulty":"easy","question":"Who is the leader of the Brotherhood of Nod in the Command and Conquer series?","correct_answer":"Kane","incorrect_answers":["Joseph Stalin","CABAL","Yuri"]},{"category":"General Knowledge","type":"multiple","difficulty":"easy","question":"Which country has the union jack in its flag?","correct_answer":"New Zealand","incorrect_answers":["South Africa","Canada","Hong Kong"]}]}