{"response_code":0,"results":[{"category":"Entertainment: Video Games","type":"multiple","difficulty":"medium","question":"Which character is from &quot;Splatoon&quot;?","correct_answer":"Marie","incorrect_answers":["Cyrus","Palutena","Shulk"]},{"category":"Entertainment: Video Games","type":"boolean","difficulty":"easy","question":"The main character in the &quot;Half-Life&quot; franchise is named Morgan Freeman.","correct_answer":"False","incorrect_answers":["True"]},{"category":"Entertainment: Film","type":"boolean","difficulty":"easy","question":"Han Solo&#039;s co-pilot and best friend, &quot;Chewbacca&quot;, is an Ewok.","correct_answer":"False","incorrect_answers":["True"]},{"category":"Science & Nature","type":"multiple","difficulty":"easy","question":"Rhinoplasty is a surgical procedure on what part of the human body?","correct_answer":"Nose","incorrect_answers":["Ears","Chin","Neck"]},{"category":"Science: Computers","type":"multiple","difficulty":"medium","question":"Whistler was the codename of this Microsoft Operating System.","correct_answer":"Windows XP","incorrect_answers":["Windows 2000","Windows 7","Windows 95"]},{"category":"Entertainment: Books","type":"multiple","difficulty":"medium","question":"What position does Harry Potter play in Quidditch?","correct_answer":"Seeker","incorrect_answers":["Beater","Chaser","Keeper"]},{"category":"Entertainment: Board Games","type":"multiple","difficulty":"easy","question":"How many pieces are there on the board at the start of a game of chess?","correct_answer":"32","incorrect_answers":["16","20","36"]},{"category":"Entertainment: Video Games","type":"multiple","difficulty":"easy","question":"If a &quot;360 no-scope&quot; is one full rotation before shooting, how many rotations would a &quot;1080 no-scope&quot; be?","correct_answer":"3","incorrect_answers":["4","2","5"]},{"category":"Entertainment: Television","type":"multiple","difficulty":"hard","question":"What&#039;s Dr. Doofenshmirtz first name?","correct_answer":"Heinz","incorrect_answers":["Hans","Hank","Heidi"]},{"category":"Science: Computers","type":"multiple","difficulty":"easy","question":"In the programming language Java, which of these keywords would you put on a variable to make sure it doesn&#039;t get modified?","correct_answer":"Final","incorrect_answers":["Static","Private","Public"]},{"category":"General Knowledge","type":"multiple","difficulty":"easy","question":"What is &quot;dabbing&quot;?","correct_answer":"A dance","incorrect_answers":["A medical procedure","A sport","A language"]},{"category":"Science: Mathematics","type":"multiple","difficulty":"easy","question":"What&#039;s the square root of 49?","correct_answer":"7","incorrect_answers":["4","12","9"]},{"category":"Entertainment: Film","type":"multiple","difficulty":"easy","question":"What is the orange and white bot&#039;s name in &quot;Star Wars: The Force Awakens&quot;?","correct_answer":"BB-8","incorrect_answers":["BB-3","AA-A","R2-D2"]},{"category":"Entertainment: Video Games","type":"multiple","difficulty":"medium","question":"Which was the first video game to be produced by development company Rare?","correct_answer":"Slalom","incorrect_answers":["R.C. Pro-Am","Donkey Kong Country","Battletoads"]},{"category":"Entertainment: Music","type":"multiple","difficulty":"easy","question":"What is the name of Finnish DJ Darude&#039;s hit single released in October 1999?","correct_answer":"Sandstorm","incorrect_answers":["Dust Devil","Sirocco","Khamsin"]},{"category":"Entertainment: Music","type":"multiple","difficulty":"medium","question":"Which of these languages was NOT included in the 2016 song &quot;Don&#039;t Mind&quot; by Kent Jones?","correct_answer":"Portuguese","incorrect_answers":["Japanese","French","Spanish"]},{"category":"Entertainment: Video Games","type":"multiple","difficulty":"hard","question":"In the Animal Crossing series, which flower is erroneously called the &quot;Jacob&#039;s Ladder&quot;?","correct_answer":"Lily of the Valley","incorrect_answers":["Hydrangea","Harebell","Yarrow"]},{"category":"History","type":"multiple","difficulty":"hard","question":"What did the first vending machines in the early 1880&#039;s dispense?","correct_answer":"Post cards","incorrect_answers":["Alcohol","Cigarettes","Sodas "]},{"category":"Entertainment: Film","type":"multiple","difficulty":"medium","question":"In the 1971 film &quot;Willy Wonka &amp; the Chocolate Factory&quot;, who played Willy Wonka?","correct_answer":"Gene Wilder","incorrect_answers":["Shia LeBouf","Peter Ostrum","Johnny Depp"]},{"category":"Entertainment: Japanese Anime & Manga","type":"multiple","difficulty":"hard","question":"What year was &quot;JoJo&#039;s Bizarre Adventure: Phantom Blood&quot; first released?","correct_answer":"1987","incorrect_answers":["2013","1983","1995"]},{"category":"Science & Nature","type":"boolean","difficulty":"medium","question":"Scientists accidentally killed the once known world&#039;s oldest living creature, a mollusc, known to be aged as 507 years old.","correct_answer":"True","incorrect_answers":["False"]},{"category":"History","type":"multiple","difficulty":"hard","question":"During the Roman Triumvirate of 42 BCE, what region of the Roman Republic was given to Lepidus?","correct_answer":"Hispania ","incorrect_answers":["Italia","Gallia","Asia"]},{"category":"Entertainment: Japanese Anime & Manga","type":"boolean","difficulty":"easy","question":"Gosho Aoyama Made This Series: (Detective Conan \/ Case Closed!)","correct_answer":"True","incorrect_answers":["False"]},{"category":"Entertainment: Japanese Anime & Manga","type":"boolean","difficulty":"medium","question":"The anime Attack on Titan was directed by Tetsur\u014d Araki, the same person who directed the anime Highschool of the Dead.","correct_answer":"True","incorrect_answers":["False"]},{"category":"Entertainment: Video Games","type":"multiple","difficulty":"easy","question":"What ingredients are required to make a cake in Minecraft?","correct_answer":"Milk, Sugar, Egg, and Wheat","incorrect_answers":["Milk, Bread, Egg, and Wheat","Milk, Sugar Cane, Egg, and Wheat","Milk, Sugar, and Wheat"]},{"category":"Science & Nature","type":"multiple","difficulty":"medium","question":"Myopia is the scientific term for which condition?","correct_answer":"Shortsightedness","incorrect_answers":["Farsightedness","Double Vision","Clouded Vision"]},{"category":"Entertainment: Books","type":"multiple","difficulty":"medium","question":"The title of Adolf Hitler&#039;s autobiography &quot;Mein Kampf&quot; is what when translated to English?","correct_answer":"My Struggle","incorrect_answers":["My Hatred","My Sadness","My Desire"]},{"category":"Entertainment: Music","type":"multiple","difficulty":"medium","question":"Who recorded the album called &quot;Down to the Moon&quot; in 1986?","correct_answer":"Andreas Vollenweider","incorrect_answers":["Jean-Michel Jarre","Bing Crosby","Enya"]},{"category":"Mythology","type":"multiple","difficulty":"hard","question":"Which of the following is NOT a god in Norse Mythology.","correct_answer":"Jens","incorrect_answers":["Loki","Tyr","Snotra"]},{"category":"Entertainment: Video Games","type":"multiple","difficulty":"hard","question":"In what year was the game &quot;Eliminator&quot; released?","correct_answer":"1998","incorrect_answers":["2000","1999","2001"]},{"category":"Entertainment: Music","type":"multiple","difficulty":"medium","question":"What year was Red Hot Chill Pepper&#039;s album &quot;Californication&quot; released?","correct_answer":"1999","incorrect_answers":["1997","2000","1992"]},{"category":"Entertainment: Video Games","type":"multiple","difficulty":"medium","question":"Which of the following is not a real Pok&eacute;mon?","correct_answer":"Luminid","incorrect_answers":["Dragalge","Mandibuzz","Araquanid"]},{"category":"Geography","type":"multiple","difficulty":"medium","question":"What is the capital of Belarus?","correct_answer":"Minsk","incorrect_answers":["Warsaw","Kiev","Vilnius"]},{"category":"Entertainment: Film","type":"multiple","difficulty":"easy","question":"In the 1995 film &quot;Balto&quot;, who are Steele&#039;s accomplices?","correct_answer":"Kaltag, Nikki, and Star","incorrect_answers":["Dusty, Kirby, and Ralph","Nuk, Yak, and Sumac","Jenna, Sylvie, and Dixie"]},{"category":"Celebrities","type":"multiple","difficulty":"medium","question":"Who out of these actresses is the youngest?","correct_answer":"Kiernan Shipka","incorrect_answers":["Ariel Winter","Emma Watson","Bonnie Wright"]},{"category":"Politics","type":"multiple","difficulty":"hard","question":"What is centralism?","correct_answer":" Concentration of power and authority in a central organization.","incorrect_answers":["Conforming to one single common political agenda.","Remaining politically neutral.","The grey area in the spectrum of political left and right."]},{"category":"Geography","type":"multiple","difficulty":"medium","question":"What&#039;s the first National Park designated in the United States?","correct_answer":"Yellowstone","incorrect_answers":["Sequoia ","Yosemite","Rocky Mountain"]},{"category":"Entertainment: Japanese Anime & Manga","type":"multiple","difficulty":"medium","question":"In &quot;One Piece&quot;, which one of the following is NOT an Ancient Weapon?","correct_answer":"Jupiter","incorrect_answers":["Uranus","Poseidon","Pluton"]},{"category":"Entertainment: Video Games","type":"multiple","difficulty":"medium","question":"Which company developed and published Game Dev Tycoon?","correct_answer":"Greenheart Games","incorrect_answers":["Greenland Games","The Tycoonists","MomCorp"]},{"category":"Entertainment: Music","type":"multiple","difficulty":"medium","question":"From which album is the Gorillaz song, &quot;On Melancholy Hill&quot; featured in?","correct_answer":"Plastic Beach","incorrect_answers":["Demon Days","Humanz","The Fall"]},{"category":"Science & Nature","type":"multiple","difficulty":"medium","question":"The Sun consists of mostly which two elements?","correct_answer":"Hydrogen &amp; Helium","incorrect_answers":["Hydrogen &amp; Nitrogen","Carbon &amp; Nitrogen","Carbon &amp; Helium"]},{"category":"Entertainment: Video Games","type":"multiple","difficulty":"easy","question":"Who created the &quot;Metal Gear&quot; Series?","correct_answer":"Hideo Kojima","incorrect_answers":["Hiroshi Yamauchi","Shigeru Miyamoto","Gunpei Yokoi"]},{"category":"Entertainment: Video Games","type":"multiple","difficulty":"medium","question":"In Grand Theft Auto: V, what wanted level does the player receive if they enter Zancudo Army Base north of Los Santos?","correct_answer":"4","incorrect_answers":["3","5","1"]},{"category":"Entertainment: Music","type":"multiple","difficulty":"medium","question":"Which Iron Maiden album did the song &quot;Dream of Mirrors&quot; feature in?","correct_answer":"Brave New World","incorrect_answers":["Dance of Death","A Matter of Life and Death","Somewhere in Time"]},{"category":"Science & Nature","type":"multiple","difficulty":"hard","question":"What is &quot;Stenoma&quot;?","correct_answer":"A genus of moths","incorrect_answers":["A combat stimulant from WW2","A type of seasoning","A port city in the carribean"]},{"category":"General Knowledge","type":"multiple","difficulty":"easy","question":"According to the nursery rhyme, what fruit did Little Jack Horner pull out of his Christmas pie?","correct_answer":"Plum","incorrect_answers":["Apple","Peach","Pear"]},{"category":"Entertainment: Video Games","type":"multiple","difficulty":"medium","question":"Who was Tetris created by?","correct_answer":"Alexey Pajitnov","incorrect_answers":["Toru Iwatani","Allan Alcorn","William Higinbotham"]},{"category":"Entertainment: Japanese Anime & Manga","type":"multiple","difficulty":"hard","question":"Who was the Director of the 1988 Anime film &quot;Grave of the Fireflies&quot;?","correct_answer":"Isao Takahata","incorrect_answers":["Hayao Miyazaki","Satoshi Kon","Sunao Katabuchi"]},{"category":"Entertainment: Video Games","type":"multiple","difficulty":"easy","question":"Who is the main protagonist in the game Life is Strange: Before The Storm?","correct_answer":"Chloe Price ","incorrect_answers":["Max Caulfield","Rachel Amber","Frank Bowers"]},{"category":"Entertainment: Video Games","type":"multiple","difficulty":"medium","question":"Which unlockable character in Super Smash Bros. For Wii U and 3DS does not have to be fought to be unlocked?","correct_answer":"Mii Fighters","incorrect_answers":["Ness","R.O.B.","Mewtwo"]}]}