{"response_code":0,"results":[{"category":"Entertainment: Cartoon & Animations","type":"multiple","difficulty":"medium","question":"What is Scooby-Doo&#039;s real name?","correct_answer":"Scoobert","incorrect_answers":["Scooter","Scrappy","Shooby"]},{"category":"Entertainment: Video Games","type":"multiple","difficulty":"medium","question":"What was the game &quot;Galaga&quot; was a sequel to?","correct_answer":"Galaxian","incorrect_answers":["Galactica","Space Invaders","Galactic Wars"]},{"category":"General Knowledge","type":"multiple","difficulty":"medium","question":"Which river flows through the Scottish city of Glasgow?","correct_answer":"Clyde","incorrect_answers":["Tay","Dee","Tweed"]},{"category":"Entertainment: Video Games","type":"multiple","difficulty":"easy","question":"Who is the main antagonist in the Portal franchise?","correct_answer":"GLaDOS","incorrect_answers":["Chell","Wheatley","Rick"]},{"category":"Entertainment: Video Games","type":"multiple","difficulty":"medium","question":"Who was the first jedi that Starkiller had to kill in Star Wars: The Force Unleashed?","correct_answer":"Rahm Kota","incorrect_answers":["Ahsoka Tano","Kazdan Paratus","Kento Marek"]},{"category":"Entertainment: Video Games","type":"multiple","difficulty":"easy","question":"What is the name of Team Fortress 2&#039;s Heavy Weapons Guy&#039;s minigun?","correct_answer":"Sasha","incorrect_answers":["Betty","Anna","Diana"]},{"category":"History","type":"multiple","difficulty":"easy","question":"Which German field marshal was known as the `Desert Fox`?","correct_answer":"Erwin Rommel","incorrect_answers":["Ernst Busch","Wolfram Freiherr von Richthofen","Wilhelm List"]},{"category":"Animals","type":"boolean","difficulty":"medium","question":"The Ceratosaurus, a dinosaur known for having a horn on the top of its nose, is also known to be a decendent of the Tyrannosaurus Rex.","correct_answer":"False","incorrect_answers":["True"]},{"category":"General Knowledge","type":"multiple","difficulty":"medium","question":"Rolex is a company that specializes in what type of product?","correct_answer":"Watches","incorrect_answers":["Cars","Computers","Sports equipment"]},{"category":"Entertainment: Video Games","type":"multiple","difficulty":"medium","question":"Along with Gabe Newell, who co-founded Valve?","correct_answer":"Mike Harrington","incorrect_answers":["Robin Walker","Marc Laidlaw","Stephen Bahl"]},{"category":"Entertainment: Video Games","type":"multiple","difficulty":"easy","question":"Which game did NOT get financed via Crowdfunding?","correct_answer":"Enter the Gungeon","incorrect_answers":["Town of Salem","Undertale","Tower Unite"]},{"category":"Entertainment: Video Games","type":"multiple","difficulty":"easy","question":"Who is the protagonist in the game &quot;The Walking Dead: Season One&quot;?","correct_answer":"Lee Everett","incorrect_answers":["Clementine","Kenny","Rick Grimes"]},{"category":"Entertainment: Video Games","type":"multiple","difficulty":"easy","question":"Who made Garry&#039;s Mod?","correct_answer":"Garry Newman","incorrect_answers":["Randy Newman","Facepunch Studios","Gabe Newell"]},{"category":"Entertainment: Cartoon & Animations","type":"multiple","difficulty":"easy","question":"Which of these is NOT a Disney cartoon character?","correct_answer":"Daffy Duck","incorrect_answers":["Donald Duck","Daisy Duck","Scrooge McDuck"]},{"category":"Entertainment: Music","type":"multiple","difficulty":"medium","question":"Which of these is NOT the name of an album released by American rapper Viper?","correct_answer":"The Life of Pablo","incorrect_answers":["Kill Urself My Man","You&#039;ll Cowards Don&#039;t Even Smoke Crack","Yo Wife Handcuffin&#039; Me"]},{"category":"Entertainment: Video Games","type":"multiple","difficulty":"easy","question":"In what year was the game &quot;Fallout&quot; released?","correct_answer":"1997","incorrect_answers":["1998","1999","1996"]},{"category":"Entertainment: Film","type":"multiple","difficulty":"easy","question":"Which movie includes a giant bunny-like spirit who has magic powers including growing trees?","correct_answer":"My Neighbor Totoro","incorrect_answers":["Hop","Rise of the Guardians","Alice in Wonderland"]},{"category":"Vehicles","type":"multiple","difficulty":"easy","question":"What UK Train does NOT go over 125MPH?","correct_answer":"Sprinter","incorrect_answers":["Class 43","Javelin","Pendolino"]},{"category":"General Knowledge","type":"boolean","difficulty":"medium","question":"You are allowed to sell your soul on eBay.","correct_answer":"False","incorrect_answers":["True"]},{"category":"Entertainment: Video Games","type":"multiple","difficulty":"easy","question":"In the game &quot;Overwatch,&quot; what are the names of the two Australian criminals from the Junkers faction?","correct_answer":"Junkrat and Roadhog","incorrect_answers":["Roadrat and Junkhog","Ana and Pharah","McCree and Deadeye"]},{"category":"Entertainment: Film","type":"boolean","difficulty":"easy","question":"Shaquille O&#039;Neal appeared in the 1997 film &quot;Space Jam&quot;.","correct_answer":"False","incorrect_answers":["True"]},{"category":"Entertainment: Video Games","type":"boolean","difficulty":"easy","question":"Solid Snake is actually a clone from the DNA of Big Boss in the Metal Gear Solid series&#039; history.","correct_answer":"True","incorrect_answers":["False"]},{"category":"History","type":"multiple","difficulty":"medium","question":"Against which country did the Dutch Republic fight the Eighty Years&#039; War?","correct_answer":"Spain","incorrect_answers":["France","England","Portugal"]},{"category":"Entertainment: Video Games","type":"multiple","difficulty":"medium","question":"Which of the following games in the Anno series introduced the &quot;Eco Balance&quot; gameplay mechanic?","correct_answer":"Anno 2070","incorrect_answers":["Anno 1404","Anno 2205"," Anno 1701"]},{"category":"Entertainment: Music","type":"multiple","difficulty":"medium","question":"Which country does the electronic music duo &quot;The Knife&quot; originate from?","correct_answer":"Sweden","incorrect_answers":["Finland","Denmark","Norway"]},{"category":"Entertainment: Video Games","type":"boolean","difficulty":"easy","question":"The names of Tom Nook&#039;s cousins in the Animal Crossing franchise are named &quot;Timmy&quot; and &quot;Jimmy&quot;.","correct_answer":"False","incorrect_answers":["True"]},{"category":"Entertainment: Video Games","type":"multiple","difficulty":"hard","question":"Which of these Pok&eacute;mon cannot learn Surf?","correct_answer":"Arbok","incorrect_answers":["Linoone","Tauros","Nidoking"]},{"category":"Entertainment: Music","type":"multiple","difficulty":"medium","question":"Which of these bands is the oldest?","correct_answer":"Pink Floyd","incorrect_answers":["AC\/DC","Metallica","Red Hot Chili Peppers"]},{"category":"Entertainment: Japanese Anime & Manga","type":"multiple","difficulty":"medium","question":"Which of the following anime of the mecha genre began airing in 1982?","correct_answer":"The Super Dimension Fortress Macross","incorrect_answers":["Mobile Suit Gundam","Armored Trooper VOTOMS","Neon Genesis Evangelion"]},{"category":"Entertainment: Television","type":"multiple","difficulty":"hard","question":"Which of these in the Star Trek series is NOT Klingon food?","correct_answer":"Hors d&#039;oeuvre","incorrect_answers":["Racht","Gagh","Bloodwine"]},{"category":"Art","type":"multiple","difficulty":"hard","question":"Which of these is not an additional variation of the color purple?","correct_answer":"Kobicha","incorrect_answers":["Byzantium","Pomp and Power","Palatinate"]},{"category":"Entertainment: Video Games","type":"multiple","difficulty":"hard","question":"In the &quot;Devil May Cry&quot; franchise, which game is chronologically first?","correct_answer":"Devil May Cry 3: Dante&#039;s Awakening ","incorrect_answers":["Devil May Cry 4","Devil May Cry","Devil May Cry 2"]},{"category":"Entertainment: Video Games","type":"multiple","difficulty":"medium","question":"What is not a playable race in &quot;Final Fantasy XIV: A Realm Reborn&quot;?","correct_answer":"Hume","incorrect_answers":["Miqo&#039;te","Lalafell","Roegadyn"]},{"category":"Entertainment: Video Games","type":"multiple","difficulty":"easy","question":"In which mall does &quot;Dead Rising&quot; take place?","correct_answer":"Willamette Parkview Mall","incorrect_answers":["Liberty Mall","Twin Pines Mall","Central Square Shopping Center"]},{"category":"Sports","type":"multiple","difficulty":"medium","question":"What year was hockey legend Wayne Gretzky born?","correct_answer":"1961","incorrect_answers":["1965","1959","1963"]},{"category":"History","type":"multiple","difficulty":"medium","question":"How many years did the Hundred Years&#039; War last?","correct_answer":"116","incorrect_answers":["100","90","101"]},{"category":"Entertainment: Video Games","type":"multiple","difficulty":"medium","question":"In the &quot;Portal&quot; series, who was Cave Johnson&#039;s personal assistant?","correct_answer":"Caroline","incorrect_answers":["Heather","Melissa","Jane"]},{"category":"Entertainment: Music","type":"multiple","difficulty":"easy","question":"Which group performs the song &quot;Crash into Me&quot;?","correct_answer":"Dave Matthews Band","incorrect_answers":["Phish","The Grateful Dead","Destiny&#039;s Child"]},{"category":"Geography","type":"multiple","difficulty":"hard","question":"Into which basin does the Jordan River flow into?","correct_answer":"Dead Sea","incorrect_answers":["Aral Sea","Caspian Sea","Salton Sea"]},{"category":"Entertainment: Video Games","type":"multiple","difficulty":"easy","question":"In the original Spyro game who is the first villain?","correct_answer":"Gnasty Gnorc","incorrect_answers":["Ripto","Sorceress","Cynder"]},{"category":"Entertainment: Film","type":"multiple","difficulty":"medium","question":"Which actor and martial artist starred as Colonel Guile in the 1994 action film adaptation of Street Fighter?","correct_answer":"Jean-Claude Van Damme","incorrect_answers":["Chuck Norris","Steven Seagal","Scott Adkins"]},{"category":"Entertainment: Cartoon & Animations","type":"multiple","difficulty":"hard","question":"Townsend Coleman provided the voice for which turtle in the original 1987 series of &quot;Teenage Mutant Ninja Turtles&quot;?","correct_answer":"Michelangelo","incorrect_answers":["Leonardo","Donatello","Raphael"]},{"category":"Entertainment: Japanese Anime & Manga","type":"multiple","difficulty":"medium","question":"In &quot;Love Live: School Idol Project&quot; what pseudonym does Kotori Minami use in her job as a maid?","correct_answer":"Minalinsky","incorrect_answers":["Stanoytchev","Kuznetsov","Aqours"]},{"category":"Entertainment: Japanese Anime & Manga","type":"multiple","difficulty":"medium","question":"Who is the main character in One Piece?","correct_answer":"Luffy","incorrect_answers":["Shanks","Zoro","Smoker"]},{"category":"History","type":"multiple","difficulty":"medium","question":"During which American Civil War campaign did Union troops dig a tunnel beneath Confederate troops to detonate explosives underneath them?","correct_answer":"Siege of Petersburg","incorrect_answers":["Siege of Vicksburg","Antietam Campaign","Gettysburg Campagin"]},{"category":"Entertainment: Film","type":"multiple","difficulty":"medium","question":"After India, which country produces the second most movies per year?","correct_answer":"Nigeria","incorrect_answers":["United States","China","France"]},{"category":"History","type":"multiple","difficulty":"medium","question":"Which of these facilities was not present on the Titanic?","correct_answer":"Fainting room","incorrect_answers":["Turkish bath","Kennel","Squash court"]},{"category":"Entertainment: Video Games","type":"multiple","difficulty":"easy","question":"In the &quot;Metal Gear Solid&quot; series, what&#039;s the name of Solid Snake&#039;s brother?","correct_answer":"Liquid Snake","incorrect_answers":["Kulus Snake","Billy Snake","Gilur Snake"]},{"category":"Entertainment: Music","type":"multiple","difficulty":"easy","question":"Which year was the album &quot;Year of the Snitch&quot; by Death Grips released?","correct_answer":"2018","incorrect_answers":["2013","2017","2011"]},{"category":"Entertainment: Film","type":"multiple","difficulty":"easy","question":"The 1996 film &#039;Fargo&#039; is primarily set in which US state?","correct_answer":"Minnesota","incorrect_answers":["North Dakota","South Dakota","Wisconsin"]}]}