{"response_code":0,"results":[{"category":"Geography","type":"multiple","difficulty":"medium","question":"What is the capital of Peru?","correct_answer":"Lima","incorrect_answers":["Santiago","Montevideo","Buenos Aires"]},{"category":"Entertainment: Music","type":"multiple","difficulty":"medium","question":"According to a Beatles song, who kept her face in a jar by the door?","correct_answer":"Eleanor Rigby","incorrect_answers":["Loretta Martin","Molly Jones","Lady Madonna"]},{"category":"Art","type":"multiple","difficulty":"medium","question":"Which artist&rsquo;s studio was known as &#039;The Factory&#039;?","correct_answer":"Andy Warhol","incorrect_answers":["Roy Lichtenstein","David Hockney","Peter Blake"]},{"category":"Celebrities","type":"multiple","difficulty":"easy","question":"By what name is Carlos Estevez better known? ","correct_answer":"Charlie Sheen","incorrect_answers":["Ricky Martin","Bruno Mars","Joaquin Phoenix"]},{"category":"General Knowledge","type":"boolean","difficulty":"hard","question":"This is the correct spelling of &quot;Supercalifragilisticexpialidocious&quot;.","correct_answer":"True","incorrect_answers":["False"]},{"category":"General Knowledge","type":"multiple","difficulty":"hard","question":"The words &quot;bungalow&quot; and &quot;shampoo&quot; originate from the languages of which country?","correct_answer":"India","incorrect_answers":["Papua New Guinea","Ethiopia","China"]},{"category":"Geography","type":"multiple","difficulty":"easy","question":"Which of the following former Yugoslavian states is landlocked?","correct_answer":"Serbia","incorrect_answers":["Bosnia and Herzegovina","Montenegro","Croatia"]},{"category":"Geography","type":"boolean","difficulty":"medium","question":"The longest place named in the United States is Lake Chargoggagoggmanchauggagoggchaubunagungamaugg, located near Webster, MA.","correct_answer":"True","incorrect_answers":["False"]},{"category":"Entertainment: Music","type":"multiple","difficulty":"medium","question":"Which song is not by TheFatRat?","correct_answer":"Ascent","incorrect_answers":["Monody","Windfall","Infinite Power!"]},{"category":"Sports","type":"multiple","difficulty":"easy","question":"Which country has hosted the 2018 FIFA World Cup?","correct_answer":"Russia","incorrect_answers":["Germany","United States","Saudi Arabia"]},{"category":"Animals","type":"multiple","difficulty":"medium","question":"For what reason would a spotted hyena &quot;laugh&quot;?","correct_answer":"Nervousness","incorrect_answers":["Excitement","Aggression","Exhaustion"]},{"category":"Science & Nature","type":"multiple","difficulty":"medium","question":"What is the atomic number of the element Strontium?","correct_answer":"38","incorrect_answers":["73","47","11"]},{"category":"General Knowledge","type":"multiple","difficulty":"hard","question":"The Swedish word &quot;Grunka&quot; means what in English?","correct_answer":"Thing","incorrect_answers":["People","Place","Pineapple"]},{"category":"Entertainment: Video Games","type":"multiple","difficulty":"medium","question":"Who is the protagonist of the videogame &quot;Dead Rising 2&quot;?","correct_answer":"Chuck Greene","incorrect_answers":["Nick Ramos","Frank West","Katie Greene"]},{"category":"Animals","type":"multiple","difficulty":"medium","question":"Which animal was part of an Russian domestication experiment in 1959?","correct_answer":"Foxes","incorrect_answers":["Pigeons","Bears","Alligators"]},{"category":"Entertainment: Music","type":"multiple","difficulty":"medium","question":"What is the name of the 2016 studio album by the French electronic music duo Justice?","correct_answer":"Woman","incorrect_answers":["Randy","Safe and Sound","Pleasure"]},{"category":"Entertainment: Video Games","type":"multiple","difficulty":"medium","question":"Which of these is NOT a game under the Worms series?","correct_answer":"Major Malfunction","incorrect_answers":["Crazy Golf","Clan Wars","Ultimate Mayhem"]},{"category":"Entertainment: Japanese Anime & Manga","type":"multiple","difficulty":"hard","question":"Which song was the callsign for Stefan Verdemann&#039;s KWFM radio station in Urasawa Naoki&#039;s &quot;Monster&quot;?","correct_answer":"Over the Rainbow","incorrect_answers":["What a Wonderful World","When You Wish Upon A Star","Singing In The Rain"]},{"category":"Entertainment: Music","type":"boolean","difficulty":"easy","question":"The alternative rock band, They Might Be Giants, released their album &#039;Flood&#039; in 1990. ","correct_answer":"True","incorrect_answers":["False"]},{"category":"Entertainment: Video Games","type":"multiple","difficulty":"hard","question":"What was the world&#039;s first handheld game device?","correct_answer":"Mattel Auto Race","incorrect_answers":["Game Boy","Microvision","Game &amp; Watch"]},{"category":"Entertainment: Video Games","type":"multiple","difficulty":"easy","question":"Which of the following characters is NOT a female marriage candidate in the game Stardew Valley?","correct_answer":"Caroline","incorrect_answers":["Abigail","Haley","Leah"]},{"category":"Entertainment: Video Games","type":"multiple","difficulty":"easy","question":"Which of the following was NOT a playable character in the game Kingdom Hearts: Birth by Sleep?","correct_answer":"Ignis","incorrect_answers":["Ventus","Terra","Aqua"]},{"category":"Entertainment: Board Games","type":"multiple","difficulty":"hard","question":"How many rooms are there, not including the hallways and the set of stairs, in the board game &quot;Clue&quot;?","correct_answer":"9","incorrect_answers":["1","6","10"]},{"category":"Entertainment: Books","type":"multiple","difficulty":"medium","question":"What is the name of the gang that Ponyboy is a part of in the book, The Outsiders?","correct_answer":"The Greasers","incorrect_answers":["The Outsiders","The Mafia","The Socs"]},{"category":"Vehicles","type":"multiple","difficulty":"easy","question":"The LS3 engine is how many cubic inches?","correct_answer":"376","incorrect_answers":["346","364","427"]},{"category":"Entertainment: Video Games","type":"multiple","difficulty":"hard","question":"According to the lore of &quot;Starbound&quot;, what does the &quot;Colony Deed&quot; do when it is placed down?","correct_answer":"Sends out an advertisement for someone to move in.","incorrect_answers":["Teleports somebody from somewhere on the planet it is placed.","Teleports a random person to the location.","Materializes a new being at it&#039;s location."]},{"category":"Entertainment: Music","type":"multiple","difficulty":"medium","question":"What is rapper Drake&#039;s real name?","correct_answer":"Aubrey Graham","incorrect_answers":["Shaun Carter","Dwayne Carter","Andre Young"]},{"category":"Entertainment: Film","type":"multiple","difficulty":"medium","question":"Which documentary film maker wrote and starred in the film &quot;My Scientology Movie&quot; which first debuted in 2015?","correct_answer":"Louis Theroux","incorrect_answers":["Errol Morris","Joe Berlinger","Adam Curtis"]},{"category":"Entertainment: Video Games","type":"multiple","difficulty":"hard","question":"In &quot;Magicka&quot;, which two elements are combined to cast the spell, &quot;Nullify&quot;?","correct_answer":"Arcane + Shield","incorrect_answers":["Lightning + Shield","Lightning + Life","Arcane + Life"]},{"category":"Entertainment: Music","type":"boolean","difficulty":"easy","question":"Michael Jackson wrote The Simpsons song &quot;Do the Bartman&quot;.","correct_answer":"False","incorrect_answers":["True"]},{"category":"Entertainment: Video Games","type":"multiple","difficulty":"easy","question":"What is the name of the main protagonist in &quot;Xenoblade Chronicles&quot;?","correct_answer":"Shulk","incorrect_answers":["Reyn","Fiora","Dunban"]},{"category":"Entertainment: Books","type":"multiple","difficulty":"medium","question":"What is the name of Eragon&#039;s dragon in &quot;Eragon&quot;?","correct_answer":"Saphira","incorrect_answers":["Glaedr","Thorn","Arya"]},{"category":"Entertainment: Music","type":"multiple","difficulty":"easy","question":"What is the frontman&#039;s name of the metal band Megadeth?","correct_answer":"Dave Mustaine","incorrect_answers":["Rob Halford","Vince Neil","James Hetfield"]},{"category":"History","type":"multiple","difficulty":"medium","question":"Which of the following Presidents of the United States was assassinated?","correct_answer":"William McKinley","incorrect_answers":["Lyndon Johnson","Chester Arthur","Franklin Roosevelt"]},{"category":"Science: Computers","type":"multiple","difficulty":"medium","question":"What does RAID stand for?","correct_answer":"Redundant Array of Independent Disks","incorrect_answers":["Rapid Access for Indexed Devices","Range of Applications with Identical Designs","Randomized Abstract Identification Description"]},{"category":"Art","type":"multiple","difficulty":"easy","question":"Which Van Gogh painting depicts the view from his asylum in Saint-R&eacute;my-de-Provence in southern France?","correct_answer":"The Starry Night","incorrect_answers":["Wheatfields with Crows","The Sower with Setting Sun","The Church at Auvers"]},{"category":"Entertainment: Board Games","type":"multiple","difficulty":"hard","question":"What is the sum of all the tiles in a standard box of Scrabble?","correct_answer":"187","incorrect_answers":["207","197","177"]},{"category":"Entertainment: Music","type":"boolean","difficulty":"hard","question":"The singer Billie Holiday was also known as &quot;Lady Day&quot;.","correct_answer":"True","incorrect_answers":["False"]},{"category":"Geography","type":"multiple","difficulty":"medium","question":"Frankenmuth, a US city nicknamed &quot;Little Bavaria&quot;, is located in what state?","correct_answer":"Michigan","incorrect_answers":["Pennsylvania","Kentucky","Virginia"]},{"category":"Entertainment: Television","type":"multiple","difficulty":"easy","question":"What TV show is about a grandfather dragging his grandson around on adventures?","correct_answer":"Rick &amp; Morty","incorrect_answers":["Family Guy","South Park","American Dad"]},{"category":"Entertainment: Video Games","type":"multiple","difficulty":"medium","question":"In Overwatch, what is L&uacute;cio&#039;s full name?","correct_answer":"L&uacute;cio Correia Dos Santos","incorrect_answers":["L&uacute;cio Luiz L&oacute;s Guilherme","L&uacute;cio Jo&atilde;o Lucas","L&uacute;cio Chupar Prima"]},{"category":"Entertainment: Japanese Anime & Manga","type":"multiple","difficulty":"medium","question":"Which of these is not a world in the anime &quot;Buddyfight&quot;?","correct_answer":"Ancient Dragon World","incorrect_answers":["Dragon World","Star Dragon World","Darkness Dragon World"]},{"category":"Entertainment: Video Games","type":"multiple","difficulty":"hard","question":"Which of these characters from Final Fantasy VIII primarily spoke in one word sentences?","correct_answer":"Fujin","incorrect_answers":["Raijin","Seifer","Zell"]},{"category":"Entertainment: Video Games","type":"multiple","difficulty":"medium","question":"In the 2000 video game &quot;Crimson Skies,&quot; what was the name of the protagonists&#039; zeppelin?","correct_answer":"Pandora","incorrect_answers":["Helios","Icarus","Orion"]},{"category":"Geography","type":"multiple","difficulty":"easy","question":"The longest shared border in the world can be found between which two nations?","correct_answer":"Canada and the United States","incorrect_answers":["Chile and Argentina","Russia and China","India and Pakistan"]},{"category":"History","type":"multiple","difficulty":"hard","question":"The Bohemian Revolt (1618-1620) started after Protestants in Prague did what to their Catholic Lords Regents?","correct_answer":"Threw them out of a window","incorrect_answers":["Insulted their mothers","Locked them in stockades","Hung them."]},{"category":"Science & Nature","type":"multiple","difficulty":"hard","question":"Which of the following elements is typically used in the doping of the semiconductor silicon?","correct_answer":"Boron","incorrect_answers":["Oxygen","Carbon","Iron"]},{"category":"Science: Computers","type":"boolean","difficulty":"easy","question":"The Python programming language gets its name from the British comedy group &quot;Monty Python.&quot;","correct_answer":"True","incorrect_answers":["False"]},{"category":"Entertainment: Video Games","type":"multiple","difficulty":"easy","question":"Which of these covert groups employs Sam Fisher to work as a Splinter Cell?","correct_answer":"Third Echelon","incorrect_answers":["Voron","Black Arrow","The Engineers"]},{"category":"Entertainment: Film","type":"multiple","difficulty":"medium","question":"In Star Wars, what&#039;s the name of the new Government created after the defeat of the Galactic Empire?","correct_answer":"The New Republic","incorrect_answers":["The Rebel Alliance","The Crimson Dawn","The First Order"]}]}