{"response_code":0,"results":[{"category":"Entertainment: Music","type":"multiple","difficulty":"medium","question":"Who had a 1973 hit with the song &#039;Hocus Pocus&#039;?","correct_answer":"Focus","incorrect_answers":["Pilot","Rush","AC\/DC"]},{"category":"Science: Computers","type":"multiple","difficulty":"easy","question":"In any programming language, what is the most common way to iterate through an array?","correct_answer":"&#039;For&#039; loops","incorrect_answers":["&#039;If&#039; Statements","&#039;Do-while&#039; loops","&#039;While&#039; loops"]},{"category":"History","type":"boolean","difficulty":"easy","question":"The Tiananmen Square protests of 1989 were held in Hong Kong.","correct_answer":"False","incorrect_answers":["True"]},{"category":"Entertainment: Music","type":"boolean","difficulty":"medium","question":"The cover of The Beatles album &quot;Abbey Road&quot; featured a Volkswagen Beetle in the background.","correct_answer":"True","incorrect_answers":["False"]},{"category":"History","type":"multiple","difficulty":"easy","question":"In what year did the Wall Street Crash take place?","correct_answer":"1929","incorrect_answers":["1932","1930","1925"]},{"category":"Politics","type":"multiple","difficulty":"medium","question":"Who was the 40th President of the USA?","correct_answer":"Ronald Reagan","incorrect_answers":["Jimmy Carter","Bill Clinton","Richard Nixon"]},{"category":"Art","type":"multiple","difficulty":"medium","question":"What nationality was the surrealist painter Salvador Dali?","correct_answer":"Spanish","incorrect_answers":["Italian","French","Portuguese"]},{"category":"Science: Computers","type":"multiple","difficulty":"medium","question":"On which computer hardware device is the BIOS chip located?","correct_answer":"Motherboard","incorrect_answers":["Hard Disk Drive","Central Processing Unit","Graphics Processing Unit"]},{"category":"Entertainment: Video Games","type":"multiple","difficulty":"easy","question":"What is the main ship used by Commander Shepard in the Mass Effect Franchise called?","correct_answer":"Normandy","incorrect_answers":["Osiris","Infinity","Endeavour"]},{"category":"Entertainment: Music","type":"multiple","difficulty":"medium","question":"Irish musician Hozier released a music track in 2013 titled, &quot;Take Me to ______&quot;","correct_answer":"Church","incorrect_answers":["Mosque","Synagogue","Temple"]},{"category":"Geography","type":"multiple","difficulty":"medium","question":"All of the following are towns\/villages in the Pacific Island nation of Kiribati EXCEPT:","correct_answer":"Urutora","incorrect_answers":["Rungata","London","Washington"]},{"category":"Entertainment: Music","type":"multiple","difficulty":"easy","question":"Which famous rapper is featured in Jack &Uuml; (Skrillex and Diplo)&#039;s 2015 single called &quot;Febreze&quot;?","correct_answer":"2 Chainz","incorrect_answers":["Kendrick Lamar","Future","Fatman Scoop"]},{"category":"Entertainment: Cartoon & Animations","type":"multiple","difficulty":"medium","question":"What year was the Disney film &quot;A Goofy Movie&quot; released?","correct_answer":"1995","incorrect_answers":["1999","2001","1997"]},{"category":"Science & Nature","type":"multiple","difficulty":"hard","question":"Which is not a type of neuron?","correct_answer":"Perceptual Neuron","incorrect_answers":["Sensory Neuron","Motor Neuron","Interneuron"]},{"category":"Sports","type":"multiple","difficulty":"medium","question":"Which team was the 2015-2016 NBA Champions?","correct_answer":"Cleveland Cavaliers","incorrect_answers":["Golden State Warriors","Toronto Raptors","Oklahoma City Thunders"]},{"category":"Science: Computers","type":"boolean","difficulty":"easy","question":"&quot;HTML&quot; stands for Hypertext Markup Language.","correct_answer":"True","incorrect_answers":["False"]},{"category":"Science: Computers","type":"boolean","difficulty":"easy","question":"In most programming languages, the operator ++ is equivalent to the statement &quot;+= 1&quot;.","correct_answer":"True","incorrect_answers":["False"]},{"category":"Entertainment: Video Games","type":"multiple","difficulty":"hard","question":"What&#039;s the name of the halloween-related Sims 4 Stuff Pack released September 29th, 2015?","correct_answer":"Spooky Stuff","incorrect_answers":["Ghosts n&#039; Ghouls","Nerving Nights","Fearful Frights"]},{"category":"Science: Computers","type":"boolean","difficulty":"easy","question":"The NVidia GTX 1080 gets its name because it can only render at a 1920x1080 screen resolution.","correct_answer":"False","incorrect_answers":["True"]},{"category":"Celebrities","type":"multiple","difficulty":"easy","question":"Aubrey Graham is better known as","correct_answer":"Drake","incorrect_answers":["Travis Scott","Lil Wayne","2 Chainz"]},{"category":"Entertainment: Video Games","type":"multiple","difficulty":"easy","question":"What does Solid Snake use to hide himself with?","correct_answer":"Cardboard Box","incorrect_answers":["Cloaking Device","Metal Crate","Cardboard cut-out"]},{"category":"History","type":"multiple","difficulty":"medium","question":"In what year did the First World War end?","correct_answer":"1918","incorrect_answers":["1914","1916","1912"]},{"category":"Entertainment: Film","type":"multiple","difficulty":"medium","question":"What was the name of the protagonist in the movie Commando (1985)?","correct_answer":"John Matrix","incorrect_answers":["Ben Richards","Douglas Quaid","Harry Tasker"]},{"category":"Entertainment: Video Games","type":"boolean","difficulty":"easy","question":"In Pok&eacute;mon, Arbok evolves into Seviper.","correct_answer":"False","incorrect_answers":["True"]},{"category":"Entertainment: Japanese Anime & Manga","type":"boolean","difficulty":"hard","question":"Druid is a mage class in &quot;Log Horizon&quot;.","correct_answer":"False","incorrect_answers":["True"]},{"category":"History","type":"multiple","difficulty":"medium","question":"In which years did the Battle of Gallipoli take place?","correct_answer":"1915 - 1916","incorrect_answers":["1914 - 1918","1914 - 1915","1915 - 1918"]},{"category":"Entertainment: Television","type":"boolean","difficulty":"medium","question":"In &quot;Star Trek&quot;, Klingons are commonly referred to as &quot;Black Elves&quot;.","correct_answer":"False","incorrect_answers":["True"]},{"category":"General Knowledge","type":"multiple","difficulty":"medium","question":"What is a Burgee?","correct_answer":"A flag","incorrect_answers":["A rope","A window","A type of food"]},{"category":"Entertainment: Video Games","type":"boolean","difficulty":"easy","question":"Activision created Battlefield 1.","correct_answer":"False","incorrect_answers":["True"]},{"category":"Entertainment: Music","type":"multiple","difficulty":"hard","question":"What was the name of the cold-war singer who has a song in Grand Theft Auto IV, and a wall landmark in Moscow for his memorial?","correct_answer":"Viktor Tsoi","incorrect_answers":["Jimi Hendrix","Brian Jones","Vladimir Vysotsky"]},{"category":"Entertainment: Video Games","type":"multiple","difficulty":"medium","question":"What is the name of the protagonist&#039;s first Persona in &quot;Persona 5&quot;?","correct_answer":"Arsene","incorrect_answers":["Mara","Izanagi","Sandaphlon"]},{"category":"Entertainment: Board Games","type":"multiple","difficulty":"hard","question":"Some of the &quot;Fallen Empires&quot; cards from &quot;Magic: The Gathering&quot; were misprinted on the backs of which other card game?","correct_answer":"Wyvern","incorrect_answers":["Pokemon","Dominion","Yu-Gi-Oh"]},{"category":"Entertainment: Film","type":"multiple","difficulty":"easy","question":"In Big Hero 6, what fictional city is the Big Hero 6 from?","correct_answer":"San Fransokyo","incorrect_answers":["San Tokyo","Tokysisco","Sankyo"]},{"category":"Science & Nature","type":"multiple","difficulty":"medium","question":"Down Syndrome is usually caused by an extra copy of which chromosome?","correct_answer":"21","incorrect_answers":["23","15","24"]},{"category":"Entertainment: Music","type":"multiple","difficulty":"medium","question":"Which of these Johns was murdered by gunshots outside the Dakota in New York in 1980?","correct_answer":"John Lennon","incorrect_answers":["Johnny Thunders","John Denver","John Cascella"]},{"category":"Entertainment: Cartoon & Animations","type":"multiple","difficulty":"hard","question":"What was the name of Jonny&#039;s pet dog in The Adventures of Jonny Quest?","correct_answer":"Bandit","incorrect_answers":["Lucky","Rocky","Max"]},{"category":"Science: Mathematics","type":"boolean","difficulty":"easy","question":"An isosceles triangle has two sides of equal length as opposed to three.","correct_answer":"True","incorrect_answers":["False"]},{"category":"Geography","type":"boolean","difficulty":"medium","question":"The title of the 1969 film &quot;Krakatoa, East_of Java&quot; is incorrect, as Krakatoa is in fact west of Java.","correct_answer":"True","incorrect_answers":["False"]},{"category":"Art","type":"multiple","difficulty":"easy","question":"Which painting was not made by Vincent Van Gogh?","correct_answer":"The Ninth Wave","incorrect_answers":["Caf&eacute; Terrace at Night","Bedroom In Arles","Starry Night"]},{"category":"General Knowledge","type":"multiple","difficulty":"medium","question":"What is the highest number of Michelin stars a restaurant can receive?","correct_answer":"Three","incorrect_answers":["Four","Five","Six"]},{"category":"History","type":"multiple","difficulty":"easy","question":"On what street did the 1666 Great Fire of London start?","correct_answer":"Pudding Lane","incorrect_answers":["Baker Street","Houses of Parliament","St Paul&#039;s Cathedral"]},{"category":"Entertainment: Music","type":"multiple","difficulty":"easy","question":"Which music publication is often abbreviated to NME?","correct_answer":"New Musical Express","incorrect_answers":["New Metro Entertainment","Next Musical Enterprise","North Manchester Express"]},{"category":"Entertainment: Video Games","type":"multiple","difficulty":"medium","question":"In the MMO RPG &quot;Realm of the Mad God&quot;, what class is known for having the highest possible defense?","correct_answer":"The Knight","incorrect_answers":["The Wizard","The Archer","The Warrior"]},{"category":"Entertainment: Music","type":"multiple","difficulty":"medium","question":"What album did Gorillaz release in 2017?","correct_answer":"Humanz","incorrect_answers":["Plastic Beach","The Fall","Demon Days"]},{"category":"Geography","type":"multiple","difficulty":"medium","question":"Which of these Japanese islands is the largest by area?","correct_answer":"Shikoku","incorrect_answers":["Iki","Odaiba","Okinawa"]},{"category":"History","type":"multiple","difficulty":"hard","question":"Which of the following physicists did NOT work on the Manhattan project?","correct_answer":"Murray Gell-Mann","incorrect_answers":["Richard Feynman","J. Robert Oppenheimer","John Von-Neumann"]},{"category":"Entertainment: Video Games","type":"boolean","difficulty":"medium","question":"The game Garry&#039;s Mod originally took assets and codes from the popular Half Life 2 mod JBmod.","correct_answer":"True","incorrect_answers":["False"]},{"category":"History","type":"multiple","difficulty":"hard","question":"Which country did the Eureka Rebellion, an 1856 battle against colonial rule, take place in?","correct_answer":"Australia","incorrect_answers":["India","Canada","Brazil"]},{"category":"Entertainment: Video Games","type":"multiple","difficulty":"hard","question":"In the 2014 Pokemon VGC Finals, which Pokemon was famous for bringing the winner to victory?","correct_answer":"Pachirisu","incorrect_answers":["Garchomp","Lapras","Primal Groudon"]},{"category":"Entertainment: Video Games","type":"multiple","difficulty":"easy","question":"In the Assassin&#039;s Creed series,what was the name of Desmond Miles given by Abstergo?","correct_answer":"Subject 17","incorrect_answers":["Subject 16","Subject 18","Alta&iuml;r Ibn-La&#039;Ahad"]}]}