{"response_code":0,"results":[{"category":"Entertainment: Video Games","type":"multiple","difficulty":"medium","question":"Which company developed the video game &quot;Borderlands&quot;?","correct_answer":"Gearbox Software","incorrect_answers":["2K Games","Activision","Rockstar Games"]},{"category":"Entertainment: Video Games","type":"multiple","difficulty":"easy","question":"Who&#039;s the voice actor for Thrall in the Warcraft game series?","correct_answer":"Chris Metzen","incorrect_answers":["Ben Affleck","Jason Derulo","Jim Carrey"]},{"category":"Entertainment: Video Games","type":"multiple","difficulty":"hard","question":"What was the name of the hero in the 80s animated video game &#039;Dragon&#039;s Lair&#039;?","correct_answer":"Dirk the Daring","incorrect_answers":["Arthur","Sir Toby Belch","Guy of Gisbourne"]},{"category":"Science & Nature","type":"multiple","difficulty":"easy","question":"Which is the longest bone in the human body? ","correct_answer":"Femur","incorrect_answers":["Scapula","Fibula","Ulna"]},{"category":"History","type":"multiple","difficulty":"medium","question":" What Russian automatic gas-operated assault rifle was developed in the Soviet Union in 1947, and is still popularly used today?","correct_answer":"AK-47","incorrect_answers":["RPK","M16","MG 42"]},{"category":"Entertainment: Video Games","type":"multiple","difficulty":"easy","question":"What was the first video game in the Batman &quot;Arkham&quot; series?","correct_answer":"Arkham Asylum","incorrect_answers":["Arkham Knight","Arkham City","Arkham Origins"]},{"category":"History","type":"boolean","difficulty":"medium","question":"&quot;I disapprove of what you say, but I will defend to the death your right to say it&quot; is a quote from French philosopher Voltaire.","correct_answer":"False","incorrect_answers":["True"]},{"category":"Entertainment: Board Games","type":"multiple","difficulty":"medium","question":"Who is the main character in the VHS tape included in the board game Nightmare?","correct_answer":"The Gatekeeper","incorrect_answers":["The Kryptkeeper","The Monster","The Nightmare"]},{"category":"Entertainment: Music","type":"multiple","difficulty":"easy","question":"Which brass instrument has the lowest pitch in an orchestra?","correct_answer":"Tuba","incorrect_answers":["Trumpet","Saxophone","Trombone"]},{"category":"Entertainment: Video Games","type":"multiple","difficulty":"medium","question":"In Fallout 4, which type of power armor is first encountered in the early mission &quot;When Freedom Calls&quot; in a crashed Vertibird?","correct_answer":"T-45","incorrect_answers":["T-51","T-60","X-01"]},{"category":"Animals","type":"boolean","difficulty":"easy","question":"Rabbits are rodents.","correct_answer":"False","incorrect_answers":["True"]},{"category":"Science & Nature","type":"multiple","difficulty":"medium","question":"In Chemistry, how many isomers does Butanol (C4H9OH) have?","correct_answer":"4","incorrect_answers":["3","5","6"]},{"category":"Entertainment: Video Games","type":"boolean","difficulty":"easy","question":"In Sonic the Hedgehog universe, Tails&#039; real name is Miles Prower.","correct_answer":"True","incorrect_answers":["False"]},{"category":"Entertainment: Music","type":"multiple","difficulty":"medium","question":"What is the name of the main character from the music video of &quot;Shelter&quot; by Porter Robinson and A-1 Studios?","correct_answer":"Rin","incorrect_answers":["Rem","Ren","Ram"]},{"category":"Entertainment: Video Games","type":"multiple","difficulty":"easy","question":"Who are the original creators of Rachet &amp; Clank?","correct_answer":"Insomniac Games","incorrect_answers":["PixelTail Games","Rare","Bethesda"]},{"category":"Science & Nature","type":"multiple","difficulty":"medium","question":"Deuterium is an isotope of which element?","correct_answer":"Hydrogen","incorrect_answers":["Nitrogen","Helium","Neon"]},{"category":"Geography","type":"multiple","difficulty":"hard","question":"What is the Finnish word for &quot;Finland&quot;?","correct_answer":"Suomi","incorrect_answers":["Eesti","Magyarorsz&aacute;g","Sverige"]},{"category":"Geography","type":"multiple","difficulty":"medium","question":"What is the capital of British Columbia, Canada?","correct_answer":"Victoria","incorrect_answers":["Vancouver","Hope","Kelowna"]},{"category":"Entertainment: Video Games","type":"multiple","difficulty":"easy","question":"Which Animal Crossing game was for the Nintendo Wii?","correct_answer":"Animal Crossing: City Folk","incorrect_answers":["Animal Crossing: New Leaf","Animal Crossing: Wild World","Animal Crossing: Population Growing!"]},{"category":"Celebrities","type":"multiple","difficulty":"medium","question":"Where was Kanye West born?","correct_answer":"Atlanta, Georgia","incorrect_answers":["Chicago, Illinois","Los Angeles, California","Detroit, Michigan"]},{"category":"Entertainment: Video Games","type":"multiple","difficulty":"medium","question":"In Undertale, how much do Spider Donuts cost in Hotland?","correct_answer":"9999G","incorrect_answers":["7G","40G","12G"]},{"category":"History","type":"multiple","difficulty":"medium","question":"What was the unofficial name for Germany between 1919 and 1933?","correct_answer":"Weimar Republic","incorrect_answers":["German Democratic Republic","Federal Republic of Germany","Oesterreich "]},{"category":"General Knowledge","type":"multiple","difficulty":"medium","question":"Which iconic Disneyland attraction was closed in 2017 to be remodeled as a &quot;Guardians of the Galaxy&quot; themed ride?","correct_answer":"Twilight Zone Tower of Terror","incorrect_answers":["The Haunted Mansion","Pirates of the Caribbean","Peter Pan&#039;s Flight"]},{"category":"Entertainment: Video Games","type":"boolean","difficulty":"medium","question":"In Portal, the Companion Cube&#039;s ARE sentient.","correct_answer":"True","incorrect_answers":["False"]},{"category":"Entertainment: Television","type":"boolean","difficulty":"easy","question":"In &quot;Doctor Who&quot;, the Doctor gets his TARDIS by stealing it.","correct_answer":"True","incorrect_answers":["False"]},{"category":"Entertainment: Video Games","type":"boolean","difficulty":"easy","question":"&quot;Metal Gear Solid 3: Snake Eater&quot; was released in 2004.","correct_answer":"True","incorrect_answers":["False"]},{"category":"Entertainment: Music","type":"multiple","difficulty":"medium","question":"Who was the lead singer and frontman of rock band R.E.M?","correct_answer":"Michael Stipe","incorrect_answers":["Chris Martin","Thom Yorke","George Michael"]},{"category":"Entertainment: Television","type":"multiple","difficulty":"hard","question":"In 2008, British celebrity chef Gordon Ramsay believes he almost died after suffering what accident in Iceland while filming?","correct_answer":"Slipping off a cliff, and nearly drowning in icy water","incorrect_answers":["Crash landing when arriving at Keflav&iacute;k airport","A minor car accident in a snowstorm","Being served under-cooked chicken at his hotel"]},{"category":"Entertainment: Video Games","type":"multiple","difficulty":"easy","question":"Which &quot;Call Of Duty: Zombies&quot; map introduced the &quot;Staffs Of The Ancients&quot;?","correct_answer":"Origins","incorrect_answers":["Shangri-La","Revelations","Nuketown"]},{"category":"Entertainment: Japanese Anime & Manga","type":"multiple","difficulty":"easy","question":"In &quot;To Love-Ru&quot;, Ren and Run are from what planet?","correct_answer":"Memorze","incorrect_answers":["Deviluke","Mistletoe","Okiwana"]},{"category":"Entertainment: Books","type":"multiple","difficulty":"hard","question":"In the book series &quot;Odd Thomas&quot;, Danny Jessup has what genetic disease? ","correct_answer":" Osteogenesis Imperfecta","incorrect_answers":["Spinocerebellar ataxia","Adrenoleukodystrophy","Cystic Fibrosis"]},{"category":"Entertainment: Comics","type":"multiple","difficulty":"medium","question":"Which &quot;Green Arrow&quot; sidekick commonly wears a baseball cap?","correct_answer":"Roy Harper","incorrect_answers":["Black Canary","Emiko Queen","Dick Grayson"]},{"category":"Entertainment: Video Games","type":"multiple","difficulty":"hard","question":"In Diablo lore, this lesser evil spawned from one of the seven heads of Tathamet, and was known as the Maiden of Anguish.","correct_answer":"Andariel","incorrect_answers":["Valla","Malthael","Kashya"]},{"category":"History","type":"multiple","difficulty":"medium","question":"Who was the only US President to be elected four times?","correct_answer":"Franklin Roosevelt","incorrect_answers":["Theodore Roosevelt","George Washington","Abraham Lincoln"]},{"category":"General Knowledge","type":"multiple","difficulty":"easy","question":"What is Cynophobia the fear of?","correct_answer":"Dogs","incorrect_answers":["Birds","Flying","Germs"]},{"category":"Entertainment: Video Games","type":"multiple","difficulty":"medium","question":"What character is NOT apart of the Grand Theft Auto series?","correct_answer":"Michael Cardenas","incorrect_answers":["Packie McReary","Tommy Vercetti","Lester Crest"]},{"category":"Entertainment: Music","type":"boolean","difficulty":"medium","question":"Metallica collaborated with Rowan Atkinson&#039;s Mr Bean on a 1992 comic relief single.","correct_answer":"False","incorrect_answers":["True"]},{"category":"Entertainment: Music","type":"multiple","difficulty":"medium","question":"What country did Shirley Bassey originate from?","correct_answer":"Wales","incorrect_answers":["America","England","Canada"]},{"category":"Science & Nature","type":"multiple","difficulty":"hard","question":"What physics principle relates the net electric flux out of a closed surface to the charge enclosed by that surface?","correct_answer":"Gauss&#039;s Law","incorrect_answers":["Faraday&#039;s Law","Ampere&#039;s Law","Biot-Savart Law"]},{"category":"Entertainment: Video Games","type":"multiple","difficulty":"medium","question":"Which of the following Terran units from the RTS game Starcraft was first introduced in the expansion Brood War?","correct_answer":"Medic","incorrect_answers":["Wraith","Science Vessel","SCV"]},{"category":"Sports","type":"multiple","difficulty":"easy","question":"Which two teams played in Super Bowl XLII?","correct_answer":"The New York Giants &amp; The New England Patriots","incorrect_answers":["The Green Bay Packers &amp; The Pittsburgh Steelers","The Philadelphia Eagles &amp; The New England Patriots","The Seattle Seahawks &amp; The Denver Broncos"]},{"category":"Entertainment: Japanese Anime & Manga","type":"multiple","difficulty":"medium","question":"What colour hair does the main character of the Yu-Gi-Oh! original anime series have?","correct_answer":"Red, black and yellow","incorrect_answers":["Red, yellow and green","Red, black and green","Red, purple and blue"]},{"category":"Geography","type":"boolean","difficulty":"hard","question":"Only one country in the world starts with the letter Q.","correct_answer":"True","incorrect_answers":["False"]},{"category":"Science: Mathematics","type":"multiple","difficulty":"hard","question":"Which of the following mathematicians made major contributions to game theory?","correct_answer":"John Von Neumann","incorrect_answers":["Carl Friedrich Gauss","Leonhard Euler","Stefan Banach"]},{"category":"Science & Nature","type":"multiple","difficulty":"hard","question":"What is the most potent toxin known?","correct_answer":"Botulinum toxin","incorrect_answers":["Ricin","Cyanide","Asbestos"]},{"category":"History","type":"multiple","difficulty":"medium","question":"Which Nazi General was known as the &quot;Desert Fox&quot;?","correct_answer":"Erwin Rommel","incorrect_answers":["Gerd von Rundstadt","Wilhelm Keitel","Heinz Guderian "]},{"category":"Entertainment: Comics","type":"multiple","difficulty":"medium","question":"In Bionicle, who was formerly a Av-Matoran and is now the Toa of Light?","correct_answer":"Takua","incorrect_answers":["Jaller","Vakama","Tahu"]},{"category":"Entertainment: Video Games","type":"multiple","difficulty":"easy","question":"What war is Call Of Duty: Black Ops based on?","correct_answer":"Cold War","incorrect_answers":["WW3","Vietnam","WW1"]},{"category":"Entertainment: Film","type":"multiple","difficulty":"medium","question":"Johnny Depp made his big-screen acting debut in which film?","correct_answer":"A Nightmare on Elm Street","incorrect_answers":["My Bloody Valentine","Halloween","Friday the 13th"]},{"category":"Entertainment: Video Games","type":"multiple","difficulty":"medium","question":"From the Meme Culture, which Mario game immerged &quot;Weegee&quot;?","correct_answer":"Mario is Missing! MS-DOS Version ","incorrect_answers":["Mario is Missing! SNES Version","Mario is Missing! NES Version","Mario is Missing! MSX Version"]}]}