{"response_code":0,"results":[{"category":"Entertainment: Film","type":"multiple","difficulty":"medium","question":"Which of the following is NOT a quote from the 1942 film Casablanca? ","correct_answer":"&quot;Frankly, my dear, I don&#039;t give a damn.&quot;","incorrect_answers":["&quot;Here&#039;s lookin&#039; at you, kid.&quot;","&ldquo;Of all the gin joints, in all the towns, in all the world, she walks into mine&hellip;&rdquo;","&quot;Round up the usual suspects.&quot;"]},{"category":"Entertainment: Video Games","type":"multiple","difficulty":"medium","question":"When was the Sega Genesis released in Japan?","correct_answer":"October 29, 1988","incorrect_answers":["August 14, 1989","November 30, 1990","September 1, 1986"]},{"category":"History","type":"multiple","difficulty":"easy","question":"What was William Frederick Cody better known as?","correct_answer":"Buffalo Bill","incorrect_answers":["Billy the Kid","Wild Bill Hickok","Pawnee Bill"]},{"category":"Science: Computers","type":"multiple","difficulty":"medium","question":"Which internet company began life as an online bookstore called &#039;Cadabra&#039;?","correct_answer":"Amazon","incorrect_answers":["eBay","Overstock","Shopify"]},{"category":"General Knowledge","type":"multiple","difficulty":"easy","question":"What is the first book of the Old Testament?","correct_answer":"Genesis","incorrect_answers":["Exodus","Leviticus","Numbers"]},{"category":"Geography","type":"multiple","difficulty":"hard","question":"Which of these is NOT a province in China?","correct_answer":"Yangtze","incorrect_answers":["Fujian","Sichuan","Guangdong"]},{"category":"General Knowledge","type":"boolean","difficulty":"medium","question":"The bikini is named after the &quot;Bikini Atoll&quot;, an island where the United States conducted tests on atomic bombs.","correct_answer":"True","incorrect_answers":["False"]},{"category":"Science: Computers","type":"multiple","difficulty":"medium","question":"While Apple was formed in California, in which western state was Microsoft founded?","correct_answer":"New Mexico","incorrect_answers":["Washington","Colorado","Arizona"]},{"category":"Entertainment: Video Games","type":"multiple","difficulty":"medium","question":"Which of these &quot;Worms&quot; games featured 3D gameplay?","correct_answer":"Worms 4: Mayhem","incorrect_answers":["Worms W.M.D","Worms Reloaded","Worms: Open Warfare 2"]},{"category":"Science: Gadgets","type":"boolean","difficulty":"easy","question":"The communication protocol NFC stands for Near-Field Control.","correct_answer":"False","incorrect_answers":["True"]},{"category":"Entertainment: Board Games","type":"multiple","difficulty":"medium","question":"How many points is the Z tile worth in Scrabble?","correct_answer":"10","incorrect_answers":["8","5","6"]},{"category":"Entertainment: Video Games","type":"multiple","difficulty":"easy","question":"Which of these is NOT the name of a rival gang in the video game Saint&#039;s Row 2?","correct_answer":"The Zin Empire","incorrect_answers":["The Brotherhood","The Ronin","The Sons of Samedi"]},{"category":"Entertainment: Music","type":"multiple","difficulty":"easy","question":"Brian May was the guitarist for which band?","correct_answer":"Queen","incorrect_answers":["Pink Floyd","Rolling Stones","The Doors"]},{"category":"General Knowledge","type":"multiple","difficulty":"medium","question":"What is the name given to Indian food cooked over charcoal in a clay oven?","correct_answer":"Tandoori","incorrect_answers":["Biryani","Pani puri","Tiki masala"]},{"category":"General Knowledge","type":"multiple","difficulty":"medium","question":"What is the Swedish word for &quot;window&quot;?","correct_answer":"F&ouml;nster","incorrect_answers":["H&aring;l","Sk&auml;rm","Ruta"]},{"category":"History","type":"boolean","difficulty":"easy","question":"Former United States Presidents John Adams and Thomas Jefferson died within hours of each other.","correct_answer":"True","incorrect_answers":["False"]},{"category":"History","type":"multiple","difficulty":"easy","question":"Who was the first president of the United States?","correct_answer":"George Washington","incorrect_answers":["James Madison","Thomas Jefferson","James K. Polk"]},{"category":"Entertainment: Music","type":"multiple","difficulty":"medium","question":"May 16th of every year is known as __________ Day, named after a punk band prominent in the 1990s.","correct_answer":"Lagwagon","incorrect_answers":["Goldfinger","Less Than Jake","Lit"]},{"category":"Entertainment: Video Games","type":"boolean","difficulty":"easy","question":"The main playable character of the 2015 RPG &quot;Undertale&quot; is a monster.","correct_answer":"False","incorrect_answers":["True"]},{"category":"Entertainment: Video Games","type":"multiple","difficulty":"medium","question":"In the 2015 RPG &quot;Undertale&quot;, which character do you first encounter after falling down into the underground?","correct_answer":"Flowey","incorrect_answers":["Toriel","Sans","Papyrus"]},{"category":"Science: Mathematics","type":"multiple","difficulty":"medium","question":"What is the alphanumeric representation of the imaginary number?","correct_answer":"i","incorrect_answers":["e","n","x"]},{"category":"Entertainment: Film","type":"multiple","difficulty":"medium","question":"Who played Sgt. Gordon Elias in &#039;Platoon&#039; (1986)?","correct_answer":"Willem Dafoe","incorrect_answers":["Charlie Sheen","Matt Damon","Johnny Depp"]},{"category":"Entertainment: Video Games","type":"multiple","difficulty":"easy","question":"The name of the Metroid series comes from what?","correct_answer":"An enemy in the game","incorrect_answers":["The final boss&#039;s name","The main character&#039;s name","A spaceship&#039;s name"]},{"category":"General Knowledge","type":"multiple","difficulty":"medium","question":"Amsterdam Centraal station is twinned with what station?","correct_answer":"London Liverpool Street","incorrect_answers":["Frankfurt (Main) Hauptbahnhof","Paris Gare du Nord","Brussels Midi"]},{"category":"Entertainment: Music","type":"boolean","difficulty":"hard","question":"The band STRFKR was also briefly known as Pyramiddd.","correct_answer":"True","incorrect_answers":["False"]},{"category":"Geography","type":"multiple","difficulty":"medium","question":"Which Canadian province has Charlottetown as its capital?","correct_answer":"Prince Edward Island","incorrect_answers":["Saskachewan","Northwest Terrirories","Ontario"]},{"category":"Entertainment: Video Games","type":"boolean","difficulty":"medium","question":"In Monster Hunter Generations, guild style is a type of hunting style.","correct_answer":"True","incorrect_answers":["False"]},{"category":"Science: Mathematics","type":"multiple","difficulty":"easy","question":"How many sides does a heptagon have?","correct_answer":"7","incorrect_answers":["8","6","5"]},{"category":"Entertainment: Video Games","type":"multiple","difficulty":"medium","question":"In the game Pok&eacute;mon Conquest, how many kingdoms make up the region of Ransei?","correct_answer":"17","incorrect_answers":["18","15","16"]},{"category":"Mythology","type":"boolean","difficulty":"medium","question":"The Roman god &quot;Jupiter&quot; was first known as &quot;Zeus&quot; to the Greeks.","correct_answer":"True","incorrect_answers":["False"]},{"category":"Entertainment: Video Games","type":"multiple","difficulty":"medium","question":"How many different notes is the tune, &quot;Song of Healing&quot;, comprised of in &quot;The Legend of Zelda: Majora&#039;s Mask&quot;?","correct_answer":"3","incorrect_answers":["4","1","6"]},{"category":"Entertainment: Video Games","type":"multiple","difficulty":"medium","question":"In the &quot;Call Of Duty: Zombies&quot; map &quot;Origins&quot;, how many numbered power generators are there?","correct_answer":"6","incorrect_answers":["8","5","3"]},{"category":"Entertainment: Video Games","type":"multiple","difficulty":"medium","question":"In &quot;Call Of Duty: Zombies&quot;, what does the game traditionally reward you for completing a boss round?","correct_answer":"Max Ammo","incorrect_answers":["A Pack-A-Punched gun","Death Machine","Monkey Bombs"]},{"category":"Entertainment: Video Games","type":"multiple","difficulty":"medium","question":"Which of these is not a character in the game, &quot;Lethal League&quot;?","correct_answer":"Rex","incorrect_answers":["Switch","Candyman","Sonata"]},{"category":"Entertainment: Video Games","type":"boolean","difficulty":"medium","question":"Hidden in the files for &quot;Mario Kart Arcade GP&quot; is a picture of the Beslan school hostage crisis.","correct_answer":"True","incorrect_answers":["False"]},{"category":"Entertainment: Video Games","type":"multiple","difficulty":"medium","question":"In Portal, what color is the Intelligence Core?","correct_answer":"Blue","incorrect_answers":["Purple","Red","Orange"]},{"category":"General Knowledge","type":"multiple","difficulty":"medium","question":"Which of these words means &quot;idle spectator&quot;?","correct_answer":"Gongoozler","incorrect_answers":["Gossypiboma","Jentacular","Meupareunia"]},{"category":"Celebrities","type":"multiple","difficulty":"hard","question":"Who was Donald Trump&#039;s first wife?","correct_answer":"Ivana Zeln&iacute;\u010dkov&aacute;","incorrect_answers":["Melania Knauss","Marla Maples","Nancy Davis"]},{"category":"Entertainment: Video Games","type":"multiple","difficulty":"easy","question":"What is the hardest possible difficulty in &quot;Deus Ex: Mankind Divided&quot;?","correct_answer":"I Never Asked For This","incorrect_answers":["Nightmare","Extreme","Guru"]},{"category":"History","type":"multiple","difficulty":"medium","question":"The Korean War started in what year?","correct_answer":"1950","incorrect_answers":["1945","1960","1912"]},{"category":"Geography","type":"multiple","difficulty":"medium","question":"Bridgetown is the capital of which island country in the Carribean?","correct_answer":"Barbados","incorrect_answers":["Cuba","Jamaica&lrm;","Dominica"]},{"category":"Science & Nature","type":"multiple","difficulty":"hard","question":"How many protons are in an oxygen atom?","correct_answer":"Eight","incorrect_answers":["Four","Two","Six"]},{"category":"General Knowledge","type":"multiple","difficulty":"easy","question":"When one is &quot;envious&quot;, they are said to be what color?","correct_answer":"Green","incorrect_answers":["Red","Blue","Yellow"]},{"category":"History","type":"multiple","difficulty":"hard","question":"Who assassinated President James A. Garfield?","correct_answer":"Charles Guiteau","incorrect_answers":["Sirhan Sirhan","Leon Czolgosz","John Wilkes Booth"]},{"category":"Entertainment: Video Games","type":"multiple","difficulty":"easy","question":"What is the name of the talking cat in Persona 5?","correct_answer":"Morgana","incorrect_answers":["Teddie","Marie","Ryuji"]},{"category":"Entertainment: Video Games","type":"multiple","difficulty":"medium","question":"In the ARPG &quot;Path of Exile,&quot; what is the highest amount of sockets that an item can have?","correct_answer":"6","incorrect_answers":["5","4","8"]},{"category":"Entertainment: Video Games","type":"boolean","difficulty":"hard","question":"The Paradox Interactive game &quot;Stellaris&quot; was released in 2016.","correct_answer":"True","incorrect_answers":["False"]},{"category":"Entertainment: Video Games","type":"multiple","difficulty":"easy","question":"What type of Pok&eacute;mon is Charizard?","correct_answer":"Fire\/Flying","incorrect_answers":["Fire","Dragon","Fire\/Dragon"]},{"category":"Entertainment: Video Games","type":"multiple","difficulty":"medium","question":"In the Super Mario Bros. series, what game is the  &quot;Carrot&quot; power-up from?","correct_answer":"Super Mario Land 2: The 6 Golden Coins","incorrect_answers":["Super Mario World","Super Mario Land","Super Mario 3D Land"]},{"category":"Entertainment: Video Games","type":"multiple","difficulty":"medium","question":"Which of the following characters is NOT playable in &quot;Resident Evil 6&quot;?","correct_answer":"Jill Valentine","incorrect_answers":["Chris Redfield","Sherry Birkin","Helena Harper"]}]}