{"response_code":0,"results":[{"category":"Entertainment: Cartoon & Animations","type":"multiple","difficulty":"medium","question":"Which &quot;Toy Story&quot; character was voiced by Don Rickles?","correct_answer":"Mr. Potato Head","incorrect_answers":["Slinky Dog","Hamm","Rex"]},{"category":"Geography","type":"multiple","difficulty":"medium","question":"What is the name of the former country that was succeeded by countries such as Serbia, Croatia and Slovenia?","correct_answer":"Yugoslavia","incorrect_answers":["Czechoslovakia","Abkhazia","South Ossetia"]},{"category":"General Knowledge","type":"multiple","difficulty":"medium","question":"A doctor with a PhD is a doctor of what?","correct_answer":"Philosophy","incorrect_answers":["Psychology","Phrenology","Physical Therapy"]},{"category":"History","type":"boolean","difficulty":"hard","question":"The Kingdom of Prussia briefly held land in Estonia.","correct_answer":"False","incorrect_answers":["True"]},{"category":"Entertainment: Video Games","type":"boolean","difficulty":"hard","question":"Unturned originally started as a Roblox game.","correct_answer":"True","incorrect_answers":["False"]},{"category":"Entertainment: Board Games","type":"multiple","difficulty":"hard","question":"What is the world&#039;s oldest board game?","correct_answer":"Senet","incorrect_answers":["Chess","Checkers","Go"]},{"category":"General Knowledge","type":"multiple","difficulty":"hard","question":"When was &quot;YouTube&quot; founded?","correct_answer":"February 14, 2005","incorrect_answers":["May 22, 2004","September 12, 2005","July 19, 2009"]},{"category":"Science & Nature","type":"boolean","difficulty":"medium","question":"A defibrillator is used to start up a heartbeat once a heart has stopped beating.","correct_answer":"False","incorrect_answers":["True"]},{"category":"Science & Nature","type":"multiple","difficulty":"easy","question":"Alzheimer&#039;s disease primarily affects which part of the human body?","correct_answer":"Brain","incorrect_answers":["Lungs","Skin","Heart"]},{"category":"Geography","type":"multiple","difficulty":"medium","question":"Gibraltar, located just south of the Iberian peninsula, is a territory of which West Europe country?","correct_answer":"United Kingdom","incorrect_answers":["Spain","Portugal","France"]},{"category":"Entertainment: Video Games","type":"multiple","difficulty":"easy","question":"In the &quot;Worms&quot; series of video games, which of these weapons is affected by wind?","correct_answer":"Bazooka","incorrect_answers":["Grenade","Air Strike","Mortar"]},{"category":"History","type":"boolean","difficulty":"medium","question":"If you grab the bladed end of a longsword in a specific way, you will not cut yourself.","correct_answer":"True","incorrect_answers":["False"]},{"category":"Entertainment: Video Games","type":"multiple","difficulty":"medium","question":"In Call of Duty: United Offensive, what two soldiers share a name of a video game character?","correct_answer":"Gordon &amp; Freeman","incorrect_answers":["Sam &amp; Fisher","Nathan &amp; Drake","Dig &amp; Dug"]},{"category":"Entertainment: Video Games","type":"boolean","difficulty":"hard","question":"In Undertale, having a &quot;Fun Value&quot; set to 56-57 will play the &quot;Wrong Number Song Call&quot;.","correct_answer":"False","incorrect_answers":["True"]},{"category":"Entertainment: Video Games","type":"boolean","difficulty":"medium","question":"TF2: The Medic will be credited for an assist if he heals a Spy that successfully saps a building.","correct_answer":"True","incorrect_answers":["False"]},{"category":"Entertainment: Video Games","type":"multiple","difficulty":"easy","question":"What year was the game Dishonored released?","correct_answer":"2012","incorrect_answers":["2011","2008","2013"]},{"category":"Entertainment: Video Games","type":"boolean","difficulty":"easy","question":"Rebecca Chambers does not appear in any Resident Evil except for the original Resident Evil and the Gamecube remake.","correct_answer":"False","incorrect_answers":["True"]},{"category":"Entertainment: Japanese Anime & Manga","type":"multiple","difficulty":"medium","question":"What song plays in the ending credits of the anime &quot;Ergo Proxy&quot;?","correct_answer":"Paranoid Android","incorrect_answers":["Sadistic Summer","Bittersweet Symphony","Mad World"]},{"category":"Entertainment: Video Games","type":"multiple","difficulty":"easy","question":"What company develops the Rock Band series of rhythm games?","correct_answer":"Harmonix","incorrect_answers":["Activision","Konami","Electronic Arts"]},{"category":"Entertainment: Japanese Anime & Manga","type":"multiple","difficulty":"easy","question":"In &quot;The Melancholy of Haruhi Suzumiya&quot; series, the SOS Brigade club leader is unknowingly treated as a(n) __ by her peers.","correct_answer":"God","incorrect_answers":["Alien","Time Traveler","Esper"]},{"category":"Entertainment: Film","type":"multiple","difficulty":"easy","question":"The 2002 film &quot;28 Days Later&quot; is mainly set in which European country?","correct_answer":"United Kingdom","incorrect_answers":["France","Italy","Germany"]},{"category":"Entertainment: Video Games","type":"multiple","difficulty":"easy","question":"In Super Mario Bros., who informs Mario that the princess is in another castle?","correct_answer":"Toad","incorrect_answers":["Luigi","Yoshi","Bowser"]},{"category":"Entertainment: Film","type":"multiple","difficulty":"medium","question":"In the 1999 movie Fight Club, which of these is not a rule of the &quot;fight club&quot;?","correct_answer":"Always wear a shirt","incorrect_answers":["You do not talk about FIGHT CLUB","Only two guys to a fight","Fights will go on as long as they have to"]},{"category":"Entertainment: Music","type":"multiple","difficulty":"medium","question":"The song &quot;Caramelldansen&quot; is commonly mistaken as a Japanese song, what language is the song actually sung in?","correct_answer":"Swedish","incorrect_answers":["Hungarian","Finnish","Chinese"]},{"category":"Entertainment: Japanese Anime & Manga","type":"multiple","difficulty":"easy","question":"In Digimon, what is the Japanese name for the final evolutionary stage?","correct_answer":"Ultimate","incorrect_answers":["Mega","Adult","Champion"]},{"category":"Politics","type":"multiple","difficulty":"easy","question":"Who was the 45th President of the United States?","correct_answer":"Donald Trump","incorrect_answers":["Barack Obama","Bill Clinton","George Bush"]},{"category":"Entertainment: Film","type":"multiple","difficulty":"easy","question":"In the movie &quot;Blade Runner&quot;, what is the term used for human-like androids ?","correct_answer":"Replicants","incorrect_answers":["Cylons","Synthetics","Skinjobs"]},{"category":"Science: Gadgets","type":"multiple","difficulty":"medium","question":"In what year was the Oculus Rift revealed to the public through a Kickstarter campaign?","correct_answer":"2012","incorrect_answers":["2010","2011","2013"]},{"category":"Entertainment: Japanese Anime & Manga","type":"multiple","difficulty":"hard","question":"Akatsuki&#039;s subclass in &quot;Log Horizon&quot; is what?","correct_answer":" Tracker","incorrect_answers":["Assassin","Scribe","Apprentice"]},{"category":"Science & Nature","type":"multiple","difficulty":"hard","question":"What is the unit of electrical inductance?","correct_answer":"Henry","incorrect_answers":["Weber","Coulomb","Mho"]},{"category":"Science: Computers","type":"multiple","difficulty":"medium","question":"When did the online streaming service &quot;Mixer&quot; launch?","correct_answer":"2016","incorrect_answers":["2013","2009","2011"]},{"category":"General Knowledge","type":"multiple","difficulty":"hard","question":"Which product did Nokia, the telecommunications company, originally sell?","correct_answer":"Paper","incorrect_answers":["Phones","Computers","Processors"]},{"category":"Celebrities","type":"multiple","difficulty":"medium","question":"In what year did &quot;Bob Ross&quot; die?","correct_answer":"1995","incorrect_answers":["1986","1989","1997"]},{"category":"Science: Computers","type":"multiple","difficulty":"medium","question":"What does the term MIME stand for, in regards to computing?","correct_answer":"Multipurpose Internet Mail Extensions","incorrect_answers":["Mail Internet Mail Exchange","Multipurpose Interleave Mail Exchange","Mail Interleave Method Exchange"]},{"category":"Entertainment: Film","type":"multiple","difficulty":"medium","question":"Mark Wahlberg played the titular character of which 2008 video-game adaptation?","correct_answer":"Max Payne","incorrect_answers":["Alan Wake","Hitman","God Of War"]},{"category":"Animals","type":"multiple","difficulty":"medium","question":"What is the fastest animal?","correct_answer":"Peregrine Falcon","incorrect_answers":["Golden Eagle","Cheetah","Horsefly"]},{"category":"Entertainment: Board Games","type":"multiple","difficulty":"easy","question":"In which year was the pen and paper RPG &quot;Deadlands&quot; released?","correct_answer":"1996","incorrect_answers":["2003","1999","1993"]},{"category":"Entertainment: Film","type":"multiple","difficulty":"hard","question":"What is the species of the &quot;Predator&quot; in the 1987 movie &quot;Predator&quot;?","correct_answer":"Yautja","incorrect_answers":["Xenomorph","Praetorian","Phocrex"]},{"category":"Politics","type":"multiple","difficulty":"hard","question":"In June 2017, Saudi Arabia and Egypt broke off ties with which country over its supposed support for terrorism?","correct_answer":"Qatar","incorrect_answers":["Bahrain","United States of America","Russia"]},{"category":"General Knowledge","type":"multiple","difficulty":"hard","question":"If someone said &quot;you are olid&quot;, what would they mean?","correct_answer":"You smell extremely unpleasant.","incorrect_answers":["You are out of shape\/weak.","Your appearance is repulsive.","You are incomprehensible\/an idiot."]},{"category":"Entertainment: Board Games","type":"multiple","difficulty":"hard","question":"In Magic: The Gathering, which of the following was the first publicly released foil card?","correct_answer":"Lightning Dragon","incorrect_answers":["Revenant","Beast of Burden","Dirtcowl Wurm"]},{"category":"Entertainment: Japanese Anime & Manga","type":"boolean","difficulty":"hard","question":"In the &quot;Kagerou Daze&quot; series, Shintaro Kisaragi is prominently shown with the color red.","correct_answer":"True","incorrect_answers":["False"]},{"category":"Entertainment: Music","type":"multiple","difficulty":"medium","question":"Which of these songs is NOT in The Beatles&#039; album &quot;Sgt. Pepper&#039;s Lonely Hearts Club Band&quot;?","correct_answer":"Strawberry Fields Forever","incorrect_answers":["Getting Better","Fixing a Hole","Lucy in the Sky with Diamonds"]},{"category":"Sports","type":"multiple","difficulty":"medium","question":"Which sport is NOT traditionally played during the Mongolian Naadam festival?","correct_answer":"American Football","incorrect_answers":["Wrestling","Archery","Horse-Racing"]},{"category":"Entertainment: Video Games","type":"multiple","difficulty":"hard","question":"In the Kingdom Hearts series, which is not an optional boss you can fight?","correct_answer":"Master Yen Sid","incorrect_answers":["Sephiroth","Julius","Kurt Zisa"]},{"category":"Entertainment: Music","type":"multiple","difficulty":"medium","question":"Which Aerosmith album featured &quot;Walk This Way&quot;?","correct_answer":"Toys in the Attic","incorrect_answers":["Rocks","Get Your Wings","Draw the Line"]},{"category":"Entertainment: Music","type":"multiple","difficulty":"medium","question":"What is the opening track on Lorde&#039;s Pure Heroine?","correct_answer":"Tennis Court","incorrect_answers":["Team","Royals","400 Lux"]},{"category":"Entertainment: Television","type":"multiple","difficulty":"medium","question":"The first half-hour CGI cartoon, ReBoot, aired on which year?","correct_answer":"1994","incorrect_answers":["1993","1998","1999"]},{"category":"Entertainment: Video Games","type":"boolean","difficulty":"easy","question":"Each piece in Tetris is called a tetris.","correct_answer":"False","incorrect_answers":["True"]},{"category":"Entertainment: Video Games","type":"multiple","difficulty":"medium","question":"In the video game DOTA 2, which of these is NOT a hero?","correct_answer":"Dragon Champion","incorrect_answers":["Dark Seer","Keeper of the Light","Mirana"]}]}