{"response_code":0,"results":[{"category":"Vehicles","type":"boolean","difficulty":"hard","question":"In 1993 Swedish car manufacturer Saab experimented with replacing the steering wheel with a joystick in a Saab 9000.","correct_answer":"True","incorrect_answers":["False"]},{"category":"Entertainment: Board Games","type":"multiple","difficulty":"easy","question":"In a standard game of Monopoly, what colour are the two cheapest properties?","correct_answer":"Brown","incorrect_answers":["Green","Yellow","Blue"]},{"category":"Science & Nature","type":"multiple","difficulty":"easy","question":"What is the &quot;powerhouse&quot; of the Eukaryotic animal cell?","correct_answer":"Mitochondria","incorrect_answers":["Nucleus","Chloroplast","Endoplasmic Reticulum"]},{"category":"Science & Nature","type":"multiple","difficulty":"easy","question":"Which gas forms about 78% of the Earth&rsquo;s atmosphere?","correct_answer":"Nitrogen","incorrect_answers":["Oxygen","Argon","Carbon Dioxide"]},{"category":"Science: Computers","type":"multiple","difficulty":"hard","question":"How many Hz does the video standard PAL support?","correct_answer":"50","incorrect_answers":["59","60","25"]},{"category":"History","type":"boolean","difficulty":"hard","question":"Joseph Stalin&#039;s real name was Ioseb Bessarionis dze Dzugashvili.","correct_answer":"True","incorrect_answers":["False"]},{"category":"History","type":"multiple","difficulty":"medium","question":"Which dictator killed the most people?","correct_answer":"Mao Zedong","incorrect_answers":["Joseph Stalin","Adolf Hitler","Kim Il Sung"]},{"category":"Entertainment: Video Games","type":"multiple","difficulty":"medium","question":"Who is the villain company in &quot;Stardew Valley&quot;?","correct_answer":"Joja Co ","incorrect_answers":["Ronin","Empire","Robotnik Industry&#039;s "]},{"category":"Entertainment: Books","type":"boolean","difficulty":"easy","question":"The &quot;Berenstein Bears&quot; is the correct spelling of the educational children&#039;s book series&#039; name.","correct_answer":"False","incorrect_answers":["True"]},{"category":"Geography","type":"multiple","difficulty":"easy","question":"Which nation claims ownership of Antarctica?","correct_answer":"No one, but there are claims.","incorrect_answers":["United States of America","United Nations","Australia"]},{"category":"Entertainment: Video Games","type":"boolean","difficulty":"medium","question":"&quot;Metal Gear Solid 3: Snake Eater&quot; takes place on Shadow Moses Island.","correct_answer":"False","incorrect_answers":["True"]},{"category":"History","type":"multiple","difficulty":"hard","question":"On which day did ARPANET suffer a 4 hour long network crash?","correct_answer":"October 27, 1980","incorrect_answers":["November 21, 1969","October 29, 1969","December 9, 1991"]},{"category":"Entertainment: Japanese Anime & Manga","type":"multiple","difficulty":"easy","question":"What is the name of the stuffed lion in Bleach?","correct_answer":"Kon","incorrect_answers":["Jo","Urdiu","Chad"]},{"category":"Science & Nature","type":"multiple","difficulty":"easy","question":"How many bones are in the human body?","correct_answer":"206","incorrect_answers":["203","209","200"]},{"category":"General Knowledge","type":"boolean","difficulty":"easy","question":"A scientific study on peanuts in bars found traces of over 100 unique specimens of urine.","correct_answer":"False","incorrect_answers":["True"]},{"category":"History","type":"multiple","difficulty":"easy","question":"In which year did the Invasion of Kuwait by Iraq occur?","correct_answer":"1990","incorrect_answers":["1992","1988","1986"]},{"category":"Entertainment: Cartoon & Animations","type":"multiple","difficulty":"hard","question":"Who voice acted the character Hiccup in the movie &quot;How to Train Your Dragon&quot;?","correct_answer":"Jay Baruchel","incorrect_answers":["Jack Brauchel","John Powell","Gerard Butler"]},{"category":"Entertainment: Television","type":"multiple","difficulty":"medium","question":"In Breaking Bad, the initials W.W. refer to which of the following?","correct_answer":"Walter White","incorrect_answers":["William Wolf","Willy Wonka","Wally Walrus"]},{"category":"Science & Nature","type":"multiple","difficulty":"easy","question":"The medical term for the belly button is which of the following?","correct_answer":"Umbilicus","incorrect_answers":["Nevus","Nares","Paxillus"]},{"category":"Entertainment: Books","type":"multiple","difficulty":"easy","question":"Who was the author of the 1954 novel, &quot;Lord of the Flies&quot;?","correct_answer":"William Golding","incorrect_answers":["Stephen King","F. Scott Fitzgerald","Hunter Fox"]},{"category":"Science & Nature","type":"multiple","difficulty":"hard","question":"Which of the following plastic is commonly used for window frames, gutters and drain pipes?","correct_answer":"Polyvinylchloride (PVC) ","incorrect_answers":["Polyethylene (PE)","Polypropylene (PP)","Polystyrene (PS)"]},{"category":"Entertainment: Video Games","type":"multiple","difficulty":"medium","question":"In Monster Hunter Generations, which of the following monsters are a part of the &quot;Fated Four&quot;?","correct_answer":"Astalos","incorrect_answers":["Gore Magala","Malfestio","Arzuros"]},{"category":"History","type":"multiple","difficulty":"medium","question":"Which building was set aflame on August 24th, 1812?","correct_answer":"The White House","incorrect_answers":["Parliament Building","Grand National Assembly Building","Palace of the Nation"]},{"category":"Entertainment: Video Games","type":"multiple","difficulty":"medium","question":"Who voices the infamous Citadel Station A.I known as S.H.O.D.A.N, in the System Shock games?","correct_answer":"Terri Brosius","incorrect_answers":[" Jennifer Hale","Jenn Taylor","Lori Alan"]},{"category":"Science: Computers","type":"multiple","difficulty":"easy","question":"What does LTS stand for in the software market?","correct_answer":"Long Term Support","incorrect_answers":["Long Taco Service","Ludicrous Transfer Speed","Ludicrous Turbo Speed"]},{"category":"Science: Gadgets","type":"multiple","difficulty":"medium","question":"Who patented a steam engine that produced continuous rotary motion?","correct_answer":"James Watt","incorrect_answers":["Nikola Tesla","Albert Einstein","Alessandro Volta"]},{"category":"Entertainment: Video Games","type":"multiple","difficulty":"hard","question":"What do the video games No Man&rsquo;s Sky and Mighty No. 9 have in common?","correct_answer":"Both were announced in 2013.","incorrect_answers":["Both were crowdfunded.","Both were developed by indie studios.","Both were released for the PlayStation 3."]},{"category":"Entertainment: Cartoon & Animations","type":"multiple","difficulty":"easy","question":"What is lost in Hawaiian and is also the name of a little girl in a 2002 film which features a alien named &quot;Stitch&quot;?","correct_answer":"Lilo","incorrect_answers":["Lolo","Lucy","Lulu"]},{"category":"Entertainment: Video Games","type":"multiple","difficulty":"easy","question":"In Rust, how many Timed Explosive Charges does it take to destroy a Ladder Hatch?","correct_answer":"1","incorrect_answers":["3","2","5"]},{"category":"Entertainment: Music","type":"multiple","difficulty":"hard","question":"Who wrote the song &quot;You Know You Like It&quot;?","correct_answer":"AlunaGeorge","incorrect_answers":["DJ Snake","Steve Aoki","Major Lazer"]},{"category":"History","type":"multiple","difficulty":"medium","question":"The Fallingwater House, located in Pennsylvania, was designed by which architect?","correct_answer":"Frank Lloyd Wright","incorrect_answers":["Antoni Gaudi","Frank Gehry","Le Corbusier"]},{"category":"Entertainment: Video Games","type":"multiple","difficulty":"hard","question":"Which of the following games in the The Legend of Zelda franchise was released in Japan before North America?","correct_answer":"The Legend of Zelda: The Minish Cap","incorrect_answers":["The Legend of Zelda: Twilight Princess","The Legend of Zelda: Spirit Tracks","The Legend of Zelda: Four Swords"]},{"category":"Science: Computers","type":"boolean","difficulty":"medium","question":"Android versions are named in alphabetical order.","correct_answer":"True","incorrect_answers":["False"]},{"category":"Animals","type":"multiple","difficulty":"hard","question":"Which species is a &quot;mountain chicken&quot;?","correct_answer":"Frog","incorrect_answers":["Chicken","Horse","Fly"]},{"category":"Entertainment: Cartoon & Animations","type":"boolean","difficulty":"easy","question":"Waylon Smithers from &quot;The Simpsons&quot; was originally black when he first appeared in the series.","correct_answer":"True","incorrect_answers":["False"]},{"category":"Politics","type":"boolean","difficulty":"medium","question":"Helen Clark was the 37th Prime Minister of Australia.","correct_answer":"False","incorrect_answers":["True"]},{"category":"Entertainment: Video Games","type":"boolean","difficulty":"medium","question":"In &quot;League of Legends&quot;, there exists four different types of Dragon.","correct_answer":"False","incorrect_answers":["True"]},{"category":"Geography","type":"multiple","difficulty":"medium","question":"Colchester Overpass, otherwise known as &quot;Bunny Man Bridge&quot;, is located where?","correct_answer":"Fairfax County, Virginia","incorrect_answers":["Medford, Oregon","Braxton County, Virgina","Lemon Grove, California"]},{"category":"Science & Nature","type":"multiple","difficulty":"medium","question":"What is the largest living organism currently known to man?","correct_answer":"Honey Fungus","incorrect_answers":["Blue Whale","Redwood Tree","The Coral Reef"]},{"category":"Entertainment: Books","type":"multiple","difficulty":"hard","question":"In the Magic: The Gathering universe, the Fallen Empires expansion takes place on which continent?","correct_answer":"Sarpadia","incorrect_answers":["Otaria","Terisiare","Shiv"]},{"category":"General Knowledge","type":"multiple","difficulty":"hard","question":"The Quadrangularis Reversum is best described as which of the following?","correct_answer":"A percussion instrument","incorrect_answers":["A building in Oxford University","A chess move","A geometric theorem"]},{"category":"Entertainment: Board Games","type":"multiple","difficulty":"easy","question":"When was the board game Twister, released to the public?","correct_answer":"April 1966","incorrect_answers":["September 1965","January 1969","February 1966"]},{"category":"Entertainment: Board Games","type":"multiple","difficulty":"easy","question":"In board games, an additional or ammended rule that applies to a certain group or place is informally known as a &quot;what&quot; rule?","correct_answer":"House","incorrect_answers":["Custom","Extra","Change"]},{"category":"Sports","type":"multiple","difficulty":"medium","question":"Which professional wrestler fell from the rafters to his death during a live Pay-Per-View event in 1999?","correct_answer":"Owen Hart","incorrect_answers":["Chris Benoit","Lex Luger","Al Snow"]},{"category":"Science & Nature","type":"multiple","difficulty":"hard","question":"Which of the following is a major muscle of the back?","correct_answer":"Trapezius","incorrect_answers":["Trapezium","Trapezoid","Triquetrum"]},{"category":"Entertainment: Japanese Anime & Manga","type":"multiple","difficulty":"easy","question":"What is the name of JoJo&#039;s Bizarre Adventure Part 5?","correct_answer":"Vento Aureo","incorrect_answers":["Vento Oreo","Vanto Aureo","Vento Eureo"]},{"category":"Geography","type":"multiple","difficulty":"medium","question":"Which of the following is not a megadiverse country - one that harbors a high number of the earth&#039;s endemic species?","correct_answer":"Thailand","incorrect_answers":["Peru","Mexico","South Africa"]},{"category":"Entertainment: Video Games","type":"multiple","difficulty":"easy","question":"In the video game, Half-life, what event started the Half-life universe as we know today?","correct_answer":"The Resonance Cascade","incorrect_answers":["World War 3","The Xen Attack","The Black Mesa Nuke"]},{"category":"Entertainment: Video Games","type":"boolean","difficulty":"medium","question":"Minecraft wasn&rsquo;t the original name to Minecraft.","correct_answer":"True","incorrect_answers":["False"]},{"category":"Entertainment: Video Games","type":"multiple","difficulty":"easy","question":"In Final Fantasy XIV, what is the name of the Deep Dungeon that was introduced in the expansion pack, Heavensward?","correct_answer":"Palace of the Dead","incorrect_answers":["Heaven on High","Aetherochemical Research Facility","Sunken Temple of Qarn"]}]}