{"response_code":0,"results":[{"category":"Entertainment: Television","type":"multiple","difficulty":"medium","question":"In the TV series &quot;Person of Interest&quot;, who plays the character &quot;Harold Finch&quot;?","correct_answer":"Michael Emerson","incorrect_answers":["Jim Caviezel","Taraji P. Henson","Kevin Chapman"]},{"category":"Entertainment: Video Games","type":"multiple","difficulty":"hard","question":"What is the name of your team in Star Wars: Republic Commando?","correct_answer":"Delta Squad","incorrect_answers":["The Commandos","Bravo Six","Vader&#039;s Fist"]},{"category":"Entertainment: Music","type":"multiple","difficulty":"easy","question":"&quot;Some people call me the space cowboy&quot; is the first line from what song?","correct_answer":"The Joker","incorrect_answers":["Fandango","Take The Money and Run","Fly Like an Eagle"]},{"category":"Entertainment: Books","type":"multiple","difficulty":"hard","question":"What is Hermione Granger&#039;s middle name?","correct_answer":"Jean","incorrect_answers":["Jane","Emma","Jo"]},{"category":"Entertainment: Video Games","type":"multiple","difficulty":"medium","question":"In which country&#039;s version of Half-Life are the HECU Marines replaced with robots?","correct_answer":"Germany","incorrect_answers":["Japan","China","France"]},{"category":"Vehicles","type":"multiple","difficulty":"easy","question":"Which Italian city is home of the car manufacturer &#039;Fiat&#039;?","correct_answer":"Turin","incorrect_answers":["Maranello","Modena","Rome"]},{"category":"Entertainment: Japanese Anime & Manga","type":"multiple","difficulty":"easy","question":"Which anime heavily features music from the genre &quot;Eurobeat&quot;?","correct_answer":"Initial D","incorrect_answers":["Wangan Midnight","Kino no Tabi","Cowboy Bebop"]},{"category":"Entertainment: Film","type":"multiple","difficulty":"easy","question":"This movie contains the quote, &quot;Houston, we have a problem.&quot;","correct_answer":"Apollo 13","incorrect_answers":["The Right Stuff","Capricorn One","Marooned"]},{"category":"Science: Computers","type":"multiple","difficulty":"medium","question":"Which of the following languages is used as a scripting language in the Unity 3D game engine?","correct_answer":"C#","incorrect_answers":["Java","C++","Objective-C"]},{"category":"Science: Mathematics","type":"multiple","difficulty":"hard","question":"How many zeptometres are inside one femtometre?","correct_answer":"1,000,000","incorrect_answers":["10","1,000,000,000","1000"]},{"category":"Entertainment: Film","type":"boolean","difficulty":"easy","question":"The word &quot;Inception&quot; came from the 2010 blockbuster hit &quot;Inception&quot;.","correct_answer":"False","incorrect_answers":["True"]},{"category":"Entertainment: Video Games","type":"multiple","difficulty":"easy","question":"In the fighting game &quot;Skullgirls,&quot; which character utilizes a folding chair called the &quot;Hurting&quot; as a weapon?","correct_answer":"Beowulf","incorrect_answers":["Big Band","Squigly","Cerebella"]},{"category":"Science & Nature","type":"multiple","difficulty":"medium","question":"Who developed the first successful polio vaccine in the 1950s?","correct_answer":"Jonas Salk","incorrect_answers":["John F. Enders","Thomas Weller","Frederick Robbins"]},{"category":"Science & Nature","type":"multiple","difficulty":"hard","question":"What is isobutylphenylpropanoic acid more commonly known as?","correct_answer":"Ibuprofen","incorrect_answers":["Morphine","Ketamine","Aspirin"]},{"category":"General Knowledge","type":"multiple","difficulty":"hard","question":"Disney&#039;s Haunted Mansion is home to a trio of Hitchhiking Ghosts. Which of these is NOT one of them?","correct_answer":"Harry","incorrect_answers":["Gus","Phineas","Ezra"]},{"category":"Entertainment: Video Games","type":"multiple","difficulty":"medium","question":"Which of these is the name of a cut enemy from &quot;Half-Life 2&quot;?","correct_answer":"Hydra","incorrect_answers":["Cthulu","Spike","Tremor"]},{"category":"Entertainment: Music","type":"multiple","difficulty":"medium","question":"Which one of these Pink Floyd albums were also a movie?","correct_answer":"The Wall","incorrect_answers":["The Dark Side of the Moon","Wish You Were Here","Animals"]},{"category":"Vehicles","type":"boolean","difficulty":"medium","question":"When BMW was established in 1916, it was producing automobiles.","correct_answer":"False","incorrect_answers":["True"]},{"category":"Entertainment: Video Games","type":"multiple","difficulty":"medium","question":"Which of the following is not a playable race in the MMORPG Guild Wars 2? ","correct_answer":"Tengu","incorrect_answers":["Sylvari","Charr","Asura "]},{"category":"Entertainment: Video Games","type":"multiple","difficulty":"easy","question":"Who is the main protagonist of Dead Space?","correct_answer":"Isaac Clarke","incorrect_answers":["Commander Shepard","Gordon Freeman","Master Chief"]},{"category":"Entertainment: Music","type":"multiple","difficulty":"medium","question":"What is the relationship between the band members of American rock band King of Leon?","correct_answer":"Brothers &amp; cousins","incorrect_answers":["Childhood friends","Former classmates","Fraternity house members"]},{"category":"Entertainment: Music","type":"multiple","difficulty":"medium","question":"What was the title of Sakamoto Kyu&#039;s song &quot;Ue o Muite Arukou&quot; (I Look Up As I Walk) changed to in the United States?","correct_answer":"Sukiyaki","incorrect_answers":["Takoyaki","Sushi","Oden"]},{"category":"General Knowledge","type":"boolean","difficulty":"easy","question":"Pluto is a planet.","correct_answer":"False","incorrect_answers":["True"]},{"category":"Entertainment: Video Games","type":"multiple","difficulty":"hard","question":"In the Fallout series, on which date did The Great War happen?","correct_answer":"October 23rd, 2077","incorrect_answers":["May 15th, 2058","December 14th, 2069","November 5th, 2076"]},{"category":"Entertainment: Video Games","type":"multiple","difficulty":"easy","question":"In the game Battleblock Theater, what was the name of the voice actor who voiced the narrator?","correct_answer":"Will Stamper","incorrect_answers":["Steve Blum","Richard Epcar","Yuri Lowenthal"]},{"category":"Science: Computers","type":"boolean","difficulty":"medium","question":"Early RAM was directly seated onto the motherboard and could not be easily removed.","correct_answer":"True","incorrect_answers":["False"]},{"category":"Entertainment: Film","type":"multiple","difficulty":"medium","question":"In Back to the Future Part II, Marty and Dr. Emmett Brown go to which future date?","correct_answer":"October 21, 2015","incorrect_answers":["August 28, 2015","July 20, 2015","January 25, 2015"]},{"category":"Sports","type":"multiple","difficulty":"easy","question":"In Baseball, how many times does the ball have to be pitched outside of the strike zone before the batter is walked?","correct_answer":"4","incorrect_answers":["1","2","3"]},{"category":"Geography","type":"multiple","difficulty":"easy","question":"How many countries does Mexico border?","correct_answer":"3","incorrect_answers":["2","4","1"]},{"category":"Science: Computers","type":"boolean","difficulty":"medium","question":"It&#039;s not possible to format a write-protected DVD-R Hard Disk.","correct_answer":"True","incorrect_answers":["False"]},{"category":"Entertainment: Video Games","type":"boolean","difficulty":"medium","question":"David Baszucki was a co-founder of ROBLOX Corporation.","correct_answer":"True","incorrect_answers":["False"]},{"category":"Animals","type":"multiple","difficulty":"hard","question":"What is the name of the copper-rich protein that creates the blue blood in the Antarctic octopus?","correct_answer":"Hemocyanin","incorrect_answers":["Cytochrome","Iron","Methionine"]},{"category":"Vehicles","type":"multiple","difficulty":"easy","question":"What is the name of Nissan&#039;s most popular electric car?","correct_answer":"Leaf","incorrect_answers":["Tree","Deer","Roots"]},{"category":"Entertainment: Television","type":"multiple","difficulty":"medium","question":"What was Nickelodeon&#039;s original name?","correct_answer":"Pinwheel","incorrect_answers":["MTVKids","KidsTV","Splat!"]},{"category":"Entertainment: Cartoon & Animations","type":"multiple","difficulty":"hard","question":"In &quot;Rick and Morty&quot;, from which dimension do Rick and Morty originate from?","correct_answer":"C-137","incorrect_answers":["J1977","C-136","C500-a"]},{"category":"General Knowledge","type":"boolean","difficulty":"easy","question":"&quot;27 Club&quot; is a term used to refer to a list of famous actors, musicians, and artists who died at the age of 27.","correct_answer":"True","incorrect_answers":["False"]},{"category":"Entertainment: Television","type":"multiple","difficulty":"medium","question":"What episode of &quot;Mr. Bean&quot; saw him trying to prevent people from seeing him naked?","correct_answer":"Mr. Bean in Room 426","incorrect_answers":["Mr. Bean Goes to Town","The Trouble with Mr. Bean","Back to School Mr. Bean"]},{"category":"Entertainment: Video Games","type":"multiple","difficulty":"medium","question":"In what year was Pok&eacute;mon Diamond &amp; Pearl released in Japan?","correct_answer":"2006","incorrect_answers":["2009","2007","2008"]},{"category":"Celebrities","type":"multiple","difficulty":"hard","question":"Which school in Surrey, England did Steve Backshall attend?","correct_answer":"Collingwood College","incorrect_answers":["Tomlinscote School","Kings International College","Lyndhurst School"]},{"category":"Entertainment: Japanese Anime & Manga","type":"multiple","difficulty":"easy","question":"In 2013, virtual pop-star Hatsune Miku had a sponsorship with which pizza chain?","correct_answer":"Domino&#039;s","incorrect_answers":["Papa John&#039;s","Pizza Hut","Sabarro&#039;s"]},{"category":"Celebrities","type":"multiple","difficulty":"medium","question":"Who is &quot;James Rolfe&quot; better known as?","correct_answer":"The Angry Video Game Nerd","incorrect_answers":["TotalBiscuit","PeanutButterGamer","PewDiePie"]},{"category":"Geography","type":"multiple","difficulty":"medium","question":"What is the capital of Greenland?","correct_answer":"Nuuk","incorrect_answers":["Sisimiut","Narsaq","Maniitsoq"]},{"category":"Entertainment: Television","type":"multiple","difficulty":"medium","question":"Who was Firestorm&#039;s rival during the original run of UK Robot Wars?","correct_answer":"Panic Attack","incorrect_answers":["Razer","Chaos 2","Hypno Disc"]},{"category":"Entertainment: Japanese Anime & Manga","type":"boolean","difficulty":"medium","question":"In Full Metal Panic!, Whispered are those who are capable of creating Black Technology.","correct_answer":"True","incorrect_answers":["False"]},{"category":"History","type":"multiple","difficulty":"easy","question":"In what year did the Great Northern War, between Russia and Sweden, end?","correct_answer":"1721","incorrect_answers":["1726","1727","1724"]},{"category":"History","type":"multiple","difficulty":"hard","question":"Which of these positions did the astronomer and physicist Isaac Newton not hold?","correct_answer":"Surveyor to the City of London","incorrect_answers":["Professor of Mathematics","Warden of the Royal Mint","Member of Parliament"]},{"category":"Entertainment: Film","type":"multiple","difficulty":"medium","question":"In the movie &quot;Back to the Future,&quot; what speed does Doc Brown&#039;s DeLorean need to reach in order to travel through time?","correct_answer":"88 mph","incorrect_answers":["77 mph","100 mph","70 mph"]},{"category":"Entertainment: Film","type":"boolean","difficulty":"medium","question":"The original ending of &quot;Little Shop Of Horrors&quot; has the plants taking over the world.","correct_answer":"True","incorrect_answers":["False"]},{"category":"Entertainment: Video Games","type":"multiple","difficulty":"medium","question":"In Pokemon Diamond, Pearl and Platinum, where can a Munchlax be found?","correct_answer":"Honey Trees","incorrect_answers":["Trading with an NPC","Grass on Route 209","Wayward Cave"]},{"category":"General Knowledge","type":"multiple","difficulty":"easy","question":"The &ldquo;fairy&rdquo; type made it&rsquo;s debut in which generation of the Pokemon core series games?","correct_answer":"6th","incorrect_answers":["2nd","7th","4th"]}]}