{"response_code":0,"results":[{"category":"Entertainment: Video Games","type":"multiple","difficulty":"hard","question":"Which of these TrackMania environments was NOT in the original game?","correct_answer":"Bay","incorrect_answers":["Desert","Snow","Rally"]},{"category":"Entertainment: Film","type":"multiple","difficulty":"hard","question":"In the 1976 film &#039;Taxi Driver&#039;, how many guns did Travis buy from the salesman?","correct_answer":"4","incorrect_answers":["2","6","1"]},{"category":"Entertainment: Music","type":"multiple","difficulty":"medium","question":"Which band had hits in 1975 with the songs, &#039;One Of These Nights&#039; &amp; &#039;Lyin Eyes&#039;?","correct_answer":"The Eagles","incorrect_answers":["Fools Gold","The Doobie Brothers","Fleetwood Mac"]},{"category":"History","type":"multiple","difficulty":"medium","question":"Which of his six wives was Henry VIII married to the longest?","correct_answer":"Catherine of Aragon","incorrect_answers":["Anne Boleyn","Jane Seymour","Catherine Parr"]},{"category":"History","type":"multiple","difficulty":"medium","question":"The Battle of the Somme in World War I took place in which country?","correct_answer":"France","incorrect_answers":["Germany","Italy","Austria"]},{"category":"History","type":"multiple","difficulty":"medium","question":"Which of the following ancient Near Eastern peoples still exists as a modern ethnic group?","correct_answer":"Assyrians","incorrect_answers":["Babylonians","Hittites","Elamites"]},{"category":"Geography","type":"multiple","difficulty":"hard","question":"The mountainous Khyber Pass connects which of the two following countries?","correct_answer":"Afghanistan and Pakistan","incorrect_answers":["India and Nepal","Pakistan and India","Tajikistan and Kyrgyzstan"]},{"category":"Politics","type":"multiple","difficulty":"easy","question":"The largest consumer market in 2015 was...","correct_answer":"The United States of America","incorrect_answers":["Germany","Japan","United Kingdom"]},{"category":"History","type":"multiple","difficulty":"medium","question":"The creator of the Enigma Cypher and Machine was of what nationality?","correct_answer":"German","incorrect_answers":["American","British","Polish"]},{"category":"Entertainment: Video Games","type":"boolean","difficulty":"easy","question":"Donkey Kong was originally set to be a Popeye arcade game.","correct_answer":"True","incorrect_answers":["False"]},{"category":"Science & Nature","type":"multiple","difficulty":"hard","question":"Which of these chemical compounds is NOT found in gastric acid?","correct_answer":"Sulfuric acid","incorrect_answers":["Hydrochloric acid","Potassium chloride","Sodium chloride"]},{"category":"Entertainment: Film","type":"multiple","difficulty":"medium","question":"In the 1979 British film &quot;Quadrophenia&quot; what is the name of the main protagonist?","correct_answer":"Jimmy Cooper","incorrect_answers":["Pete Townshend","Franc Roddam","Archie Bunker"]},{"category":"Entertainment: Video Games","type":"multiple","difficulty":"easy","question":"In Undertale, what&#039;s the prize for answering correctly?","correct_answer":"More questions","incorrect_answers":["New car","Mercy","Money"]},{"category":"Entertainment: Music","type":"multiple","difficulty":"medium","question":"Which country does the power metal band &quot;Sabaton&quot; originate from?","correct_answer":"Sweden","incorrect_answers":["Germany","United States","Finland"]},{"category":"Geography","type":"multiple","difficulty":"hard","question":"Where is the fast food chain &quot;Panda Express&quot; headquartered?","correct_answer":"Rosemead, California","incorrect_answers":["Sacramento, California","Fresno, California","San Diego, California"]},{"category":"Entertainment: Film","type":"multiple","difficulty":"hard","question":"In the movie &quot;Scream&quot; who is Ghost Face?","correct_answer":"Billy Loomis and Stu Macher","incorrect_answers":["Dewey Riley","Sidney Prescott","Archie Prescott and Philip Marv"]},{"category":"Entertainment: Music","type":"multiple","difficulty":"easy","question":"Which 80s band is fronted by singer\/guitarist Robert Smith?","correct_answer":"The Cure","incorrect_answers":["The Smiths","Echo &amp; the Bunnymen","New Order"]},{"category":"Entertainment: Video Games","type":"multiple","difficulty":"medium","question":"In the Half-Life franchise, what is the real name of the &quot;gravity gun&quot;?","correct_answer":"Zero-Point Energy Field Manipulator","incorrect_answers":["Universal Gravity Manipulation Device","Isaac Newton&#039;s Theory Disprover","Quantum Energy Displacement Modifier"]},{"category":"Entertainment: Video Games","type":"multiple","difficulty":"medium","question":"In the video game &quot;League of Legends&quot; which character is known as &quot;The Sinister Blade&quot;?","correct_answer":"Katarina","incorrect_answers":["Shaco","Akali","Zed"]},{"category":"Entertainment: Video Games","type":"multiple","difficulty":"easy","question":"In what year was the game &quot;FTL: Faster Than Light&quot; released?","correct_answer":"2012","incorrect_answers":["2014","2013","2011"]},{"category":"Entertainment: Music","type":"multiple","difficulty":"medium","question":"What is the first track on Kanye West&#039;s 808s &amp; Heartbreak?","correct_answer":"Say You Will","incorrect_answers":["Welcome to Heartbreak","Street Lights","Heartless"]},{"category":"Vehicles","type":"multiple","difficulty":"medium","question":"Which one of the following is not made by Ford?","correct_answer":"Camry","incorrect_answers":["Fusion","Model A","F-150"]},{"category":"Entertainment: Video Games","type":"multiple","difficulty":"easy","question":"Valve Corporation is an American video game developer located in which city?","correct_answer":"Bellevue, Washington","incorrect_answers":["Austin, Texas","Seattle, Washington","San Francisco, California"]},{"category":"Entertainment: Video Games","type":"multiple","difficulty":"medium","question":"Which one of these was not a member of the Fiendish Five in the game Sly Cooper and the Thievius Raccoonus?","correct_answer":"Dimitri Lousteau","incorrect_answers":["Mz. Ruby","Muggshot","Clockwerk"]},{"category":"Entertainment: Television","type":"multiple","difficulty":"medium","question":"How many seasons did the TV show &quot;Donkey Kong Country&quot; last?","correct_answer":"2","incorrect_answers":["1","4","5"]},{"category":"Entertainment: Video Games","type":"multiple","difficulty":"medium","question":"In Dota 2, what is Earthshaker&#039;s real name?","correct_answer":"Raigor Stonehoof","incorrect_answers":["Banehallow Ambry","Carl","Barathrum"]},{"category":"Entertainment: Japanese Anime & Manga","type":"multiple","difficulty":"medium","question":"Krusty is the guild master of which guild in &quot;Log Horizon&quot;?","correct_answer":"D. D. D","incorrect_answers":["Silver Sword","West Wind Brigade","Oceanic Systems (Marine Agency)"]},{"category":"Science: Gadgets","type":"multiple","difficulty":"easy","question":"When was the iPhone released?","correct_answer":"2007","incorrect_answers":["2005","2006","2004"]},{"category":"Entertainment: Video Games","type":"multiple","difficulty":"medium","question":"What is the name of the creature that the main character befriends in &quot;The Last Guardian&quot;?","correct_answer":"Trico","incorrect_answers":["Nico","Wolf","Andazi"]},{"category":"Entertainment: Board Games","type":"boolean","difficulty":"medium","question":"&quot;Rich Uncle Pennybags&quot; from the board game &quot;Monopoly&quot; wears a monocle.","correct_answer":"False","incorrect_answers":["True"]},{"category":"Politics","type":"multiple","difficulty":"easy","question":"Former United States President Bill Clinton famously played which instrument?","correct_answer":"Saxophone","incorrect_answers":["Baritone horn","Piano","Violin"]},{"category":"Entertainment: Television","type":"multiple","difficulty":"medium","question":"What is the name of the main antagonists in Battlestar Galactica?","correct_answer":"The Cylons","incorrect_answers":["The Collective","The Federation","The Rebels"]},{"category":"Entertainment: Video Games","type":"boolean","difficulty":"medium","question":"&quot;Return to Castle Wolfenstein&quot; was the only game of the Wolfenstein series where you don&#039;t play as William &quot;B.J.&quot; Blazkowicz.","correct_answer":"False","incorrect_answers":["True"]},{"category":"Entertainment: Video Games","type":"multiple","difficulty":"medium","question":"What is the name of Joel&#039;s daughter in the game, &quot;The Last of Us&quot;? ","correct_answer":"Sarah","incorrect_answers":["Ellie","Tess","Marlene"]},{"category":"Entertainment: Comics","type":"multiple","difficulty":"hard","question":"In 1978, Superman teamed up with what celebrity, to defeat an alien invasion?","correct_answer":"Muhammad Ali","incorrect_answers":["Mike Tyson","Sylvester Stallone","Arnold Schwarzenegger"]},{"category":"Geography","type":"multiple","difficulty":"easy","question":"What is the capital of South Korea?","correct_answer":"Seoul","incorrect_answers":["Pyongyang","Taegu","Kitakyushu"]},{"category":"Entertainment: Comics","type":"multiple","difficulty":"hard","question":"Which of the following rings from the DC Comics&#039; &quot;Lantern Corps&quot; are classified as Parasitic?","correct_answer":"Indigo (Compassion)","incorrect_answers":["Green (Willpower)","White (Life)","Yellow (Fear)"]},{"category":"History","type":"multiple","difficulty":"easy","question":"Which modern country is known as &quot;The Graveyard of Empires&quot;?","correct_answer":"Afghanistan","incorrect_answers":["China","Iraq","Russia"]},{"category":"Entertainment: Video Games","type":"boolean","difficulty":"easy","question":"&quot;Sonic the Hedgehog 2&quot; originally was going to have a time travel system.","correct_answer":"True","incorrect_answers":["False"]},{"category":"Entertainment: Music","type":"boolean","difficulty":"medium","question":"Dave Grohl recorded the Foo Fighters&#039; debut, &quot;Foo Fighters,&quot; by himself.","correct_answer":"True","incorrect_answers":["False"]},{"category":"Entertainment: Music","type":"boolean","difficulty":"medium","question":"A Facebook campaign placed Rage Against The Machine&#039;s &quot;Killing in the Name Of&quot; as the UK Christmas Number 1 in 2009.","correct_answer":"True","incorrect_answers":["False"]},{"category":"Sports","type":"multiple","difficulty":"easy","question":"Which boxer was banned for taking a bite out of Evander Holyfield&#039;s ear in 1997?","correct_answer":"Mike Tyson","incorrect_answers":["Roy Jones Jr.","Evander Holyfield","Lennox Lewis"]},{"category":"Celebrities","type":"multiple","difficulty":"medium","question":"Which TV chef wrote an autobiography titled &quot;Humble Pie&quot;?","correct_answer":"Gordon Ramsay","incorrect_answers":["Jamie Oliver","Ainsley Harriott","Antony Worrall Thompson"]},{"category":"Entertainment: Video Games","type":"multiple","difficulty":"medium","question":"In &quot;PUBATTLEGROUNDS&quot; what is the name of the Military Base island?","correct_answer":"Sosnovka","incorrect_answers":["Novorepnoye","Mylta","Yasnaya"]},{"category":"Entertainment: Television","type":"multiple","difficulty":"medium","question":"Out of the 3 Tots in Tots TV, who speaks French in the UK Version and Spanish in the US Version?","correct_answer":"Tilly","incorrect_answers":["Tom","Tiny","None of the Above"]},{"category":"Geography","type":"multiple","difficulty":"medium","question":"Lake Titicaca is located between which two nations?","correct_answer":"Peru and Bolivia","incorrect_answers":["Kenya and Uganda","Mexico and the United States","India and Bangladesh"]},{"category":"General Knowledge","type":"multiple","difficulty":"easy","question":"Which of the following is not the host of a program on NPR?","correct_answer":"Ben Shapiro","incorrect_answers":["Terry Gross","Ira Glass","Peter Sagal"]},{"category":"Science & Nature","type":"multiple","difficulty":"medium","question":"What is Hypernatremia?","correct_answer":"Increase in blood sodium","incorrect_answers":["Decrease in blood potassium","Increase in blood glucose","Decrease in blood iron"]},{"category":"Entertainment: Video Games","type":"multiple","difficulty":"hard","question":"In the game Enter the Gungeon, which one of these is not a playable character?","correct_answer":"The Wizard","incorrect_answers":["The Bullet","The Robot","The Cultist"]},{"category":"Sports","type":"multiple","difficulty":"medium","question":"Who was the top scorer of the 2014 FIFA World Cup?","correct_answer":"James Rodr&iacute;guez","incorrect_answers":["Thomas M&uuml;ller","Lionel Messi","Neymar"]}]}