{"response_code":0,"results":[{"category":"Entertainment: Video Games","type":"multiple","difficulty":"easy","question":"Which popular First Person Shooter (FPS) franchise, got a Real Time Strategy (RTS) game developed based on its universe?","correct_answer":"Halo","incorrect_answers":["Battlefield","Call of Duty","Borderlands"]},{"category":"Entertainment: Film","type":"multiple","difficulty":"medium","question":"In which 1973 film does Yul Brynner play a robotic cowboy who malfunctions and goes on a killing\tspree?","correct_answer":"Westworld","incorrect_answers":["Runaway","Android","The Terminators"]},{"category":"Entertainment: Film","type":"multiple","difficulty":"easy","question":"Which movie contains the quote, &quot;Say hello to my little friend!&quot;?","correct_answer":"Scarface","incorrect_answers":["Reservoir Dogs","Heat","Goodfellas"]},{"category":"Entertainment: Musicals & Theatres","type":"multiple","difficulty":"medium","question":"In which Shakespeare play does the character Marcellus say, &quot;Something is rotten in the state of Denmark&quot;?","correct_answer":"Hamlet","incorrect_answers":["Macbeth","King Lear","Twelfth Night"]},{"category":"Science & Nature","type":"multiple","difficulty":"easy","question":"What is the powerhouse of the cell?","correct_answer":"Mitochondria","incorrect_answers":["Ribosome","Redbull","Nucleus"]},{"category":"Politics","type":"boolean","difficulty":"easy","question":"The S in Harry S. Truman stands for &quot;Samuel&quot;.","correct_answer":"False","incorrect_answers":["True"]},{"category":"Geography","type":"multiple","difficulty":"hard","question":"Which country is completely landlocked by South Africa?","correct_answer":"Lesotho","incorrect_answers":["Swaziland","Botswana","Zimbabwe"]},{"category":"Entertainment: Video Games","type":"boolean","difficulty":"medium","question":"The Ace Attorney trilogy was suppose to end with &quot;Phoenix Wright: Ace Attorney &minus; Trials and Tribulations&quot; as its final game.","correct_answer":"True","incorrect_answers":["False"]},{"category":"Vehicles","type":"multiple","difficulty":"medium","question":"When was Tesla founded?","correct_answer":"2003","incorrect_answers":["2008","2005","2007"]},{"category":"Entertainment: Video Games","type":"multiple","difficulty":"medium","question":"Who voices Max Payne in the 2001 game &quot;Max Payne&quot;?","correct_answer":"James McCaffrey","incorrect_answers":["Sam Lake","Troy Baker","Hideo Kojima"]},{"category":"Entertainment: Video Games","type":"boolean","difficulty":"medium","question":"Tony Hawk&#039;s Pro Skater was released in 1999.","correct_answer":"True","incorrect_answers":["False"]},{"category":"Sports","type":"boolean","difficulty":"medium","question":"Skateboarding will be included in the 2020 Summer Olympics in Tokyo.","correct_answer":"True","incorrect_answers":["False"]},{"category":"History","type":"multiple","difficulty":"easy","question":"Which modern day country is the region that was known as Phrygia in ancient times?","correct_answer":"Turkey","incorrect_answers":["Syria","Greece","Egypt"]},{"category":"Science & Nature","type":"boolean","difficulty":"easy","question":"Salt is 100% composed of Sodium.","correct_answer":"False","incorrect_answers":["True"]},{"category":"Entertainment: Japanese Anime & Manga","type":"multiple","difficulty":"hard","question":"Which of the following countries does &quot;JoJo&#039;s Bizarre Adventure: Stardust Crusaders&quot; not take place in?","correct_answer":"Philippines","incorrect_answers":["India","Pakistan","Egypt"]},{"category":"Entertainment: Music","type":"multiple","difficulty":"medium","question":"Which one of these Rammstein songs has two official music videos?","correct_answer":"Du Riechst So Gut","incorrect_answers":["Du Hast","Benzin","Mein Teil"]},{"category":"Entertainment: Music","type":"multiple","difficulty":"medium","question":"Which of these songs by artist Eminem contain the lyric &quot;Nice to meet you. Hi, my name is... I forgot my name!&quot;?","correct_answer":"Rain Man","incorrect_answers":["Without Me","Kim","Square Dance"]},{"category":"Geography","type":"boolean","difficulty":"medium","question":"The capital of the US State Ohio is the city of Chillicothe.","correct_answer":"False","incorrect_answers":["True"]},{"category":"Entertainment: Comics","type":"multiple","difficulty":"medium","question":"Which of the following superheros did Wonder Woman NOT have a love interest in?","correct_answer":"Green Arrow","incorrect_answers":["Superman","Batman","Steve Trevor"]},{"category":"Science: Computers","type":"multiple","difficulty":"medium","question":"In programming, the ternary operator is mostly defined with what symbol(s)?","correct_answer":"?:","incorrect_answers":["??","if then","?"]},{"category":"Entertainment: Comics","type":"multiple","difficulty":"medium","question":"Who wrote the Batman comic series &quot;The Killing Joke&quot;?","correct_answer":"Alan Moore","incorrect_answers":["Bill Finger","Frank Miller","Jerry Siegel"]},{"category":"General Knowledge","type":"multiple","difficulty":"hard","question":"Which one of these Swedish companies was founded in 1943?","correct_answer":"IKEA","incorrect_answers":["H &amp; M","Lindex","Clas Ohlson"]},{"category":"Sports","type":"boolean","difficulty":"medium","question":"Formula E is an auto racing series that uses hybrid electric race cars.","correct_answer":"False","incorrect_answers":["True"]},{"category":"Geography","type":"multiple","difficulty":"easy","question":"How many stars are featured on New Zealand&#039;s flag?","correct_answer":"4","incorrect_answers":["5","2","0"]},{"category":"Entertainment: Video Games","type":"multiple","difficulty":"medium","question":"In the Mass Effect trilogy, who is the main protagonist?","correct_answer":"Shepard","incorrect_answers":["Mordin","Garrus","Thane"]},{"category":"Entertainment: Music","type":"multiple","difficulty":"medium","question":"Which of the following bands is Tom DeLonge not a part of?","correct_answer":"+44","incorrect_answers":["Box Car Racer","Blink-182","Angels &amp; Airwaves"]},{"category":"Entertainment: Video Games","type":"multiple","difficulty":"hard","question":"How many trophies are there in &quot;Super Smash Bros. for Nintendo 3DS&quot;?","correct_answer":"685","incorrect_answers":["1360","716","1155"]},{"category":"Geography","type":"multiple","difficulty":"easy","question":"What is the capital of Spain?","correct_answer":"Madrid","incorrect_answers":["Barcelona","Sevilla","Toledo"]},{"category":"Vehicles","type":"multiple","difficulty":"medium","question":"What nickname was given to Air Canada Flight 143 after it ran out of fuel and glided to safety in 1983?","correct_answer":"Gimli Glider","incorrect_answers":["Gimli Microlight","Gimli Chaser","Gimli Superb"]},{"category":"Entertainment: Video Games","type":"multiple","difficulty":"easy","question":"Which of the following is not a character in the Street Fighter series?","correct_answer":"Mai Shiranui","incorrect_answers":["Laura Matsuda","Sakura Kasugano","Ibuki"]},{"category":"Sports","type":"multiple","difficulty":"hard","question":"What is the full name of the footballer &quot;Cristiano Ronaldo&quot;?","correct_answer":"Cristiano Ronaldo dos Santos Aveiro","incorrect_answers":["Cristiano Ronaldo los Santos Diego","Cristiano Armando Diego Ronaldo","Cristiano Luis Armando Ronaldo"]},{"category":"History","type":"boolean","difficulty":"hard","question":"During the Winter War, the amount of Soviet Union soliders that died or went missing was five times more than Finland&#039;s.","correct_answer":"True","incorrect_answers":["False"]},{"category":"Entertainment: Japanese Anime & Manga","type":"boolean","difficulty":"hard","question":"In the &quot;To Love-Ru&quot; series, Peke is considered a female robot.","correct_answer":"True","incorrect_answers":["False"]},{"category":"Entertainment: Video Games","type":"multiple","difficulty":"medium","question":"What was the main currency in Club Penguin?","correct_answer":"Coins","incorrect_answers":["Stamps","Tickets","Gems"]},{"category":"Celebrities","type":"multiple","difficulty":"easy","question":"By which name is Ramon Estevez better known as?","correct_answer":"Martin Sheen","incorrect_answers":["Charlie Sheen","Ramon Sheen","Emilio Estevez"]},{"category":"Entertainment: Comics","type":"multiple","difficulty":"medium","question":"The stuffed tiger in Calvin and Hobbes is named after what philosopher?","correct_answer":"Thomas Hobbes","incorrect_answers":["David Hobbes","John Hobbes","Nathaniel Hobbes"]},{"category":"Geography","type":"multiple","difficulty":"easy","question":"What is the capital of Scotland?","correct_answer":"Edinburgh","incorrect_answers":["Glasgow","Dundee","London"]},{"category":"Geography","type":"multiple","difficulty":"medium","question":"How many rivers are in Saudi Arabia?","correct_answer":"0","incorrect_answers":["1","2","3"]},{"category":"Art","type":"multiple","difficulty":"easy","question":"Who painted The Starry Night?","correct_answer":"Vincent van Gogh","incorrect_answers":["Pablo Picasso","Leonardo da Vinci","Michelangelo"]},{"category":"Entertainment: Books","type":"multiple","difficulty":"hard","question":"Which author co-wrote &quot;The Communist Manifesto&quot; alongside Karl Marx?","correct_answer":"Friedrich Engels","incorrect_answers":["Robert Owen","Alexander Kerensky","Paul Lafargue"]},{"category":"Entertainment: Video Games","type":"multiple","difficulty":"medium","question":"Which of the following games has the most playable characters?","correct_answer":"Timesplitters: Future Perfect","incorrect_answers":["Mortal Kombat: Armageddon","Marvel Vs. Capcom 2","Dragon Ball Z: Budokai Tenkaichi 3"]},{"category":"Art","type":"boolean","difficulty":"hard","question":"The Statue of Liberty&#039;s official name is &ldquo;Liberty Enlightening the World&rdquo;.","correct_answer":"True","incorrect_answers":["False"]},{"category":"Science & Nature","type":"multiple","difficulty":"medium","question":"Which of the following spacecraft never touched the moon?","correct_answer":"Mariner 4","incorrect_answers":["Apollo 11","Luna 2","SMART-1"]},{"category":"Science: Computers","type":"multiple","difficulty":"hard","question":"What was the name of the first Bulgarian personal computer?","correct_answer":"IMKO-1","incorrect_answers":["Pravetz 82","Pravetz 8D","IZOT 1030"]},{"category":"Science: Mathematics","type":"multiple","difficulty":"hard","question":"The notion of a &quot;set that contains all sets which do not contain themselves&quot; is a paradoxical idea attributed to which English philospher?","correct_answer":"Bertrand Russel","incorrect_answers":["Francis Bacon","John Locke","Alfred North Whitehead"]},{"category":"Entertainment: Film","type":"multiple","difficulty":"hard","question":"The film Mad Max: Fury Road features the Dies Irae  from which composer&#039;s requiem?","correct_answer":"Verdi","incorrect_answers":["Mozart","Berlioz","Brahms"]},{"category":"History","type":"multiple","difficulty":"easy","question":"Which famous military commander marched an army, which included war elephants, over the Alps during the Second Punic War?","correct_answer":"Hannibal","incorrect_answers":["Garmanicus","Alexander the Great","Tiberius"]},{"category":"Entertainment: Film","type":"multiple","difficulty":"medium","question":"What is the name of the foley artist who designed the famous sounds of Star Wars, including Chewbacca&#039;s roar and R2-D2&#039;s beeps and whistles?","correct_answer":"Ben Burtt","incorrect_answers":["Ken Burns","Ralph McQuarrie","Miranda Keyes"]},{"category":"Entertainment: Video Games","type":"multiple","difficulty":"medium","question":"In which U.S. state is Far Cry 5&#039;s fictional setting &#039;Hope County&#039; located?","correct_answer":"Montana","incorrect_answers":["Idaho","Wyoming","North Carolina"]},{"category":"Science & Nature","type":"multiple","difficulty":"medium","question":"How old is the universe?","correct_answer":"13.8 Billion Years","incorrect_answers":["4.5 Billion Years","7.9 Billion Years","16.2 Billion Years"]}]}