{"response_code":0,"results":[{"category":"Entertainment: Video Games","type":"multiple","difficulty":"easy","question":"In which series of games do you collect souls to empower you and buy weaponry and armor with?","correct_answer":"Souls ","incorrect_answers":["Final Fantasy ","Monster Hunter","The Legend of Zelda"]},{"category":"Mythology","type":"multiple","difficulty":"easy","question":"Who was the only god from Greece who did not get a name change in Rome?","correct_answer":"Apollo","incorrect_answers":["Demeter","Zeus","Athena"]},{"category":"Entertainment: Books","type":"multiple","difficulty":"hard","question":"Who wrote the novel &quot;Moby-Dick&quot;?","correct_answer":"Herman Melville","incorrect_answers":["William Golding","William Shakespeare","J. R. R. Tolkien"]},{"category":"Geography","type":"multiple","difficulty":"medium","question":"Montreal is in which Canadian province?","correct_answer":"Quebec","incorrect_answers":["Ontario","Nova Scotia","Alberta"]},{"category":"Entertainment: Video Games","type":"multiple","difficulty":"hard","question":"In the Super Mario Bros. Series, what is Yoshi&#039;s scientific name?","correct_answer":"T. Yoshisaur Munchakoopas","incorrect_answers":["Yoshi","T. Yoshisotop Munchakoopas","Yossy"]},{"category":"Entertainment: Video Games","type":"multiple","difficulty":"easy","question":"What is the most expensive weapon in Counter-Strike: Global Offensive?","correct_answer":"Scar-20\/G3SG1","incorrect_answers":["M4A1","AWP","R8 Revolver"]},{"category":"Entertainment: Video Games","type":"multiple","difficulty":"easy","question":"What is Pikachu&#039;s National Pok&eacute;Dex Number?","correct_answer":"#025","incorrect_answers":["#001","#031","#109"]},{"category":"Entertainment: Music","type":"multiple","difficulty":"medium","question":"Who is the primary lyricist for Canadian progressive rock band Rush?","correct_answer":"Neil Peart","incorrect_answers":["Geddy Lee","Alex Lifeson","John Rutsey"]},{"category":"Entertainment: Video Games","type":"multiple","difficulty":"medium","question":"What is the name of the currency in the &quot;Animal Crossing&quot; series?","correct_answer":"Bells","incorrect_answers":["Sea Shells","Leaves","Bugs"]},{"category":"Entertainment: Books","type":"multiple","difficulty":"hard","question":"In the &quot;Harry Potter&quot; series, what is Headmaster Dumbledore&#039;s full name?","correct_answer":"Albus Percival Wulfric Brian Dumbledore","incorrect_answers":["Albus Valum Jetta Mobius Dumbledore","Albus James Lunae Otto Dumbledore","Albus Valencium Horatio Kul Dumbledore"]},{"category":"Sports","type":"multiple","difficulty":"easy","question":"In baseball, how many fouls are an out?","correct_answer":"0","incorrect_answers":["5","3","2"]},{"category":"Science: Computers","type":"multiple","difficulty":"easy","question":"What does the Prt Sc button do?","correct_answer":"Captures what&#039;s on the screen and copies it to your clipboard","incorrect_answers":["Nothing","Saves a .png file of what&#039;s on the screen in your screenshots folder in photos","Closes all windows"]},{"category":"Entertainment: Video Games","type":"multiple","difficulty":"easy","question":"Who is the main character in &quot;The Stanley Parable&quot;?","correct_answer":"Stanley","incorrect_answers":["The Adventure Line","The Narrator","The Boss"]},{"category":"Entertainment: Video Games","type":"multiple","difficulty":"medium","question":"Which one of the following actors did not voice a character in &quot;Saints Row: The Third&quot;?","correct_answer":"Ron Jeremy","incorrect_answers":["Sasha Grey","Burt Reynolds","Hulk Hogan"]},{"category":"Entertainment: Video Games","type":"multiple","difficulty":"easy","question":"Which of these is NOT a team available in the game Pok&eacute;mon Go?","correct_answer":"Team Rocket","incorrect_answers":["Team Instinct","Team Valor","Team Mystic"]},{"category":"Entertainment: Comics","type":"multiple","difficulty":"medium","question":"What is the name of the comic about a young boy, and a tiger who is actually a stuffed animal?","correct_answer":"Calvin and Hobbes","incorrect_answers":["Winnie the Pooh","Albert and Pogo","Peanuts"]},{"category":"Science & Nature","type":"multiple","difficulty":"easy","question":"What was the name of the first artificial Earth satellite, launched by the Soviet Union in 1957?","correct_answer":"Sputnik 1","incorrect_answers":["Soyuz 7K-OK","Zenit-2","Voskhod 3KV"]},{"category":"Science & Nature","type":"multiple","difficulty":"hard","question":"What is the scientific name of the red fox?","correct_answer":"Vulpes Vulpes","incorrect_answers":["Vulpes Redus","Red Fox","Vulpes Vulpie"]},{"category":"Entertainment: Music","type":"multiple","difficulty":"medium","question":"What&#039;s the most common time signature for rock songs?","correct_answer":"4\/4","incorrect_answers":["1\/2","8\/12","2\/4"]},{"category":"Science: Computers","type":"multiple","difficulty":"medium","question":"In the programming language &quot;Python&quot;, which of these statements would display the string &quot;Hello World&quot; correctly?","correct_answer":"print(&quot;Hello World&quot;)","incorrect_answers":["console.log(&quot;Hello World&quot;)","echo &quot;Hello World&quot;","printf(&quot;Hello World&quot;)"]},{"category":"Entertainment: Comics","type":"multiple","difficulty":"easy","question":"This Marvel superhero is often called &quot;The man without fear&quot;.","correct_answer":"Daredevil","incorrect_answers":["Thor","Wolverine","Hulk"]},{"category":"Entertainment: Video Games","type":"multiple","difficulty":"easy","question":"In Animal Crossing, who is the manager of the town shop?","correct_answer":"Tom Nook","incorrect_answers":["Mr. Resetti","Gracie","K.K. Slider"]},{"category":"Entertainment: Video Games","type":"multiple","difficulty":"medium","question":"What level do you have to be to get a service medal on CS:GO?","correct_answer":"40","incorrect_answers":["50","30","20"]},{"category":"Science: Computers","type":"multiple","difficulty":"hard","question":"Which of the following is the oldest of these computers by release date?","correct_answer":"TRS-80","incorrect_answers":["Commodore 64","ZX Spectrum","Apple 3"]},{"category":"Entertainment: Music","type":"multiple","difficulty":"easy","question":"Which song on Daft Punk&#039;s &quot;Random Access Memories&quot; features Pharrell Williams?","correct_answer":"Get Lucky","incorrect_answers":["Doin&#039; It Right","Instant Crush","The Game of Love"]},{"category":"Entertainment: Video Games","type":"multiple","difficulty":"hard","question":"The creeper in Minecraft was the result of a bug while implementing which creature?","correct_answer":"Pig","incorrect_answers":["Zombie","Chicken","Cow"]},{"category":"History","type":"boolean","difficulty":"easy","question":"In World War ll, Great Britian used inflatable tanks on the ports of Great Britain to divert Hitler away from Normandy\/D-day landing.","correct_answer":"True","incorrect_answers":["False"]},{"category":"Entertainment: Film","type":"multiple","difficulty":"easy","question":"In the 2012 film, &quot;The Lorax&quot;, who is the antagonist?","correct_answer":"Aloysius O&#039;Hare","incorrect_answers":["Ted Wiggins","The Once-Ler","Grammy Norma"]},{"category":"History","type":"multiple","difficulty":"medium","question":"Which Las Vegas casino was originally constructed and operated by mobster Bugsy Siegel?","correct_answer":"The Flamingo","incorrect_answers":["The MGM Grand","The Sands","The Sahara"]},{"category":"General Knowledge","type":"multiple","difficulty":"medium","question":"What is the Portuguese word for &quot;Brazil&quot;?","correct_answer":"Brasil","incorrect_answers":["Brazil","Brasilia","Bras&iacute;l"]},{"category":"Entertainment: Television","type":"boolean","difficulty":"easy","question":"In &quot;Star Trek&quot;, Klingons are aliens.","correct_answer":"True","incorrect_answers":["False"]},{"category":"General Knowledge","type":"multiple","difficulty":"easy","question":"Which of the following card games revolves around numbers and basic math?","correct_answer":"Uno","incorrect_answers":["Go Fish","Twister","Munchkin"]},{"category":"Entertainment: Television","type":"multiple","difficulty":"hard","question":"In &quot;Star Trek&quot;, what sauce is commonly used by Klingons on bregit lung?","correct_answer":"Grapok sauce","incorrect_answers":["Gazorpazorp pudding","Sweet chili sauce","Grapork sauce"]},{"category":"Geography","type":"multiple","difficulty":"medium","question":"What was the most populous city in the Americas in 2015?","correct_answer":"S&atilde;o Paulo","incorrect_answers":["New York","Mexico City","Los Angeles"]},{"category":"Entertainment: Video Games","type":"multiple","difficulty":"hard","question":"In the &quot;Little Lost Girl&quot; Easter Egg in Call of Duty: Black Ops II, what&#039;s the last step required for the achievement?","correct_answer":"Raise Hell","incorrect_answers":["Freedom","Skewer the Winged Beast","Ascend from Darkness"]},{"category":"Science & Nature","type":"multiple","difficulty":"hard","question":"How much radiation does a banana emit?","correct_answer":"0.1 Microsievert","incorrect_answers":["0.3 Microsievert","0.5 Microsievert","0.7 Microsievert"]},{"category":"Entertainment: Film","type":"multiple","difficulty":"medium","question":"Who was the director of &quot;Scott Pilgrim vs. the World (2010)&quot;?","correct_answer":"Edgar Wright","incorrect_answers":["Phil Lord","Chris Miller","Seth Rogan"]},{"category":"Geography","type":"multiple","difficulty":"hard","question":"What is the land connecting North America and South America?","correct_answer":"Isthmus of Panama","incorrect_answers":["Isthmus of Suez","Urals","Australasia"]},{"category":"General Knowledge","type":"boolean","difficulty":"hard","question":"Stagecoach owned &quot;South West Trains&quot; before losing the rights to FirstGroup and MTR in March of 2017.","correct_answer":"True","incorrect_answers":["False"]},{"category":"Politics","type":"multiple","difficulty":"medium","question":"Who was elected leader of the UK Labour Party in September 2015?","correct_answer":"Jeremy Corbyn","incorrect_answers":["Ed Miliband","David Cameron","Theresa May"]},{"category":"Entertainment: Japanese Anime & Manga","type":"multiple","difficulty":"hard","question":"The &quot;To Love-Ru&quot; Manga was started in what year?","correct_answer":"2006","incorrect_answers":["2007","2004","2005"]},{"category":"Politics","type":"multiple","difficulty":"medium","question":"What was the personal nickname of the 40th Governor of the US State Louisiana, Huey Long?","correct_answer":"The Kingfish","incorrect_answers":["The Champ","The Hoot Owl","The Oracle"]},{"category":"Entertainment: Video Games","type":"multiple","difficulty":"hard","question":"&quot;Exile&quot; and &quot;Revelations&quot; were the third and fourth installments of which PC game series?","correct_answer":"Myst","incorrect_answers":["Shivers","Doom","Tropico"]},{"category":"Entertainment: Comics","type":"multiple","difficulty":"medium","question":"In Calvin and Hobbes, what is the name of Susie&#039;s stuffed rabbit?","correct_answer":"Mr. Bun","incorrect_answers":["Mr. Bunbun","Mr. Rabbit","Mr. Hoppy"]},{"category":"History","type":"multiple","difficulty":"hard","question":"Toussaint Louverture led a successful slave revolt in which country?","correct_answer":"Haiti","incorrect_answers":["France","Cuba","United States"]},{"category":"Science: Mathematics","type":"multiple","difficulty":"easy","question":"How many sides does a trapezium have?","correct_answer":"4","incorrect_answers":["3","5","6"]},{"category":"History","type":"multiple","difficulty":"medium","question":"What was the name of the planned invasion of Japan towards the end of World War II?","correct_answer":"Operation Downfall","incorrect_answers":["Operation Boarding Party","Operation Ironclad","Operation Aflame"]},{"category":"Science: Computers","type":"multiple","difficulty":"hard","question":"Which of these is not a layer in the OSI model for data communications?","correct_answer":"Connection Layer","incorrect_answers":["Application Layer","Transport Layer","Physical Layer"]},{"category":"Entertainment: Video Games","type":"multiple","difficulty":"easy","question":"In Divinity: Original Sin II, what is the name of the skeletal origin character?","correct_answer":"Fane","incorrect_answers":["Lohse","The Red Prince","There are no skeletal origin characters"]},{"category":"Entertainment: Video Games","type":"multiple","difficulty":"hard","question":"In the Nintendo Game Splatoon 2, what is Marina&#039;s screen name?","correct_answer":"DJ_Hyperfresh","incorrect_answers":["MC.princess","Kidnotsquid123","I&lt;30ffTh3H00k"]}]}