{"response_code":0,"results":[{"category":"Entertainment: Video Games","type":"multiple","difficulty":"medium","question":"Who&#039;s the creator of Geometry Dash?","correct_answer":"Robert Topala","incorrect_answers":["Scott Cawthon","Adam Engels","Andrew Spinks"]},{"category":"Entertainment: Books","type":"multiple","difficulty":"medium","question":"Who wrote the &quot;A Song of Ice And Fire&quot; fantasy novel series?","correct_answer":"George R. R. Martin","incorrect_answers":["George Lucas","George Orwell","George Eliot"]},{"category":"Entertainment: Television","type":"multiple","difficulty":"easy","question":"What was the name of the police officer in the cartoon &quot;Top Cat&quot;?","correct_answer":"Dibble","incorrect_answers":["Barbrady","Mahoney","Murphy"]},{"category":"Entertainment: Books","type":"multiple","difficulty":"hard","question":"Which author and poet famously wrote the line, &quot;The female of the species is more deadly than the male&quot;?","correct_answer":"Rudyard Kipling","incorrect_answers":["Edgar Allan Poe","William Shakespeare","William Wordsworth"]},{"category":"Science: Computers","type":"multiple","difficulty":"easy","question":"The programming language &#039;Swift&#039; was created to replace what other programming language?","correct_answer":"Objective-C","incorrect_answers":["C#","Ruby","C++"]},{"category":"Entertainment: Video Games","type":"multiple","difficulty":"easy","question":"What is the protagonist&#039;s title given by the demons in DOOM (2016)?","correct_answer":"Doom Slayer","incorrect_answers":["Doom Guy","Doom Marine","Doom Reaper"]},{"category":"History","type":"multiple","difficulty":"medium","question":"What year did the Battle of Agincourt take place?","correct_answer":"1415","incorrect_answers":["1463","1401","1422"]},{"category":"Sports","type":"multiple","difficulty":"hard","question":"Where was the Games of the XXII Olympiad held?","correct_answer":"Moscow","incorrect_answers":["Barcelona","Tokyo","Los Angeles"]},{"category":"General Knowledge","type":"boolean","difficulty":"easy","question":"The Sun rises from the North.","correct_answer":"False","incorrect_answers":["True"]},{"category":"History","type":"boolean","difficulty":"easy","question":"Adolf Hitler was a german soldier in World War I.","correct_answer":"True","incorrect_answers":["False"]},{"category":"Celebrities","type":"multiple","difficulty":"medium","question":"When was Elvis Presley born?","correct_answer":"January 8, 1935","incorrect_answers":["December 13, 1931","July 18, 1940","April 17, 1938"]},{"category":"Entertainment: Music","type":"multiple","difficulty":"hard","question":"Which of these songs is NOT included in the Suicide Squad OST?","correct_answer":"Skies on Fire - AC\/DC","incorrect_answers":["Heathens - Twenty One Pilots","Without Me - Eminem","Fortunate Son - Creedence Clearwater Revival"]},{"category":"Entertainment: Video Games","type":"multiple","difficulty":"medium","question":"In the game Paper Mario for the Nintendo 64 the first partner you meet is a Goomba, what is its name?","correct_answer":"Goombario","incorrect_answers":["Goombella","Goombarry","Goomby"]},{"category":"History","type":"multiple","difficulty":"easy","question":"Who was the Prime Minister of Japan when Japan declared war on the US?","correct_answer":"Hideki Tojo","incorrect_answers":["Michinomiya Hirohito","Isoroku Yamamoto","Fumimaro Konoe"]},{"category":"Entertainment: Board Games","type":"boolean","difficulty":"easy","question":"There is a Donald Trump Board Game, which was made in 1989.","correct_answer":"True","incorrect_answers":["False"]},{"category":"Entertainment: Video Games","type":"multiple","difficulty":"easy","question":"In Need for Speed: Most Wanted (2005), what was the name of the main antagonist?","correct_answer":"Clarence &quot;Razor&quot; Callahan","incorrect_answers":["Hector &quot;Ming&quot; Domingo","Toru &quot;Bull&quot; Sato","Karl &quot;Baron&quot; Smit"]},{"category":"General Knowledge","type":"multiple","difficulty":"easy","question":"Which one of these is not a typical European sword design?","correct_answer":"Scimitar","incorrect_answers":["Falchion","Ulfberht","Flamberge"]},{"category":"Entertainment: Video Games","type":"multiple","difficulty":"easy","question":"In the video game Overwatch, which playable character is infamous for saying &quot;It&#039;s high noon.&quot;?","correct_answer":"McCree","incorrect_answers":["Hanzo","Pharah","Soldier: 76"]},{"category":"Sports","type":"multiple","difficulty":"hard","question":"Which male player won the gold medal of table tennis singles in 2016 Olympics Games?","correct_answer":"Ma Long (China)","incorrect_answers":["Zhang Jike (China)","Jun Mizutani (Japan)","Vladimir Samsonov (Belarus)"]},{"category":"Entertainment: Musicals & Theatres","type":"multiple","difficulty":"hard","question":"In Macbeth, the eyes of what animals were used in the Witches&#039; cauldron?","correct_answer":"Newts","incorrect_answers":["Humans","Sharks","Squids"]},{"category":"Entertainment: Film","type":"boolean","difficulty":"easy","question":"Brandon Routh plays the titular character in the movie &quot;John Wick&quot;.","correct_answer":"False","incorrect_answers":["True"]},{"category":"Entertainment: Television","type":"multiple","difficulty":"easy","question":"What is the name of the main character in &quot;The Flash&quot; TV series?","correct_answer":"Barry Allen","incorrect_answers":["Oliver Queen","Bart Allen","Bruce Wayne"]},{"category":"Entertainment: Board Games","type":"multiple","difficulty":"medium","question":"In Yu-Gi-Oh, how does a player perform an Xyz Summon?","correct_answer":"Overlay at least 2 Monsters of the Same Level","incorrect_answers":["Activate a Spell and Send Monsters to the Graveyard","Add the Monsters&#039; Levels Together to Match the Xyz Monster","Banish A Number of Monsters From Your Hand And Deck"]},{"category":"Entertainment: Japanese Anime & Manga","type":"multiple","difficulty":"medium","question":"What year did &quot;Attack on Titan&quot; Season 2 begin airing?","correct_answer":"2017","incorrect_answers":["2018","2019","2020"]},{"category":"Entertainment: Video Games","type":"multiple","difficulty":"easy","question":"&quot;The Potato Sack&quot; was a collection of indie games released on Steam in 2011 as a promotion for which game?","correct_answer":"Portal 2","incorrect_answers":["Left 4 Dead 2","Half-Life 3","Dota 2"]},{"category":"Entertainment: Books","type":"multiple","difficulty":"medium","question":"In the &quot;Harry Potter&quot; novels, what must a Hogwarts student do to enter the Ravenclaw Common Room?","correct_answer":"Answer a riddle","incorrect_answers":["Rhythmically tap barrels with a wand","Speak a password","Knock in sequence"]},{"category":"Entertainment: Japanese Anime & Manga","type":"multiple","difficulty":"medium","question":"The character Plum from &quot;No Game No Life&quot; is of what race?","correct_answer":"Dhampir","incorrect_answers":["Fl&uuml;gel","Imanity","Seiren"]},{"category":"Vehicles","type":"multiple","difficulty":"easy","question":"The LS2 engine is how many cubic inches?","correct_answer":"364","incorrect_answers":["346","376","402"]},{"category":"Entertainment: Video Games","type":"multiple","difficulty":"medium","question":"Which of these blocks in &quot;Minecraft&quot; has the lowest blast resistance?","correct_answer":"Sand","incorrect_answers":["End Stone","Water","Wood Planks"]},{"category":"Entertainment: Video Games","type":"multiple","difficulty":"easy","question":"In &quot;Overwatch&quot;, which hero is able to wallride?","correct_answer":"Lucio","incorrect_answers":["Reinhardt","Sombra","Mercy"]},{"category":"Entertainment: Video Games","type":"multiple","difficulty":"medium","question":"In &quot;Call Of Duty: Zombies&quot;, completing which map&#039;s main easter egg will reward you with the achievement, &quot;High Maintenance&quot;?","correct_answer":"Die Rise","incorrect_answers":["Mob Of The Dead","Origins","Ascension"]},{"category":"Entertainment: Film","type":"multiple","difficulty":"easy","question":"What is the name of the island that &quot;Jurassic Park&quot; is built on?","correct_answer":"Isla Nublar","incorrect_answers":["Isla Sorna","Isla Muerta","Isla Pena"]},{"category":"Entertainment: Film","type":"multiple","difficulty":"medium","question":"In the &quot;Jurassic Park&quot; universe, what is the name of the island that contains InGen&#039;s Site B?","correct_answer":"Isla Sorna","incorrect_answers":["Isla Nublar","Isla Pena","Isla Muerta"]},{"category":"Entertainment: Film","type":"multiple","difficulty":"hard","question":"In the &quot;Jurassic Park&quot; universe, when did &quot;Jurassic Park: San Diego&quot; begin construction?","correct_answer":"1985","incorrect_answers":["1988","1986","1993"]},{"category":"Entertainment: Cartoon & Animations","type":"multiple","difficulty":"hard","question":"In &quot;Gravity Falls&quot;, how much does Waddles weigh when Mable wins him in &quot;The Time Traveler&#039;s Pig&quot;?","correct_answer":"15 pounds","incorrect_answers":["20 pounds","10 pounds","30 pounds"]},{"category":"Entertainment: Film","type":"multiple","difficulty":"hard","question":"Which of the following films was directed by Ivan Reitman, written by Gary Ross, featured Kevin Kline, and was released in 1993?","correct_answer":"Dave","incorrect_answers":["John","Will","Carl"]},{"category":"Entertainment: Japanese Anime & Manga","type":"multiple","difficulty":"medium","question":"What studio animated Ouran High School Host Club?","correct_answer":"Bones","incorrect_answers":["Production I.G","Kyoto Animation","xebec"]},{"category":"Entertainment: Video Games","type":"multiple","difficulty":"hard","question":"Which one of these is NOT an official map in Counter-Strike: Global Offensive?","correct_answer":"de_season","incorrect_answers":["de_sugarcane","de_canals","de_militia"]},{"category":"Entertainment: Books","type":"multiple","difficulty":"medium","question":"Which novel by John Grisham was conceived on a road trip to Florida while thinking about stolen books with his wife?","correct_answer":"Camino Island","incorrect_answers":["Rogue Lawyer","Gray Mountain","The Litigators"]},{"category":"Entertainment: Video Games","type":"multiple","difficulty":"medium","question":"In &quot;Kingdom Hearts&quot;, what is the name of Sora&#039;s home world?","correct_answer":"Destiny Islands","incorrect_answers":["Agrabah","Land of Departure","Disney Town"]},{"category":"Entertainment: Cartoon & Animations","type":"multiple","difficulty":"medium","question":"In the show &quot;Fat Albert and the Cosby Kids&quot;, what is the name of the characters&#039; fictional gang?","correct_answer":"The Junkyard Gang","incorrect_answers":["The Trash Troupe","The Scrapyard Seven","The Rotten Posse"]},{"category":"Entertainment: Film","type":"multiple","difficulty":"hard","question":"What was Humphrey Bogart&#039;s middle name?","correct_answer":"DeForest","incorrect_answers":["DeWinter","Steven","Bryce"]},{"category":"Entertainment: Video Games","type":"multiple","difficulty":"easy","question":"Which member of the Velvet Room is not a playable character in Persona 4 Arena Ultimax?","correct_answer":"Theodore","incorrect_answers":["Elizabeth","Margaret","Marie"]},{"category":"Entertainment: Japanese Anime & Manga","type":"multiple","difficulty":"easy","question":"Who is the main heroine of the anime, Full Metal Panic!","correct_answer":"Kaname Chidori","incorrect_answers":["Teletha Testarossa","Melissa Mao","Kyoko Tokiwa"]},{"category":"General Knowledge","type":"multiple","difficulty":"hard","question":"The word &quot;astasia&quot; means which of the following?","correct_answer":"The inability to stand up","incorrect_answers":["The inability to make decisions","The inability to concentrate on anything","A feverish desire to rip one&#039;s clothes off"]},{"category":"Entertainment: Video Games","type":"multiple","difficulty":"medium","question":"Which Dota 1 hero changed gender when ported to Dota 2?","correct_answer":"Legion Commander","incorrect_answers":["Axe","Keeper of the Light","Templar Assassin"]},{"category":"Entertainment: Film","type":"multiple","difficulty":"easy","question":"Which of the following actors has only been in a Quentin Tarantino directed film once?","correct_answer":"John Travolta","incorrect_answers":["Christoph Waltz","Harvey Keitel","Samuel L. Jackson"]},{"category":"Science & Nature","type":"multiple","difficulty":"hard","question":"In the Scoville scale, what is the hottest chemical?","correct_answer":"Resiniferatoxin","incorrect_answers":["Capsaicin","Dihydrocapsaicin","Tinyatoxin"]},{"category":"Entertainment: Comics","type":"multiple","difficulty":"medium","question":"Who is the second person to take up the mantle of Night Owl in the Watchmen graphic novel?","correct_answer":"Daniel Dreiberg","incorrect_answers":["Nelson Gardner","Hollis Mason","Adrian Veidt"]},{"category":"Science: Mathematics","type":"multiple","difficulty":"medium","question":"What type of function is x&sup2;+2x+1?","correct_answer":"Quadratic","incorrect_answers":["Rational","Linear","Exponential"]}]}