{"response_code":0,"results":[{"category":"Entertainment: Film","type":"multiple","difficulty":"easy","question":"Which of the following is not the name of a &quot;Bond Girl&quot;? ","correct_answer":"Vanessa Kensington","incorrect_answers":["Pam Bouvier","Mary Goodnight","Wai Lin"]},{"category":"Art","type":"multiple","difficulty":"hard","question":"Painter Piet Mondrian (1872 - 1944) was a part of what movement?","correct_answer":"Neoplasticism","incorrect_answers":["Precisionism","Cubism","Impressionism"]},{"category":"Entertainment: Video Games","type":"multiple","difficulty":"medium","question":"What is the main character of Metal Gear Solid 2?","correct_answer":"Raiden","incorrect_answers":["Solidus Snake","Big Boss","Venom Snake"]},{"category":"Entertainment: Music","type":"multiple","difficulty":"medium","question":"Who had a US and UK number 1 hit in 1962 with the instrumental, &#039;Telstar&#039;?","correct_answer":"The Tornados","incorrect_answers":["The Ventures","The Spotnicks","The Tremeloes"]},{"category":"Entertainment: Music","type":"multiple","difficulty":"easy","question":"Which rap group released the album &quot;Straight Outta Compton&quot;?","correct_answer":"N.W.A","incorrect_answers":["Wu-Tang Clan","Run-D.M.C.","Beastie Boys"]},{"category":"Entertainment: Film","type":"boolean","difficulty":"easy","question":"The film &quot;2001: A Space Odyssey&quot; was released on December 31st, 2000.","correct_answer":"False","incorrect_answers":["True"]},{"category":"Entertainment: Video Games","type":"multiple","difficulty":"medium","question":"In what engine was Titanfall made in?","correct_answer":"Source Engine","incorrect_answers":["Frostbite 3","Unreal Engine","Cryengine"]},{"category":"Entertainment: Video Games","type":"multiple","difficulty":"easy","question":"What was the name of the cancelled sequel of Team Fortress?","correct_answer":"Team Fortress 2: Brotherhood of Arms","incorrect_answers":["Team Fortress 2: Desert Mercenaries","Team Fortress 2: Operation Gear Grinder","Team Fortress 2: Return to Classic"]},{"category":"Geography","type":"boolean","difficulty":"easy","question":"The Republic of Malta is the smallest microstate worldwide.","correct_answer":"False","incorrect_answers":["True"]},{"category":"Science: Computers","type":"multiple","difficulty":"easy","question":"What amount of bits commonly equals one byte?","correct_answer":"8","incorrect_answers":["1","2","64"]},{"category":"History","type":"boolean","difficulty":"easy","question":"The Spitfire originated from a racing plane.","correct_answer":"True","incorrect_answers":["False"]},{"category":"Entertainment: Books","type":"multiple","difficulty":"medium","question":"What was the name of the Mysterious Island, in Jules Verne&#039;s &quot;The Mysterious Island&quot;?","correct_answer":"Lincoln Island","incorrect_answers":["Vulcania Island","Prometheus Island","Neptune Island"]},{"category":"Geography","type":"boolean","difficulty":"easy","question":"Alaska is the largest state in the United States.","correct_answer":"True","incorrect_answers":["False"]},{"category":"Politics","type":"boolean","difficulty":"easy","question":"In 2016, the United Kingdom voted to stay in the EU.","correct_answer":"False","incorrect_answers":["True"]},{"category":"Entertainment: Japanese Anime & Manga","type":"multiple","difficulty":"hard","question":"In &quot;Highschool of the Dead&quot;, where did Komuro and Saeko establish to meet after the bus explosion?","correct_answer":"Eastern Police Station","incorrect_answers":["The Center Mall","Komuro&#039;s House","On The Main Bridge"]},{"category":"Entertainment: Books","type":"multiple","difficulty":"easy","question":"Under what pseudonym did Stephen King publish five novels between 1977 and 1984?","correct_answer":"Richard Bachman","incorrect_answers":["J. D. Robb","Mark Twain","Lewis Carroll"]},{"category":"Entertainment: Video Games","type":"multiple","difficulty":"easy","question":"What&#039;s the Team Fortress 2 Scout&#039;s city of origin?","correct_answer":"Boston","incorrect_answers":["Sydney","Detroit","New York"]},{"category":"Entertainment: Video Games","type":"multiple","difficulty":"hard","question":"In the game &quot;Overwatch,&quot; which quote does the hero &quot;McCree&quot; NOT say upon using his flashbang ability?","correct_answer":"&quot;You done?&quot;","incorrect_answers":["&quot;Whoa there.&quot;","&quot;Hold up now.&quot;","&quot;Don&#039;t move.&quot;"]},{"category":"Entertainment: Video Games","type":"boolean","difficulty":"easy","question":"Deus Ex (2000) does not feature the World Trade Center because it was destroyed by terrorist attacks according to the game&#039;s plot.","correct_answer":"True","incorrect_answers":["False"]},{"category":"Entertainment: Video Games","type":"multiple","difficulty":"easy","question":"The Touhou Project series of games is often associated with which genre?","correct_answer":"Shoot &#039;em up","incorrect_answers":["Strategy","FPS","Casual"]},{"category":"History","type":"multiple","difficulty":"hard","question":"In which year did the Tokyo Subway Sarin Attack occur?","correct_answer":"1995","incorrect_answers":["2001","2011","1991"]},{"category":"Entertainment: Video Games","type":"multiple","difficulty":"medium","question":"Which is not a playable character in the 2005 video game Killer7?","correct_answer":"Frank Smith","incorrect_answers":["Mask de Smith","Dan Smith","Coyote Smith"]},{"category":"Vehicles","type":"multiple","difficulty":"hard","question":"How much horsepower is produced by the SD40-2 Locomotive?","correct_answer":"3,000","incorrect_answers":["3,200","2,578","2,190"]},{"category":"Entertainment: Video Games","type":"multiple","difficulty":"easy","question":"In Danganronpa: Trigger Happy Havoc, what is the protagonist&#039;s name?","correct_answer":"Makoto Naegi","incorrect_answers":["Hajime Hinata","Nagito Komaeda","Komaru Naegi"]},{"category":"Entertainment: Music","type":"multiple","difficulty":"medium","question":"Which one of these rappers is NOT a member of the rap group Wu-Tang Clan?","correct_answer":"Dr.Dre","incorrect_answers":["Ol&#039; Dirty Bastard","GZA","Method Man"]},{"category":"General Knowledge","type":"multiple","difficulty":"easy","question":"According to Sherlock Holmes, &quot;If you eliminate the impossible, whatever remains, however improbable, must be the...&quot;","correct_answer":"Truth","incorrect_answers":["Answer","Cause","Source"]},{"category":"Politics","type":"boolean","difficulty":"medium","question":"George W. Bush lost the popular vote in the 2004 United States presidential election.","correct_answer":"False","incorrect_answers":["True"]},{"category":"Sports","type":"boolean","difficulty":"easy","question":"In association football, or soccer, a corner kick is when the game restarts after someone scores a goal.","correct_answer":"False","incorrect_answers":["True"]},{"category":"Entertainment: Video Games","type":"multiple","difficulty":"easy","question":"What year was Super Mario Bros. released?","correct_answer":"1985","incorrect_answers":["1983","1987","1986"]},{"category":"Entertainment: Japanese Anime & Manga","type":"boolean","difficulty":"easy","question":"Kiznaiver is an adaptation of a manga.","correct_answer":"False","incorrect_answers":["True"]},{"category":"Entertainment: Television","type":"multiple","difficulty":"hard","question":"What is the Klingon&#039;s afterlife called?","correct_answer":"Sto-vo-kor","incorrect_answers":["Valhalla","Karon&#039;gahk","New Jersey"]},{"category":"Entertainment: Video Games","type":"multiple","difficulty":"easy","question":"In &quot;Call Of Duty: Zombies&quot;, what is the name of the machine that upgrades weapons?","correct_answer":"Pack-A-Punch","incorrect_answers":["Wunderfizz","Gersch Device","Mule Kick"]},{"category":"Entertainment: Video Games","type":"boolean","difficulty":"medium","question":"In &quot;Call Of Duty: Zombies&quot;, you can upgrade the &quot;Apothicon Servant&quot; in the &quot;Shadows Of Evil&quot; map.","correct_answer":"False","incorrect_answers":["True"]},{"category":"Entertainment: Film","type":"multiple","difficulty":"medium","question":"What is the make and model of the tour vehicles in &quot;Jurassic Park&quot; (1993)?","correct_answer":"1992 Ford Explorer XLT","incorrect_answers":["1992 Toyota Land Cruiser","1992 Jeep Wrangler YJ Sahar","Mercedes M-Class"]},{"category":"Entertainment: Television","type":"multiple","difficulty":"easy","question":"What NBC sitcom once saw two of its characters try to pitch NBC on a sitcom about nothing?","correct_answer":"Seinfeld","incorrect_answers":["Frasier","Becker","Friends"]},{"category":"Entertainment: Board Games","type":"multiple","difficulty":"hard","question":"What Magic: The Gathering card&#039;s flavor text is just &#039;Ribbit.&#039;?","correct_answer":"Turn to Frog","incorrect_answers":["Spore Frog","Bloated Toad","Frogmite"]},{"category":"Entertainment: Video Games","type":"multiple","difficulty":"hard","question":"What is the name of the alien species introduced in Shadow the Hedgehog (2005)?","correct_answer":"Black Arms","incorrect_answers":["The Swarm","Black Hive","The Eclipse"]},{"category":"Geography","type":"multiple","difficulty":"medium","question":"How many states are in Australia?","correct_answer":"6","incorrect_answers":["7","8","5"]},{"category":"Politics","type":"multiple","difficulty":"medium","question":"What year did Gerald Ford Become President?","correct_answer":"1974","incorrect_answers":["1977","1973","1969"]},{"category":"Entertainment: Cartoon & Animations","type":"boolean","difficulty":"medium","question":"In &quot;Avatar: The Last Airbender&quot; and &quot;The Legend of Korra&quot;, Lavabending is a specialized bending technique of Firebending.","correct_answer":"False","incorrect_answers":["True"]},{"category":"History","type":"multiple","difficulty":"medium","question":"What happened on June 6, 1944?","correct_answer":"D-Day","incorrect_answers":["Atomic bombings of Hiroshima and Nagasaki","Attack on Pearl Harbor","The Liberation of Paris"]},{"category":"History","type":"multiple","difficulty":"medium","question":"Who assassinated Archduke Franz Ferdinand?","correct_answer":"Gavrilo Princip","incorrect_answers":["Nedeljko \u010cabrinovi\u0107","Oskar Potiorek","Ferdinand Cohen-Blind"]},{"category":"Entertainment: Musicals & Theatres","type":"multiple","difficulty":"easy","question":"What is Jean ValJean&#039;s first prisoner number?","correct_answer":"24601","incorrect_answers":["9430","1729","32769"]},{"category":"Geography","type":"multiple","difficulty":"medium","question":"Which of these countries is not a United Nations member state?","correct_answer":"Niue","incorrect_answers":["Tuvalu","South Sudan","Montenegro"]},{"category":"Sports","type":"multiple","difficulty":"medium","question":"Which country did Kabaddi, a contact sport involving tackling, originate from?","correct_answer":"India","incorrect_answers":["Australia","Turkey","Cambodia"]},{"category":"Entertainment: Cartoon & Animations","type":"multiple","difficulty":"medium","question":"Which singer provided the voice of Metroid&#039;s Mother Brain in the animated series &quot;Captain N: The Game Master&quot;?","correct_answer":"Levi Stubbs","incorrect_answers":["Freddie Mercury","Janet Jackson","Joan Jett"]},{"category":"Entertainment: Japanese Anime & Manga","type":"multiple","difficulty":"easy","question":"In the Naruto manga, what is the last name of Tsunade?","correct_answer":"Senju","incorrect_answers":["Haruno","Uzumaki","Yamanaka"]},{"category":"Entertainment: Video Games","type":"multiple","difficulty":"medium","question":"In Skylanders Giants, why was Zaps&#039; Wow Pow named &quot;For Riley&quot; ?","correct_answer":"As a tribute to a fan who passed away","incorrect_answers":["As a reference to a film","After one of the writers of the game","After a voice actor"]},{"category":"Entertainment: Comics","type":"multiple","difficulty":"medium","question":"Who was the first American Vampire (Scott Snyder&#039;s American Vampire)?","correct_answer":"Skinner Sweet","incorrect_answers":["Hattie Hargrove","Pearl Jones","James &quot;Jim&quot; Book"]},{"category":"Entertainment: Video Games","type":"boolean","difficulty":"easy","question":"In &quot;Space Station 13&quot;,  the station has a clown aboard it.","correct_answer":"True","incorrect_answers":["False"]}]}