{"response_code":0,"results":[{"category":"Entertainment: Video Games","type":"multiple","difficulty":"medium","question":"What is the punishment for playing Postal 2 in New Zealand?","correct_answer":"10 years in prison and a fine of $50,000","incorrect_answers":["Fine of $5,000","Nothing","15 years in prison and a fine of $10,000"]},{"category":"Animals","type":"multiple","difficulty":"medium","question":"What type of animal is a natterjack?","correct_answer":"Toad","incorrect_answers":["Bird","Fish","Insect"]},{"category":"Entertainment: Film","type":"multiple","difficulty":"medium","question":"Which retired American football quarterback played himself in &#039;Ace Ventura: Pet Detective&#039; and &#039;Little Nicky&#039;?","correct_answer":"Dan Marino","incorrect_answers":["John Elway","Tom Brady","Joe Montana"]},{"category":"Entertainment: Television","type":"multiple","difficulty":"easy","question":"In the TV show &#039;M*A*S*H&#039;, what was the nickname of Corporal Walter O&#039;Reilly?","correct_answer":"Radar","incorrect_answers":["Hawkeye","Hot Lips","Trapper"]},{"category":"General Knowledge","type":"multiple","difficulty":"medium","question":"In the Morse code, which letter is indicated by 3 dots? ","correct_answer":"S","incorrect_answers":["O","A","C"]},{"category":"Entertainment: Video Games","type":"boolean","difficulty":"easy","question":"In &quot;Mario Kart 64&quot;, Waluigi is a playable character.","correct_answer":"False","incorrect_answers":["True"]},{"category":"Politics","type":"boolean","difficulty":"easy","question":"There was a satirical candidate named &quot;Deez Nuts&quot; running in the 2016 US presidential elections.","correct_answer":"True","incorrect_answers":["False"]},{"category":"Science: Computers","type":"boolean","difficulty":"easy","question":"The programming language &quot;Python&quot; is based off a modified version of &quot;JavaScript&quot;.","correct_answer":"False","incorrect_answers":["True"]},{"category":"Science & Nature","type":"multiple","difficulty":"medium","question":"All the following metal elements are liquids at or near room temperature EXCEPT:","correct_answer":"Beryllium","incorrect_answers":["Gallium","Caesium","Mercury"]},{"category":"History","type":"multiple","difficulty":"medium","question":"In what year was the last natural case of smallpox documented?","correct_answer":"1977","incorrect_answers":["1982","1980","1990"]},{"category":"Entertainment: Japanese Anime & Manga","type":"multiple","difficulty":"medium","question":"When was the first episode of Soul Eater released?","correct_answer":"2008","incorrect_answers":["2003","2005","2011"]},{"category":"Entertainment: Music","type":"multiple","difficulty":"medium","question":"Which of these artists has NOT been a member of dancehall group Major Lazer?","correct_answer":"Skrillex","incorrect_answers":["Diplo","Jillionaire","Walshy Fire"]},{"category":"Entertainment: Cartoon & Animations","type":"multiple","difficulty":"medium","question":"Which city did Anger berate for ruining pizza in &quot;Inside Out&quot;?","correct_answer":"San Francisco","incorrect_answers":["Minnesota","Washington","California"]},{"category":"Entertainment: Video Games","type":"multiple","difficulty":"easy","question":"In Dota 2, Wraith King was previously known as...","correct_answer":"Skeleton King","incorrect_answers":["Reaper King","Skull King","Hell King"]},{"category":"Celebrities","type":"multiple","difficulty":"hard","question":"How tall is Tom Cruise?","correct_answer":"5&prime; 7&Prime;","incorrect_answers":["5&prime; 9&Prime;","5&prime; 4&Prime;","5&prime; 5&Prime;"]},{"category":"Entertainment: Television","type":"multiple","difficulty":"hard","question":"Which country does the YouTuber &quot;SinowBeats&quot; originate from?","correct_answer":"Scotland","incorrect_answers":["England","Sweden","Germany"]},{"category":"Entertainment: Japanese Anime & Manga","type":"boolean","difficulty":"easy","question":"In the &quot;Toaru Kagaku no Railgun&quot; anime,  espers can only reach a maximum of level 6 in their abilities.","correct_answer":"False","incorrect_answers":["True"]},{"category":"Entertainment: Japanese Anime & Manga","type":"multiple","difficulty":"medium","question":"Which animation studio animated the 2016 anime &quot;Mob Psycho 100&quot;?","correct_answer":"Bones","incorrect_answers":["A-1 Pictures","Shaft","Madhouse"]},{"category":"History","type":"multiple","difficulty":"medium","question":"What year is considered to be the year that the British Empire ended?","correct_answer":"1997","incorrect_answers":["1986","1981","1971"]},{"category":"Entertainment: Music","type":"multiple","difficulty":"medium","question":"&quot;Lift Your Spirit&quot; is an album by which artist?","correct_answer":"Aloe Blacc","incorrect_answers":["Lena Meyer-Landrut","Stevie Wonder","Taylor Swift"]},{"category":"Science & Nature","type":"multiple","difficulty":"medium","question":"About how old is Earth?","correct_answer":"4.5 Billion Years","incorrect_answers":["3.5 Billion Years","2.5 Billion Years","5.5 Billion Years"]},{"category":"Animals","type":"multiple","difficulty":"hard","question":"Unlike on most salamanders, this part of a newt is flat?","correct_answer":"Tail","incorrect_answers":["Head","Teeth","Feet"]},{"category":"Entertainment: Video Games","type":"boolean","difficulty":"medium","question":"Pistons were added to Minecraft in Beta 1.5.","correct_answer":"False","incorrect_answers":["True"]},{"category":"Entertainment: Video Games","type":"multiple","difficulty":"hard","question":"During development of &quot;Super Mario World&quot;, Yoshi&#039;s hard saddle was originally which of these?","correct_answer":"A shell","incorrect_answers":["A slide of Gelatin","A poffin","A spike"]},{"category":"Science & Nature","type":"multiple","difficulty":"hard","question":"Botanically speaking, which of these fruits is NOT a berry?","correct_answer":"Strawberry","incorrect_answers":["Blueberry","Banana","Concord Grape"]},{"category":"Entertainment: Television","type":"multiple","difficulty":"medium","question":"In the television show &quot;Lazy Town&quot;, who is the actor of Robbie Rotten?","correct_answer":"Stef&aacute;n Stef&aacute;nsson","incorrect_answers":["Adam Sandler","Magn&uacute;s Scheving","Stephen Carl"]},{"category":"Science & Nature","type":"boolean","difficulty":"medium","question":"Sugar contains fat.","correct_answer":"False","incorrect_answers":["True"]},{"category":"Geography","type":"multiple","difficulty":"medium","question":"Broome is a town in which state of Australia?","correct_answer":"Western Australia","incorrect_answers":["Northern Territory","South Australia","Tasmania"]},{"category":"Entertainment: Japanese Anime & Manga","type":"multiple","difficulty":"medium","question":"In &quot;Toriko&quot;, which of the following Heavenly Kings has an enhanced sense of Hearing?","correct_answer":"Zebra","incorrect_answers":["Coco","Sunny","Toriko"]},{"category":"Entertainment: Video Games","type":"multiple","difficulty":"medium","question":"Which of these is not a DLC vehicle in &quot;Mario Kart 8&quot;?","correct_answer":"Wild Wiggler","incorrect_answers":["Bone Rattler","B Dasher","300 SL Roadster"]},{"category":"General Knowledge","type":"multiple","difficulty":"medium","question":"Which slogan did the fast food company, McDonald&#039;s, use before their &quot;I&#039;m Lovin&#039; It&quot; slogan?","correct_answer":"We Love to See You Smile","incorrect_answers":["Why Pay More!?","Have It Your Way","Making People Happy Through Food"]},{"category":"Entertainment: Music","type":"multiple","difficulty":"medium","question":"&quot;Make You Feel My Love&quot; was originally written and performed by which singer-songwriter?","correct_answer":"Bob Dylan","incorrect_answers":["Elvis","Adele","Billy Joel"]},{"category":"Science & Nature","type":"multiple","difficulty":"hard","question":"Where is the Gluteus Maximus muscle located?","correct_answer":"Butt","incorrect_answers":["Arm","Head","Torso"]},{"category":"Entertainment: Video Games","type":"multiple","difficulty":"easy","question":"Which character in the &quot;Animal Crossing&quot; series uses the phrase &quot;zip zoom&quot; when talking to the player?","correct_answer":"Scoot","incorrect_answers":["Drake","Bill","Mallary"]},{"category":"Entertainment: Video Games","type":"multiple","difficulty":"hard","question":"In &quot;The Witness&quot;, how many lasers must be activated to get into the mountain area?","correct_answer":"7","incorrect_answers":["8","5","12"]},{"category":"Entertainment: Video Games","type":"multiple","difficulty":"easy","question":"What are Sans and Papyrus named after in &quot;Undertale&quot;?","correct_answer":"Fonts","incorrect_answers":["Plants","Companies","Ancient writing paper"]},{"category":"Entertainment: Television","type":"multiple","difficulty":"medium","question":"Which boxing personality was one of the presenters in the 1999 revival of It&#039;s a Knockout?","correct_answer":"Frank Bruno","incorrect_answers":["Henry Cooper","Muhammad Ali","Joe Fraiser"]},{"category":"Entertainment: Music","type":"boolean","difficulty":"easy","question":"The 2011 movie &quot;The Adventures of Tintin&quot; was directed by Steven Spielberg.","correct_answer":"True","incorrect_answers":["False"]},{"category":"Geography","type":"multiple","difficulty":"medium","question":"What is the official national language of Pakistan?","correct_answer":"Urdu","incorrect_answers":["Indian","Punjabi","Pashto"]},{"category":"Entertainment: Cartoon & Animations","type":"boolean","difficulty":"medium","question":"Donald Duck played the role of Bob Cratchit in Disney&#039;s 1983 adaptation of A Christmas Carol.","correct_answer":"False","incorrect_answers":["True"]},{"category":"General Knowledge","type":"multiple","difficulty":"easy","question":"The Flag of the European Union has how many stars on it?","correct_answer":"12","incorrect_answers":["10","14","16"]},{"category":"Entertainment: Board Games","type":"multiple","difficulty":"easy","question":"What is the maximum level you can have in a single class in Dungeons and Dragons (5e)?","correct_answer":"20","incorrect_answers":["30","15","25"]},{"category":"Entertainment: Cartoon & Animations","type":"multiple","difficulty":"medium","question":"What ability does Princess Sofia the First have from her amulet that allows her to breathe underwater?","correct_answer":"Mermaid Transformation","incorrect_answers":["Artificial Gills","Bubble Head","Bubble Shield"]},{"category":"Sports","type":"multiple","difficulty":"easy","question":"When was the FC Schalke 04 founded?","correct_answer":"1904","incorrect_answers":["1909","2008","1999"]},{"category":"Science: Mathematics","type":"multiple","difficulty":"hard","question":"Which of these numbers is closest to the total number of possible states for an army standard Enigma Machine?","correct_answer":"1.58 x 10^20","incorrect_answers":["1.58 x 10^22","1.58 x  10^18","1.58 x 10^24"]},{"category":"Entertainment: Video Games","type":"multiple","difficulty":"hard","question":"&quot;Strangereal&quot; is a fictitious Earth-like world for which game series?","correct_answer":"Ace Combat","incorrect_answers":["Jet Set Radio","Deus Ex","Crimson Skies"]},{"category":"Entertainment: Music","type":"multiple","difficulty":"medium","question":"&quot;The Genius&quot; is the original and secondary name of which Wu-Tang Clan member?","correct_answer":"GZA","incorrect_answers":["Ghostface Killah","Ol&#039; Dirty Bastard","Raekwon the Chef"]},{"category":"Entertainment: Music","type":"multiple","difficulty":"hard","question":"Which member of the Wu-Tang Clan had only one verse in their debut album Enter the Wu-Tang (36 Chambers)?","correct_answer":"Masta Killa","incorrect_answers":["Method Man","Inspectah Deck","GZA"]},{"category":"Art","type":"multiple","difficulty":"medium","question":"Who painted the epic mural Guernica?","correct_answer":"Pablo Picasso","incorrect_answers":["Francisco Goya","Leonardo da Vinci","Henri Matisse"]},{"category":"Entertainment: Television","type":"multiple","difficulty":"easy","question":"In the show &quot;Futurama&quot; what is Fry&#039;s full name?","correct_answer":"Philip J. Fry","incorrect_answers":["Fry J. Philip","Fry Rodr&iacute;guez","Fry Philip"]}]}