{"response_code":0,"results":[{"category":"Geography","type":"multiple","difficulty":"hard","question":"What is the largest city and commercial capital of Sri Lanka?","correct_answer":"Colombo","incorrect_answers":["Moratuwa","Negombo","Kandy"]},{"category":"Entertainment: Music","type":"multiple","difficulty":"easy","question":"Who had a 1983 hit with the song &#039;Africa&#039;?","correct_answer":"Toto","incorrect_answers":["Foreigner","Steely Dan","Journey"]},{"category":"Entertainment: Cartoon & Animations","type":"multiple","difficulty":"hard","question":"What town was &quot;Springfield&quot; from &quot;The Simpsons&quot; originally named after?","correct_answer":"Springfield, Oregon","incorrect_answers":["Springfield, Missouri","Springfield, Illinois","Springfield, Massachusetts"]},{"category":"Entertainment: Film","type":"multiple","difficulty":"easy","question":"What was Dorothy&#039;s surname in &#039;The Wizard Of Oz&#039;?","correct_answer":"Gale","incorrect_answers":["Perkins","Day","Parker"]},{"category":"Mythology","type":"multiple","difficulty":"medium","question":"Neptune&#039;s greek name was...","correct_answer":"Poseidon","incorrect_answers":["Ares","Zeus","Apollo"]},{"category":"General Knowledge","type":"multiple","difficulty":"easy","question":"What is the name of the Jewish New Year?","correct_answer":"Rosh Hashanah","incorrect_answers":["Elul","New Year","Succoss"]},{"category":"Vehicles","type":"multiple","difficulty":"easy","question":"Which of the following car manufacturers had a war named after it?","correct_answer":"Toyota","incorrect_answers":["Honda","Ford","Volkswagen"]},{"category":"Geography","type":"multiple","difficulty":"easy","question":"How many time zones does China have?","correct_answer":"1","incorrect_answers":["3","4","2"]},{"category":"Entertainment: Musicals & Theatres","type":"multiple","difficulty":"medium","question":"In which Shakespearean play will you find the suicide of Ophelia?","correct_answer":"Hamlet","incorrect_answers":["Macbeth","Othello","King Lear"]},{"category":"Entertainment: Music","type":"multiple","difficulty":"medium","question":"Who is the lead singer of Silverchair?","correct_answer":"Daniel Johns","incorrect_answers":["Ben Gillies","Chris Joannou","George Costanza"]},{"category":"General Knowledge","type":"multiple","difficulty":"medium","question":"What is the unit of currency in Laos?","correct_answer":"Kip","incorrect_answers":["Ruble","Konra","Dollar"]},{"category":"Entertainment: Japanese Anime & Manga","type":"multiple","difficulty":"easy","question":"What is the last name of Edward and Alphonse in the Fullmetal Alchemist series.","correct_answer":"Elric","incorrect_answers":["Ellis","Eliek","Elwood"]},{"category":"Entertainment: Japanese Anime & Manga","type":"multiple","difficulty":"easy","question":"What is the name of the corgi in Cowboy Bebop?","correct_answer":"Einstein","incorrect_answers":["Edward","Rocket","Joel"]},{"category":"Animals","type":"multiple","difficulty":"easy","question":"How many legs do butterflies have?","correct_answer":"6","incorrect_answers":["2","4","0"]},{"category":"General Knowledge","type":"multiple","difficulty":"easy","question":"What was the nickname given to the Hughes H-4 Hercules, a heavy transport flying boat which achieved flight in 1947?","correct_answer":"Spruce Goose","incorrect_answers":["Noah&#039;s Ark","Fat Man","Trojan Horse"]},{"category":"General Knowledge","type":"multiple","difficulty":"easy","question":"Which of these colours is NOT featured in the logo for Google?","correct_answer":"Pink","incorrect_answers":["Yellow","Blue","Green"]},{"category":"Politics","type":"boolean","difficulty":"easy","question":"Denmark has a monarch.","correct_answer":"True","incorrect_answers":["False"]},{"category":"Entertainment: Video Games","type":"multiple","difficulty":"hard","question":"In World of Warcraft lore, who organized the creation of the Paladins?","correct_answer":"Alonsus Faol","incorrect_answers":["Uther the Lightbringer","Alexandros Mograine","Sargeras, The Daemon Lord"]},{"category":"History","type":"multiple","difficulty":"hard","question":"When was Adolf Hitler appointed as Chancellor of Germany?","correct_answer":"January 30, 1933","incorrect_answers":["September 1, 1939","February 27, 1933","October 6, 1939"]},{"category":"Entertainment: Japanese Anime & Manga","type":"multiple","difficulty":"medium","question":"Which one of these Manga titles was not created by Urasawa Naoki?","correct_answer":"My Father&#039;s Journal","incorrect_answers":["Billy Bat","20th Century Boys","Monster"]},{"category":"Entertainment: Video Games","type":"multiple","difficulty":"easy","question":"Who is the protagonist in Dead Rising (2006)?","correct_answer":"Frank West","incorrect_answers":["Chuck Greene","John North","Jason Grey"]},{"category":"Vehicles","type":"multiple","difficulty":"hard","question":"Which one of these chassis codes are used by BMW 3-series?","correct_answer":"E46","incorrect_answers":["E39","E85","F10"]},{"category":"Entertainment: Video Games","type":"multiple","difficulty":"easy","question":"Rocket League is a game which features..","correct_answer":"Cars","incorrect_answers":["Helicopters","Planes","Submarines"]},{"category":"Entertainment: Video Games","type":"multiple","difficulty":"easy","question":"In &quot;Fallout 4&quot; which faction is not present in the game?","correct_answer":"The Enclave","incorrect_answers":["The Minutemen","The Brotherhood of Steel","The Institute"]},{"category":"Entertainment: Japanese Anime & Manga","type":"multiple","difficulty":"easy","question":"The name of Junko Enoshima&#039;s imposter at the beginning of Danganronpa: Trigger Happy Havoc is?","correct_answer":"Mukuro Ikusaba","incorrect_answers":["Ryota Mitarai","Ultimate Imposter","Komaru Naegi"]},{"category":"Entertainment: Video Games","type":"multiple","difficulty":"hard","question":"In Xenoblade Chronicles X, which class has a sniper rifle as it&#039;s primary weapon?","correct_answer":"Partisan Eagle","incorrect_answers":["Blast Fencer","Winged Viper","Bastion Warrior"]},{"category":"History","type":"multiple","difficulty":"medium","question":"When did Norway become free from Sweden?","correct_answer":"1905","incorrect_answers":["1925","1814","1834"]},{"category":"Science & Nature","type":"multiple","difficulty":"medium","question":"Who made the discovery of X-rays?","correct_answer":"Wilhelm Conrad R&ouml;ntgen","incorrect_answers":["Thomas Alva Edison","James Watt","Albert Einstein"]},{"category":"Science & Nature","type":"boolean","difficulty":"easy","question":"An Astronomical Unit is the distance between Earth and the Moon.","correct_answer":"False","incorrect_answers":["True"]},{"category":"Geography","type":"multiple","difficulty":"medium","question":"What is the busiest port in Europe?","correct_answer":"Port of Rotterdam","incorrect_answers":["Port of Antwerp","Port of Hamburg","Port of Amsterdam"]},{"category":"Celebrities","type":"boolean","difficulty":"easy","question":"Marilyn Monroe was born on July 1, 1926.","correct_answer":"False","incorrect_answers":["True"]},{"category":"Science: Gadgets","type":"multiple","difficulty":"hard","question":"Who built the first laser?","correct_answer":"Theodore Harold Maiman","incorrect_answers":["Nikola Tesla","Jack Kilby","Edith Clarke"]},{"category":"Entertainment: Video Games","type":"multiple","difficulty":"easy","question":"What game was used to advertise Steam?","correct_answer":"Counter-Strike 1.6","incorrect_answers":["Half-Life","Half-Life 2","Team Fortress"]},{"category":"Entertainment: Video Games","type":"multiple","difficulty":"medium","question":"Sean Bean voices the character of &quot;Martin Septim&quot; in which Elder Scrolls game?","correct_answer":"The Elder Scrolls IV: Oblivion","incorrect_answers":["The Elder Scrolls V: Skyrim","The Elder Scrolls III: Morrowind ","The Elder Scrolls Online"]},{"category":"Entertainment: Video Games","type":"multiple","difficulty":"medium","question":"Which ones of these Mario Kart games was made for the Gameboy Advance?","correct_answer":"Mario Kart: Super Circuit","incorrect_answers":["Mario Kart: Double Dash","Mario Kart 64","Super Mario Kart"]},{"category":"Entertainment: Film","type":"multiple","difficulty":"hard","question":"In what year does Jurassic World open in the &quot;Jurassic Park&quot; universe?","correct_answer":"2005","incorrect_answers":["2007","2015","2020"]},{"category":"Celebrities","type":"multiple","difficulty":"medium","question":"In which of these TV shows did the chef Gordon Ramsay not appear?","correct_answer":"Auction Hunters","incorrect_answers":["Ramsay&#039;s Kitchen Nightmares","Hotel Hell","Hell&#039;s Kitchen"]},{"category":"Entertainment: Video Games","type":"multiple","difficulty":"hard","question":"What is the default name of the Vampire character in &quot;Shining Soul 2&quot;.","correct_answer":"Bloodstar","incorrect_answers":["Sachs","Dracuul","Alucard"]},{"category":"Entertainment: Video Games","type":"multiple","difficulty":"easy","question":"What was the first game in the &quot;Battlefield&quot; series?","correct_answer":"Battlefield 1942","incorrect_answers":["Battlefield Vietnam","Battlefield 2","Battlefield 1"]},{"category":"Sports","type":"multiple","difficulty":"easy","question":"In bowling, what is the term used for getting three consecutive strikes?","correct_answer":"Turkey","incorrect_answers":["Flamingo","Birdie","Eagle"]},{"category":"General Knowledge","type":"multiple","difficulty":"hard","question":"What is the most commonly used noun in the English language?","correct_answer":"Time","incorrect_answers":["Home","Water","Man"]},{"category":"History","type":"multiple","difficulty":"medium","question":"When did the Crisis of the Third Century begin?","correct_answer":"235 AD","incorrect_answers":["235 BC","242 AD","210 AD"]},{"category":"Science: Gadgets","type":"multiple","difficulty":"medium","question":"Out of all of the NASA Space Shuttles, which 2 have been destroyed in disasters?","correct_answer":"Challenger and Columbia","incorrect_answers":["Enterprise and Atlantis","Discovery and Endeavour","None of the Above"]},{"category":"Entertainment: Video Games","type":"multiple","difficulty":"easy","question":"In World of Warcraft the default UI color that signifies Druid is what?","correct_answer":"Orange","incorrect_answers":["Brown","Green","Blue"]},{"category":"Science & Nature","type":"multiple","difficulty":"hard","question":"What causes the sound of a heartbeat?","correct_answer":"Closure of the heart valves","incorrect_answers":["Contraction of the heart chambers","Blood exiting the heart","Relaxation of the heart chambers"]},{"category":"Sports","type":"multiple","difficulty":"medium","question":"Which basketball team has attended the most NBA grand finals?","correct_answer":"Los Angeles Lakers","incorrect_answers":["Boston Celtics","Philadelphia 76ers","Golden State Warriors"]},{"category":"Entertainment: Music","type":"multiple","difficulty":"medium","question":"Which of these is not a member of the virtual band Gorillaz?","correct_answer":"Phi Cypher","incorrect_answers":["Murdoc Niccals","Noodle","Russel Hobbs"]},{"category":"Entertainment: Video Games","type":"multiple","difficulty":"medium","question":"Psych-Horror &quot;Eternal Darkness: Sanity&#039;s Requiem&quot;, developed by Silicon Knights in 2002, was published by who and on what platform?","correct_answer":"Nintendo&reg; Co. Ltd. | GameCube&trade;","incorrect_answers":["Sony&reg; Computer Entertainment&trade; Inc. | PlayStation&reg; 2","Microsoft&reg; Game Studios&trade; | XBox&trade;","Sega&reg; Enterprises Co. Ltd. | Dreamcast&trade;"]},{"category":"Entertainment: Japanese Anime & Manga","type":"multiple","difficulty":"medium","question":"Which JoJo&#039;s Bizarre Adventure character possesses the Stand named Silver Chariot?","correct_answer":"Jean Pierre Polnareff","incorrect_answers":["Noriaki Kakyoin","Hol Horse","Hermes Costello"]},{"category":"Entertainment: Japanese Anime & Manga","type":"multiple","difficulty":"medium","question":"Which studio made Cowboy Bebop?","correct_answer":"Sunrise","incorrect_answers":["Bones","Madhouse","Pierriot"]}]}