{"response_code":0,"results":[{"category":"Entertainment: Film","type":"multiple","difficulty":"easy","question":"Which of the following movies was not based on a novel by Stephen King? ","correct_answer":"The Thing","incorrect_answers":["Carrie","Misery","The Green Mile"]},{"category":"Sports","type":"multiple","difficulty":"medium","question":"At which bridge does the annual Oxford and Cambridge boat race start?","correct_answer":"Putney","incorrect_answers":["Hammersmith","Vauxhall ","Battersea"]},{"category":"Science & Nature","type":"multiple","difficulty":"medium","question":"Along with Oxygen, which element is primarily responsible for the sky appearing blue?","correct_answer":"Nitrogen","incorrect_answers":["Helium","Carbon","Hydrogen"]},{"category":"Vehicles","type":"multiple","difficulty":"easy","question":"The Italian automaker Lamborghini uses what animal as its logo?","correct_answer":"Bull","incorrect_answers":["Bat","Horse","Snake"]},{"category":"Entertainment: Music","type":"multiple","difficulty":"medium","question":"Which of these is NOT an album released by The Beatles?","correct_answer":"The Wall","incorrect_answers":["Abbey Road","Magical Mystery Tour","Revolver"]},{"category":"General Knowledge","type":"boolean","difficulty":"easy","question":"Video streaming website YouTube was purchased in it&#039;s entirety by Facebook for US$1.65 billion in stock.","correct_answer":"False","incorrect_answers":["True"]},{"category":"Entertainment: Music","type":"boolean","difficulty":"medium","question":"Soulja Boy&#039;s &#039;Crank That&#039; won a Grammy for Best Rap Song in 2007.","correct_answer":"False","incorrect_answers":["True"]},{"category":"Science & Nature","type":"multiple","difficulty":"hard","question":"How many legs is it biologically impossible for a centipede to have?","correct_answer":"100","incorrect_answers":["26","50","74"]},{"category":"General Knowledge","type":"multiple","difficulty":"hard","question":"What is the airspeed velocity of an unladen swallow?","correct_answer":"24 MPH","incorrect_answers":["15 MPH","20 MPH","200 MPH"]},{"category":"Entertainment: Music","type":"multiple","difficulty":"medium","question":"In 2015, David Hasselhof released a single called...","correct_answer":"True Survivor","incorrect_answers":["True Fighter","Real Kung-Fury","Real Warrior"]},{"category":"Entertainment: Video Games","type":"multiple","difficulty":"medium","question":"What was the name of the Secret Organization in the Hotline Miami series? ","correct_answer":"50 Blessings","incorrect_answers":["American Blessings","50 Saints","USSR&#039;s Blessings"]},{"category":"Vehicles","type":"boolean","difficulty":"medium","question":"The Chevrolet Corvette has always been made exclusively with V8 engines only.","correct_answer":"False","incorrect_answers":["True"]},{"category":"History","type":"multiple","difficulty":"easy","question":"What was Manfred von Richthofen&#039;s nickname?","correct_answer":"The Red Baron","incorrect_answers":["The High Flying Ace","The Blue Serpent ","The Germany Gunner"]},{"category":"General Knowledge","type":"multiple","difficulty":"medium","question":"What alcoholic drink is mainly made from juniper berries?","correct_answer":"Gin","incorrect_answers":["Vodka","Rum","Tequila"]},{"category":"Geography","type":"multiple","difficulty":"easy","question":"Which of these is the name of the largest city in the US state Tennessee?","correct_answer":"Memphis","incorrect_answers":["Thebes","Alexandria","Luxor"]},{"category":"Geography","type":"multiple","difficulty":"medium","question":"Which German city is located on the River Isar?","correct_answer":"Munich","incorrect_answers":["Berlin","Hamburg","Dortmund"]},{"category":"General Knowledge","type":"multiple","difficulty":"medium","question":"What is the German word for &quot;spoon&quot;?","correct_answer":"L&ouml;ffel","incorrect_answers":["Gabel","Messer","Essst&auml;bchen"]},{"category":"General Knowledge","type":"boolean","difficulty":"easy","question":"&quot;Ananas&quot; is mostly used as the word for Pineapple in other languages.","correct_answer":"True","incorrect_answers":["False"]},{"category":"Entertainment: Video Games","type":"multiple","difficulty":"medium","question":"In Left 4 Dead, what is the name of the virus, as designated by CEDA, that causes most humans to turn into the Infected?","correct_answer":"Green Flu","incorrect_answers":["Yellow Fever","T-Virus","Raspberry Sniffles"]},{"category":"Science: Mathematics","type":"boolean","difficulty":"hard","question":"If you could fold a piece of paper in half 50 times, its&#039; thickness will be 3\/4th the distance from the Earth to the Sun.","correct_answer":"True","incorrect_answers":["False"]},{"category":"Entertainment: Television","type":"multiple","difficulty":"easy","question":"In DuckTales, what is the name of the city where all the main characters live?","correct_answer":"Duckburg","incorrect_answers":["Duckwing","Tailspin","Wingford"]},{"category":"Entertainment: Music","type":"multiple","difficulty":"medium","question":"Which iconic album cover features the pulsar waves of CP 1919 placed in the center of the cover?","correct_answer":"Unknown Pleasures","incorrect_answers":["The Dark Side of the Moon","London Calling","The Velvet Underground &amp; Nico"]},{"category":"Mythology","type":"multiple","difficulty":"hard","question":"Nidhogg is a mythical creature from what mythology?","correct_answer":"Norse","incorrect_answers":["Egyptian","Greek","Hindu"]},{"category":"Politics","type":"boolean","difficulty":"hard","question":"Joko Widodo has appeared in the cover of a TIME magazine.","correct_answer":"True","incorrect_answers":["False"]},{"category":"Geography","type":"multiple","difficulty":"medium","question":"What is the smallest country in South America by area?","correct_answer":"Suriname","incorrect_answers":["Brazil","Uruguay","Chile"]},{"category":"Mythology","type":"boolean","difficulty":"easy","question":"According to Greek Mythology, Atlas was an Olympian God.","correct_answer":"False","incorrect_answers":["True"]},{"category":"Vehicles","type":"multiple","difficulty":"easy","question":"Which car tire manufacturer is famous for its &quot;Eagle&quot; brand of tires, and is the official tire supplier of NASCAR?","correct_answer":"Goodyear","incorrect_answers":["Pirelli","Bridgestone","Michelin"]},{"category":"Entertainment: Japanese Anime & Manga","type":"multiple","difficulty":"medium","question":"Which anime did Seiji Kishi NOT direct?","correct_answer":"Another","incorrect_answers":["Humanity Has Declined","Assassination Classroom","Danganronpa: The Animation"]},{"category":"Entertainment: Video Games","type":"multiple","difficulty":"medium","question":"What is the browser game Kantai Collection heavily inspired by?","correct_answer":"Second World War","incorrect_answers":["Manga","World of Warcraft","An Anime"]},{"category":"Entertainment: Video Games","type":"multiple","difficulty":"hard","question":"In &quot;Earthbound&quot;, how does one enter &quot;Master Belch&#039;s&quot; factory?","correct_answer":"Wait 3 Minutes","incorrect_answers":["Enter the password &quot;Fly Honey&quot;","Enter the password &quot;Master Belch Rules&quot;","Enter the password &quot;Mr Saturn Drools&quot;"]},{"category":"Science: Mathematics","type":"multiple","difficulty":"hard","question":"The French mathematician &Eacute;variste Galois is primarily known for his work in which?","correct_answer":"Galois Theory","incorrect_answers":["Galois&#039; Continued Fractions","Galois&#039; Method for PDE&#039;s ","Abelian Integration"]},{"category":"History","type":"multiple","difficulty":"medium","question":"When was the People&#039;s Republic of China founded?","correct_answer":"October 1, 1949","incorrect_answers":["April 3, 1947","May 7, 1945","December 6, 1950"]},{"category":"Science: Computers","type":"multiple","difficulty":"medium","question":"Which programming language was developed by Sun Microsystems in 1995?","correct_answer":"Java","incorrect_answers":["Python","Solaris OS","C++"]},{"category":"Science: Computers","type":"multiple","difficulty":"easy","question":"Which programming language shares its name with an island in Indonesia?","correct_answer":"Java","incorrect_answers":["Python","C","Jakarta"]},{"category":"Entertainment: Television","type":"multiple","difficulty":"medium","question":"In &quot;The Simpsons&quot;, what is the real name of &quot;Comic Book Guy&quot;?","correct_answer":"Jeff Albertson","incorrect_answers":["Comic Book Guy","Edward Stone","Jack Richardson"]},{"category":"Entertainment: Board Games","type":"multiple","difficulty":"medium","question":"In &quot;Magic: The Gathering&quot;, what instant card has the highest converted mana cost?","correct_answer":"Blinkmoth Infusion","incorrect_answers":["Vitalizing Wind"," Chant of Vitu-Ghazi","Assert Authority"]},{"category":"Entertainment: Japanese Anime & Manga","type":"multiple","difficulty":"hard","question":"Which animation studio animated &quot;Psycho Pass&quot;?","correct_answer":"Production I.G","incorrect_answers":["Kyoto Animation","Shaft","Trigger"]},{"category":"Entertainment: Film","type":"multiple","difficulty":"easy","question":"Where does the original Friday The 13th movie take place?","correct_answer":"Camp Crystal Lake","incorrect_answers":["Packanack","Higgins Haven","Camp Forest Green"]},{"category":"Entertainment: Video Games","type":"multiple","difficulty":"hard","question":"In the &quot;Pikmin&quot; games, which of the following pikmin colors lacks it&#039;s own &quot;Onion&quot; nest?","correct_answer":"Purple","incorrect_answers":["Winged","Blue","Rock"]},{"category":"Science: Computers","type":"multiple","difficulty":"easy","question":"In computing, what does LAN stand for?","correct_answer":"Local Area Network","incorrect_answers":["Long Antenna Node","Light Access Node","Land Address Navigation"]},{"category":"General Knowledge","type":"multiple","difficulty":"medium","question":"A statue of Charles Darwin sits in what London museum?","correct_answer":"Natural History Museum","incorrect_answers":["Tate","British Museum","Science Museum"]},{"category":"Entertainment: Video Games","type":"multiple","difficulty":"easy","question":"Which of the following games has the largest map size?","correct_answer":"Just Cause 2","incorrect_answers":["Grand Theft Auto 5","The Elder Scrolls 4:  Oblivion","The Witcher 3:  Wild Hunt"]},{"category":"Science: Computers","type":"multiple","difficulty":"hard","question":"The acronym &quot;RIP&quot; stands for which of these?","correct_answer":"Routing Information Protocol","incorrect_answers":["Runtime Instance Processes","Regular Interval Processes","Routine Inspection Protocol"]},{"category":"Animals","type":"multiple","difficulty":"hard","question":"What bird is born with claws on its wing digits?","correct_answer":"Hoatzin","incorrect_answers":["Cormorant","Cassowary","Secretary bird"]},{"category":"History","type":"multiple","difficulty":"hard","question":"After the 1516 Battle of Marj Dabiq, the Ottoman Empire took control of Jerusalem from which sultanate?","correct_answer":"Mamluk","incorrect_answers":["Ayyubid","Ummayyad","Seljuq"]},{"category":"General Knowledge","type":"multiple","difficulty":"easy","question":"The Canadian $1 coin is colloquially known as a what?","correct_answer":"Loonie","incorrect_answers":["Boolie","Foolie","Moodie"]},{"category":"History","type":"multiple","difficulty":"hard","question":"The ontological argument for the proof of God&#039;s existence is first attributed to whom?","correct_answer":"Anselm of Canterbury","incorrect_answers":["Ren&eacute; Descartes","Immanuel Kant","Aristotle"]},{"category":"Science: Computers","type":"multiple","difficulty":"medium","question":"What does the &#039;S&#039; in the RSA encryption algorithm stand for?","correct_answer":"Shamir","incorrect_answers":["Secure","Schottky","Stable"]},{"category":"General Knowledge","type":"multiple","difficulty":"easy","question":"What is the French word for &quot;fish&quot;?","correct_answer":"poisson","incorrect_answers":["fiche","escargot","mer"]},{"category":"Entertainment: Comics","type":"multiple","difficulty":"medium","question":"What&#039;s the weakness of american vampires (Scott Snyder&#039;s American Vampire)?","correct_answer":"Gold","incorrect_answers":["Sunlight","Wood","Silver"]}]}