{"response_code":0,"results":[{"category":"Entertainment: Video Games","type":"multiple","difficulty":"easy","question":"What&#039;s the name of the main protagonist in the &quot;Legend of Zelda&quot; franchise?","correct_answer":"Link","incorrect_answers":["Mario","Zelda","Pit"]},{"category":"History","type":"multiple","difficulty":"medium","question":"During the Mongolian invasions of Japan, what were the Mongol boats mostly stopped by?","correct_answer":"Typhoons","incorrect_answers":["Tornados","Economic depression","Samurai"]},{"category":"Sports","type":"multiple","difficulty":"easy","question":"How many soccer players should be on the field at the same time?","correct_answer":"22","incorrect_answers":["20","24","26"]},{"category":"General Knowledge","type":"boolean","difficulty":"easy","question":"The Great Wall of China is visible from the moon.","correct_answer":"False","incorrect_answers":["True"]},{"category":"Geography","type":"multiple","difficulty":"medium","question":"Which of these countries is &quot;doubly landlocked&quot; (surrounded entirely by one or more landlocked countries)?","correct_answer":"Uzbekistan","incorrect_answers":["Switzerland","Bolivia","Ethiopia"]},{"category":"Entertainment: Video Games","type":"multiple","difficulty":"easy","question":"In the game Half-Life, which enemy is showcased as the final boss?","correct_answer":"The Nihilanth","incorrect_answers":["Dr. Wallace Breen","G-Man","The Gonarch"]},{"category":"History","type":"multiple","difficulty":"easy","question":"Which famous world leader is famed for the saying, &quot;Let them eat cake&quot;, yet is rumored that he\/she never said it at all?","correct_answer":"Marie Antoinette","incorrect_answers":["Czar Nicholas II","Elizabeth I","Henry VIII"]},{"category":"Geography","type":"multiple","difficulty":"medium","question":"Which of the following countries does NOT recognize Armenia as an independent country?","correct_answer":"Pakistan","incorrect_answers":["Iran","Turkey","Azerbaijan"]},{"category":"Science: Mathematics","type":"boolean","difficulty":"medium","question":"111,111,111 x 111,111,111 = 12,345,678,987,654,321","correct_answer":"True","incorrect_answers":["False"]},{"category":"Entertainment: Video Games","type":"multiple","difficulty":"medium","question":"In Portal 2, the iconic character GLaDOS is turned into:","correct_answer":"A potato","incorrect_answers":["A tomato","A lemon","An apple"]},{"category":"Sports","type":"multiple","difficulty":"easy","question":"The Rio 2016 Summer Olympics held it&#039;s closing ceremony on what date?","correct_answer":"August 21","incorrect_answers":["August 23","August 19","August 17"]},{"category":"History","type":"multiple","difficulty":"medium","question":"Which of these countries was NOT a part of the Soviet Union?","correct_answer":"Afghanistan","incorrect_answers":["Turkmenistan","Kazakhstan","Uzbekistan"]},{"category":"Entertainment: Japanese Anime & Manga","type":"multiple","difficulty":"easy","question":"In the 9th Pokemon movie, who is the Prince of the Sea?","correct_answer":"Manaphy","incorrect_answers":["Ash","May","Phantom"]},{"category":"Entertainment: Film","type":"boolean","difficulty":"easy","question":"Ewan McGregor did not know the name of the second prequel film of Star Wars during and after filming.","correct_answer":"True","incorrect_answers":["False"]},{"category":"Vehicles","type":"multiple","difficulty":"hard","question":"Which Variable Valve Timing technology is used by BMW?","correct_answer":"VANOS","incorrect_answers":["VVT-iw","VVEL","MultiAir"]},{"category":"Entertainment: Video Games","type":"multiple","difficulty":"medium","question":"The creator of the Touhou Project series is:","correct_answer":"ZUN","incorrect_answers":["SUN","RUN","PUN"]},{"category":"General Knowledge","type":"multiple","difficulty":"medium","question":"What is a dead mall?","correct_answer":"A mall with high vacancy rates or low consumer foot traffic","incorrect_answers":["A mall with no stores","A mall that has been condemed","A mall after business hours"]},{"category":"Animals","type":"boolean","difficulty":"medium","question":"The Platypus is a mammal.","correct_answer":"True","incorrect_answers":["False"]},{"category":"Entertainment: Video Games","type":"multiple","difficulty":"hard","question":"How many total monsters appear in Monster Hunter Generations?","correct_answer":"105","incorrect_answers":["100","98","73"]},{"category":"Entertainment: Music","type":"multiple","difficulty":"hard","question":"Who designed the album cover for True Romance, an album by Estelle?","correct_answer":"Rebecca Sugar","incorrect_answers":["Matt Burnett","Ian Jones Quartey","Ben Leven"]},{"category":"Entertainment: Music","type":"multiple","difficulty":"medium","question":"What was Radiohead&#039;s first album?","correct_answer":"Pablo Honey","incorrect_answers":["The Bends","Kid A","A Moon Shaped Pool"]},{"category":"Entertainment: Video Games","type":"multiple","difficulty":"medium","question":"On the 6th of June 2006, what was the name of the infamous glitch that occurred in the MMO RuneScape?","correct_answer":"The Falador Massacre","incorrect_answers":["Noclip glitch","Party-hat Duplication Glitch","TzHaar Massacre"]},{"category":"Entertainment: Music","type":"multiple","difficulty":"hard","question":"Which company did the animation for Peter Gabriel&#039;s Video Sledgehammer (1986)?","correct_answer":"Aardman Animations","incorrect_answers":["HIT Entertainment","Illumination Entertainment","VIZ Media"]},{"category":"Entertainment: Television","type":"multiple","difficulty":"medium","question":"Who was the winner of the 2016 WWE Royal Rumble?","correct_answer":"Triple H","incorrect_answers":["Roman Reigns","AJ Styles","Dean Ambrose"]},{"category":"Entertainment: Video Games","type":"multiple","difficulty":"medium","question":"Which town was Seamus &quot;Sledge&quot; Cowden from &quot;Tom Clancy&#039;s Rainbow Six Siege&quot; born in?","correct_answer":"John O&#039;Groats","incorrect_answers":["Brawl","Kearvaig","Talmine"]},{"category":"Entertainment: Video Games","type":"multiple","difficulty":"medium","question":"Which game is NOT part of the Science Adventure series by 5pb. and Nitroplus?","correct_answer":"Occultic; Nine","incorrect_answers":["Steins; Gate","Robotics; Notes","Chaos; Child"]},{"category":"Entertainment: Television","type":"multiple","difficulty":"hard","question":"Which race enjoys a glass of warm baghol in &quot;Star Trek&quot;?","correct_answer":"Klingon","incorrect_answers":["Vulcan","Human","Botha"]},{"category":"Geography","type":"multiple","difficulty":"hard","question":"Which of these cities has a 4&deg; East longitude. ","correct_answer":"Amsterdam","incorrect_answers":["Rio de Janero","Toronto","Hong Kong"]},{"category":"Entertainment: Video Games","type":"multiple","difficulty":"medium","question":"What is the name of the first level in &quot;Call of Duty: World at War&quot;?","correct_answer":"Semper Fi","incorrect_answers":["Ring of Steel","Vendetta","Eviction"]},{"category":"Entertainment: Video Games","type":"multiple","difficulty":"medium","question":"Which &quot;Perk-A-Cola&quot; in &quot;Call Of Duty: Zombies&quot; was &quot;reworked&quot; in &quot;Call of Duty: Black Ops II&quot;?","correct_answer":"Double Tap Root Beer","incorrect_answers":["Who&#039;s Who","Juggernog","Mule Kick"]},{"category":"General Knowledge","type":"multiple","difficulty":"medium","question":"What was the original name of the search engine &quot;Google&quot;?","correct_answer":"BackRub","incorrect_answers":["CatMassage","SearchPro","Netscape Navigator"]},{"category":"Entertainment: Video Games","type":"multiple","difficulty":"easy","question":"What were the first two blocks in &quot;Minecraft&quot;?","correct_answer":"Grass and Cobblestone","incorrect_answers":["Grass and Stone","Crafting Table and Cobblestone","Cobblestone and Stone"]},{"category":"General Knowledge","type":"multiple","difficulty":"medium","question":"Whose greyscale face is on the kappa emoticon on Twitch?","correct_answer":"Josh DeSeno","incorrect_answers":["Justin DeSeno","John DeSeno","Jimmy DeSeno"]},{"category":"Entertainment: Video Games","type":"boolean","difficulty":"easy","question":"In the &quot;S.T.A.L.K.E.R.&quot; series, the Freedom faction wishes to destroy the supernatural area known as  &quot;the Zone&quot;.","correct_answer":"False","incorrect_answers":["True"]},{"category":"Geography","type":"multiple","difficulty":"easy","question":"The Alps are a mountain range on which continent?","correct_answer":"Europe","incorrect_answers":["North America","Asia","Africa"]},{"category":"Entertainment: Video Games","type":"multiple","difficulty":"medium","question":"Which car is NOT featured in &quot;Need for Speed: Hot Pursuit 2&quot;?","correct_answer":"Toyota MR2","incorrect_answers":["Ford Crown Victoria","BMW Z8","McLaren F1"]},{"category":"Sports","type":"multiple","difficulty":"medium","question":"Which car manufacturer won the 2017 24 Hours of Le Mans?","correct_answer":"Porsche","incorrect_answers":["Toyota","Audi","Chevrolet"]},{"category":"History","type":"multiple","difficulty":"hard","question":"Which countries participated in the Lobster War?","correct_answer":"France and Brazil","incorrect_answers":["Canada and Norway","Australia and New Zealand","United States and England"]},{"category":"Entertainment: Video Games","type":"multiple","difficulty":"easy","question":"Which Nintendo 64 game did NOT have Luigi in it?","correct_answer":"Super Mario 64","incorrect_answers":["Mario Party 2","Paper Mario","Super Smash Bros."]},{"category":"General Knowledge","type":"multiple","difficulty":"hard","question":"The word &quot;aprosexia&quot; means which of the following?","correct_answer":"The inability to concentrate on anything","incorrect_answers":["The inability to make decisions","A feverish desire to rip one&#039;s clothes off","The inability to stand up"]},{"category":"General Knowledge","type":"multiple","difficulty":"easy","question":"The drug cartel run by Pablo Escobar originated in which South American city?","correct_answer":"Medell&iacute;n","incorrect_answers":["Bogot&aacute;","Quito","Cali"]},{"category":"Entertainment: Video Games","type":"multiple","difficulty":"hard","question":"Which drive form was added into Kingdom Hearts II Final Mix?","correct_answer":"Limit Form","incorrect_answers":["Valor Form","Wisdom Form","Anti Form"]},{"category":"Entertainment: Books","type":"multiple","difficulty":"easy","question":"Who wrote &quot;A Tale of Two Cities&quot;?","correct_answer":"Charles Dickens","incorrect_answers":["Charles Darwin","Mark Twain","Roald Dahl"]},{"category":"Entertainment: Video Games","type":"boolean","difficulty":"easy","question":"In the video game &quot;Splatoon&quot;, the playable characters were originally going to be rabbits instead of squids.","correct_answer":"True","incorrect_answers":["False"]},{"category":"Entertainment: Video Games","type":"multiple","difficulty":"medium","question":"What is the AK-47&#039;s name in Counter Strike: Source?","correct_answer":"CV-47","incorrect_answers":["AK-74","AK","CZ-75"]},{"category":"Entertainment: Film","type":"multiple","difficulty":"medium","question":"What is the birth name of Michael Keaton?","correct_answer":"Michael Douglas","incorrect_answers":["Michael Fox","Michael Richards","Michael Kane"]},{"category":"Entertainment: Japanese Anime & Manga","type":"multiple","difficulty":"easy","question":"In the anime &quot;My Hero Academia&quot;, which character is shown with the ability to manipulate gravity?","correct_answer":"Uraraka","incorrect_answers":["Bakugo","Deku","Asui "]},{"category":"Entertainment: Music","type":"multiple","difficulty":"medium","question":"Which of the following music bands is not from Finland?","correct_answer":"Sabaton","incorrect_answers":["Apocalyptica","Waltari","Lordi"]},{"category":"Entertainment: Comics","type":"multiple","difficulty":"hard","question":"In the Hellboy universe, what was Abe Sapien&#039;s birth name?","correct_answer":"Langdon Everett Caul","incorrect_answers":["Lord Baltimore","Sir Edward Grey","Landis Pope"]},{"category":"Entertainment: Video Games","type":"multiple","difficulty":"easy","question":"In the PAYDAY series, who betrayed the PAYDAY gang that got Hoxton arrested?","correct_answer":"Hector","incorrect_answers":["Vlad","The Dentist","The Elephant"]}]}