{"response_code":0,"results":[{"category":"Entertainment: Video Games","type":"multiple","difficulty":"medium","question":"Killing Floor started as a mod for which Unreal Engine 2 game?","correct_answer":"Unreal Tournament 2004","incorrect_answers":["Deus Ex: Invisible War","Unreal Tournament 3","Postal"]},{"category":"Geography","type":"multiple","difficulty":"easy","question":"What is the capital of the American state of Arizona?","correct_answer":"Phoenix","incorrect_answers":["Montgomery","Tallahassee","Raleigh"]},{"category":"Sports","type":"multiple","difficulty":"medium","question":"Who was the British professional wrestler Shirley Crabtree better known as?","correct_answer":"Big Daddy","incorrect_answers":["Giant Haystacks","Kendo Nagasaki","Masambula"]},{"category":"Entertainment: Music","type":"multiple","difficulty":"medium","question":"Which French duo had UK hits in 1998 with the songs &#039;Sexy Boy&#039;, &#039;Kelly Watch The Stars&#039; &amp; &#039;All I Need&#039;?","correct_answer":"Air","incorrect_answers":["Fire","Earth","Water"]},{"category":"Entertainment: Books","type":"multiple","difficulty":"medium","question":"In the Lord of the Rings, who is the father of the dwarf Gimli?","correct_answer":"Gloin","incorrect_answers":["Thorin Oakenshield","Bombur","Dwalin"]},{"category":"Geography","type":"multiple","difficulty":"easy","question":"What is the capital of Jamaica?","correct_answer":"Kingston","incorrect_answers":["San Juan","Port-au-Prince","Bridgetown"]},{"category":"Entertainment: Video Games","type":"multiple","difficulty":"easy","question":"Which of these levels does NOT appear in the console\/PC versions of the game &quot;Sonic Generations&quot;?","correct_answer":"Mushroom Hill","incorrect_answers":["City Escape","Planet Wisp","Sky Sanctuary"]},{"category":"Science & Nature","type":"multiple","difficulty":"easy","question":"How many planets make up our Solar System?","correct_answer":"8","incorrect_answers":["7","9","6"]},{"category":"Vehicles","type":"multiple","difficulty":"medium","question":"Enzo Ferrari was originally an auto racer for what manufacturer before founding his own car company?","correct_answer":"Alfa Romeo","incorrect_answers":["Auto Union","Mercedes Benz","Bentley"]},{"category":"Art","type":"multiple","difficulty":"hard","question":"What year did Albrecht D&uuml;rer create the painting &quot;The Young Hare&quot;?","correct_answer":"1502","incorrect_answers":["1702","1402","1602"]},{"category":"Science & Nature","type":"multiple","difficulty":"hard","question":"Which horizon in a soil profile consists of bedrock?","correct_answer":"R","incorrect_answers":["O","B","D"]},{"category":"Entertainment: Video Games","type":"multiple","difficulty":"hard","question":"What is the main theme song of &quot;Sonic Adventure 2&quot;?","correct_answer":"Live and Learn","incorrect_answers":["Open Your Heart","Can You Feel the Sunshine?","His World"]},{"category":"Entertainment: Music","type":"boolean","difficulty":"medium","question":"Ashley Frangipane performs under the stage name Halsey.","correct_answer":"True","incorrect_answers":["False"]},{"category":"Science: Computers","type":"boolean","difficulty":"medium","question":"&quot;Windows NT&quot; is a monolithic kernel.","correct_answer":"False","incorrect_answers":["True"]},{"category":"Entertainment: Music","type":"multiple","difficulty":"medium","question":"Which song by Swedish electronic musician Avicii samples the song &quot;Something&#039;s Got A Hold On Me&quot; by Etta James?","correct_answer":"Levels","incorrect_answers":["Fade Into Darkness","Silhouettes","Seek Bromance"]},{"category":"Entertainment: Film","type":"multiple","difficulty":"easy","question":"Which of these movies did Jeff Bridges not star in?","correct_answer":"The Hateful Eight","incorrect_answers":["Tron: Legacy","The Giver","True Grit"]},{"category":"General Knowledge","type":"multiple","difficulty":"hard","question":"Which of the following is an existing family in &quot;The Sims&quot;?","correct_answer":"The Goth Family","incorrect_answers":["The Family","The Simoleon Family","The Proud Family"]},{"category":"Vehicles","type":"multiple","difficulty":"easy","question":"Which of the following collision avoidance systems helps airplanes avoid colliding with each other?","correct_answer":"TCAS","incorrect_answers":["GPWS","OCAS","TAWS"]},{"category":"Entertainment: Music","type":"multiple","difficulty":"easy","question":"The &quot;K&quot; in &quot;K-Pop&quot; stands for which word?","correct_answer":"Korean","incorrect_answers":["Kenyan","Kazakhstan","Kuwaiti"]},{"category":"Entertainment: Television","type":"multiple","difficulty":"medium","question":"In Naruto: Shippuden, which of the following elements is a &quot;Kekkei T\u014dta?&quot;","correct_answer":"Particle Style","incorrect_answers":["Any Doujutsu","Shadow Style","Ice Style"]},{"category":"Animals","type":"multiple","difficulty":"easy","question":"What is Grumpy Cat&#039;s real name?","correct_answer":"Tardar Sauce","incorrect_answers":["Sauce","Minnie","Broccoli"]},{"category":"Celebrities","type":"multiple","difficulty":"medium","question":"What is generally considered to be William Shakespeare&#039;s birth date?","correct_answer":"April 23rd, 1564","incorrect_answers":["July 4th, 1409","September 29th, 1699","December 1st, 1750"]},{"category":"Entertainment: Video Games","type":"multiple","difficulty":"medium","question":"Which franchise had a special event hosted in the popular MMORPG Final Fantasy XIV: A Realm Reborn?","correct_answer":"Yo-kai Watch","incorrect_answers":["Pok&eacute;mon","Yu-gi-oh","Buddyfight"]},{"category":"Entertainment: Music","type":"multiple","difficulty":"medium","question":"What is the last song on the first Panic! At the Disco album?","correct_answer":"Build God, Then We&#039;ll Talk","incorrect_answers":["Nails for Breakfast, Tacks for Snacks","I Write Sins Not Tragedies","Lying Is The Most Fun A Girl Can Have Without Taking Her Clothes Off"]},{"category":"Sports","type":"multiple","difficulty":"medium","question":"What is the oldest team in the NFL?","correct_answer":"Arizona Cardinals","incorrect_answers":["Chicago Bears","Green Bay Packers","New York Giants"]},{"category":"Sports","type":"multiple","difficulty":"medium","question":"In Formula 1, the Virtual Safety Car was introduced following the fatal crash of which driver?","correct_answer":"Jules Bianchi","incorrect_answers":["Ayrton Senna","Ronald Ratzenberger","Gilles Villeneuve"]},{"category":"Science: Computers","type":"multiple","difficulty":"medium","question":"What is known as &quot;the brain&quot; of the Computer?","correct_answer":"Central Processing Unit","incorrect_answers":["Motherboard","Graphics Processing Unit","Keyboard"]},{"category":"Entertainment: Music","type":"boolean","difficulty":"easy","question":"Scatman John&#039;s real name was John Paul Larkin.","correct_answer":"True","incorrect_answers":["False"]},{"category":"Entertainment: Video Games","type":"multiple","difficulty":"medium","question":"In &quot;Paper Mario: The Thousand Year Door&quot;, what is Hooktail&#039;s weakness?","correct_answer":"The Sound of Crickets","incorrect_answers":["Attacks from Koopas","The &quot;Ice Storm&quot; Item","The Hammer"]},{"category":"Entertainment: Cartoon & Animations","type":"multiple","difficulty":"easy","question":"Which of these characters from &quot;SpongeBob SquarePants&quot; is not a squid?","correct_answer":"Gary","incorrect_answers":["Orvillie","Squidward","Squidette"]},{"category":"Politics","type":"multiple","difficulty":"hard","question":"Which of the following United States senators is known for performing a 24-hour long filibuster?","correct_answer":"Strom Thurmond","incorrect_answers":["Roy Blunt","John Barrasso","Chuck Schumer"]},{"category":"Politics","type":"multiple","difficulty":"medium","question":"What is former United States President Bill Clinton&#039;s full name?","correct_answer":"William Jefferson Clinton","incorrect_answers":["William Roosevelt Clinton","William Truman Clinton","William Lincoln Clinton"]},{"category":"Entertainment: Video Games","type":"multiple","difficulty":"easy","question":"What is the name of the game developer who created &quot;Call Of Duty: Zombies&quot;?","correct_answer":"Treyarch","incorrect_answers":["Sledgehammer Games","Infinity Ward","Naughty Dog"]},{"category":"Entertainment: Video Games","type":"boolean","difficulty":"medium","question":"The Fiat Multipla is a drivable car in &quot;Forza Horizon 3&quot;.","correct_answer":"False","incorrect_answers":["True"]},{"category":"Entertainment: Film","type":"multiple","difficulty":"hard","question":"What three movies, in order from release date, make up the &quot;Dollars Trilogy&quot;?","correct_answer":"&quot;A Fistful of Dollars&quot;, &quot;For a Few Dollars More&quot;, &quot;The Good, the Bad, and the Ugly&quot;","incorrect_answers":["&quot;The Good, the Bad, and the Ugly&quot;, &quot;For A Few Dollars More&quot;, &quot;A Fistful of Dollars&quot;","&quot;For a Few Dollars More&quot;, &quot;The Good, the Bad, and the Ugly&quot;, &quot;A Fistful of Dollars&quot;","&quot;For a Few Dollars More&quot;, &quot;A Fistful of Dollars&quot;, &quot;The Good, the Bad, and the Ugly&quot;"]},{"category":"Entertainment: Television","type":"multiple","difficulty":"hard","question":"Which of the following actors portrayed the Ninth Doctor in the British television show &quot;Doctor Who&quot;?","correct_answer":"Christopher Eccleston","incorrect_answers":["David Tennant","Matt Smith","Tom Baker"]},{"category":"History","type":"multiple","difficulty":"hard","question":"Which day did World War I begin?","correct_answer":"July 28","incorrect_answers":["January 28","June 28","April 28"]},{"category":"General Knowledge","type":"multiple","difficulty":"medium","question":"The website &quot;Shut Up &amp; Sit Down&quot; reviews which form of media?","correct_answer":"Board Games","incorrect_answers":["Television Shows","Video Games","Films"]},{"category":"Entertainment: Film","type":"boolean","difficulty":"easy","question":"&quot;Foodfight!&quot; earned less than $80,000 at box office.","correct_answer":"True","incorrect_answers":["False"]},{"category":"Entertainment: Film","type":"multiple","difficulty":"hard","question":"Which 1994 film did Roger Ebert famously despise, saying &quot;I hated hated hated hated hated this movie&quot;.","correct_answer":"North","incorrect_answers":["3 Ninjas Kick Back","The Santa Clause","Richie Rich"]},{"category":"History","type":"multiple","difficulty":"hard","question":"Which English king was married to Eleanor of Aquitaine?","correct_answer":"Henry II","incorrect_answers":["Richard I","Henry I","Henry V"]},{"category":"General Knowledge","type":"multiple","difficulty":"easy","question":"If you are caught &quot;Goldbricking&quot;, what are you doing wrong?","correct_answer":"Slacking","incorrect_answers":["Smoking","Stealing","Cheating"]},{"category":"Sports","type":"boolean","difficulty":"medium","question":"In 2008, Usain Bolt set the world record for the 100 meters with one shoelace untied.","correct_answer":"True","incorrect_answers":["False"]},{"category":"Science: Computers","type":"boolean","difficulty":"medium","question":"A Boolean value of &quot;0&quot; represents which of these words?","correct_answer":"False","incorrect_answers":["True"]},{"category":"Politics","type":"multiple","difficulty":"hard","question":"What year did the effort to deploy the Common Core State Standards (CCSS) in the US begin?","correct_answer":"2009","incorrect_answers":["2012","2006","1997"]},{"category":"Politics","type":"multiple","difficulty":"medium","question":"Between 1973 to 1990, what country was ruled by dictator Augusto Pinochet?","correct_answer":"Chile","incorrect_answers":["Ethiopia","Indonesia","Nicaragua"]},{"category":"Entertainment: Music","type":"multiple","difficulty":"hard","question":"Which of these artists did NOT feature in the fitfh studio album &quot;Humanz&quot; by British virtual band Gorillaz?","correct_answer":"Snoop Dogg","incorrect_answers":["Vince Staples","Pusha T","Danny Brown"]},{"category":"Entertainment: Music","type":"multiple","difficulty":"hard","question":"Panic! At the Disco&#039;s sixth album &quot;Pray For The Wicked&quot; was released on which date?","correct_answer":"June 22, 2018","incorrect_answers":["May 9, 2018","March 13, 2018","February 21, 2018"]},{"category":"Entertainment: Television","type":"multiple","difficulty":"medium","question":"What is the name of the race horse that Tony Soprano becomes attached to?","correct_answer":"Pie-O-My","incorrect_answers":["Man o&#039; war","Bada Bing","Honest Earnings"]},{"category":"Geography","type":"multiple","difficulty":"hard","question":"What is the largest freshwater lake by volume?","correct_answer":"Lake Baikal","incorrect_answers":["Lake Superior","Lake Huron","Lake Michigan"]}]}