{"response_code":0,"results":[{"category":"Entertainment: Video Games","type":"multiple","difficulty":"easy","question":"Who created the digital distribution platform Steam?","correct_answer":"Valve","incorrect_answers":["Pixeltail Games","Ubisoft","Electronic Arts"]},{"category":"Entertainment: Video Games","type":"multiple","difficulty":"medium","question":"When was the original Star Wars: Battlefront II released?","correct_answer":"October 31, 2005","incorrect_answers":["December 18, 2004","November 21, 2006","September 9, 2007"]},{"category":"Entertainment: Video Games","type":"multiple","difficulty":"medium","question":"When Halo 3: ODST was unveiled in 2008, it had a different title. What was the game formally called?","correct_answer":"Halo 3: Recon","incorrect_answers":["Halo 3: Helljumpers","Halo 3: Phantom","Halo 3: Guerilla"]},{"category":"Entertainment: Music","type":"multiple","difficulty":"easy","question":"What is not a wind instrument?","correct_answer":"Viola","incorrect_answers":["Oboe","Trombone","Duduk"]},{"category":"History","type":"boolean","difficulty":"hard","question":"Japan was part of the Allied Powers during World War I.","correct_answer":"True","incorrect_answers":["False"]},{"category":"Geography","type":"multiple","difficulty":"medium","question":"What is the only country in the world with a flag that doesn&#039;t have four right angles?","correct_answer":"Nepal","incorrect_answers":["Panama","Angola","Egypt"]},{"category":"Vehicles","type":"multiple","difficulty":"medium","question":"What part of an automobile engine uses lobes to open and close intake and exhaust valves, and allows an air\/fuel mixture into the engine?","correct_answer":"Camshaft","incorrect_answers":["Piston","Drive shaft","Crankshaft"]},{"category":"Entertainment: Music","type":"multiple","difficulty":"easy","question":"Ringo Starr of The Beatles mainly played what instrument?","correct_answer":"Drums","incorrect_answers":["Bass","Guitar","Piano"]},{"category":"Politics","type":"multiple","difficulty":"medium","question":"Which president erased the national debt of the United States?","correct_answer":"Andrew Jackson","incorrect_answers":["Ronald Reagan","John F. Kennedy","Franklin Roosevelt"]},{"category":"Entertainment: Cartoon & Animations","type":"multiple","difficulty":"easy","question":"Butters Stotch, Pip Pirrup, and Wendy Testaburger are all characters in which long running animated TV series?","correct_answer":"South Park","incorrect_answers":["The Simpsons","Family Guy","Bob&#039;s Burgers"]},{"category":"Entertainment: Music","type":"multiple","difficulty":"medium","question":"What genre of EDM is the Dutch DJ, musician, and remixer Armin van Buuren most well-known for?","correct_answer":"Trance","incorrect_answers":["House","Drum and Bass","Dubstep"]},{"category":"Geography","type":"multiple","difficulty":"medium","question":"All of the following countries have official claims to territory in Antartica EXCEPT:","correct_answer":"United States","incorrect_answers":["Australia","Chile","Norway"]},{"category":"Entertainment: Film","type":"multiple","difficulty":"hard","question":"What was the name of the planet in &quot;Aliens&quot;?","correct_answer":"LV-426","incorrect_answers":["Weyland Yutani Corporation Base","FR-838","DI-621"]},{"category":"History","type":"multiple","difficulty":"medium","question":"Which Apollo mission was the last one in NASA&#039;s Apollo program?","correct_answer":"Apollo 17","incorrect_answers":["Apollo 13","Apollo 11","Apollo 15"]},{"category":"Entertainment: Film","type":"multiple","difficulty":"medium","question":"Which movie sequel had improved box office results compared to its original film?","correct_answer":"Toy Story 2","incorrect_answers":["Sin City: A Dame to Kill For","Speed 2: Cruise Control","Son of the Mask"]},{"category":"Entertainment: Music","type":"multiple","difficulty":"easy","question":"Who is the lead singer of the British pop rock band Coldplay?","correct_answer":"Chris Martin","incorrect_answers":["Jonny Buckland","Guy Berryman","Will Champion"]},{"category":"Science: Computers","type":"boolean","difficulty":"medium","question":"AMD created the first consumer 64-bit processor.","correct_answer":"True","incorrect_answers":["False"]},{"category":"Entertainment: Film","type":"boolean","difficulty":"easy","question":"Samuel L. Jackson had the words, &#039;Bad Motherf*cker&#039; in-scripted on his lightsaber during the filming of Star Wars.","correct_answer":"True","incorrect_answers":["False"]},{"category":"Vehicles","type":"multiple","difficulty":"medium","question":"Which supercar company is from Sweden?","correct_answer":"Koenigsegg","incorrect_answers":["Bugatti","Lamborghini","McLaren"]},{"category":"Entertainment: Cartoon & Animations","type":"multiple","difficulty":"easy","question":"In the 1993 Disney animated series &quot;Bonkers&quot;, what is the name of Bonker&#039;s second partner?","correct_answer":"Miranda Wright","incorrect_answers":["Dick Tracy","Eddie Valiant","Dr. Ludwig von Drake"]},{"category":"Entertainment: Video Games","type":"multiple","difficulty":"medium","question":"What was the first PlayStation game to require the use of the DualShock controller?","correct_answer":"Ape Escape","incorrect_answers":["Metal Gear","Tekken ","Tomba 2!"]},{"category":"Geography","type":"multiple","difficulty":"easy","question":"What is the nickname for the US state Delaware?","correct_answer":"The First State","incorrect_answers":["The Fiftieth State","The Second State","The Sixteenth State"]},{"category":"General Knowledge","type":"multiple","difficulty":"medium","question":"What character was once considered to be the 27th letter of the alphabet?","correct_answer":"Ampersand","incorrect_answers":["Interrobang","Tilde","Pilcrow"]},{"category":"Animals","type":"multiple","difficulty":"hard","question":"Which of these animals is NOT a lizard?","correct_answer":"Tuatara","incorrect_answers":["Komodo Dragon","Gila Monster","Green Iguana"]},{"category":"Entertainment: Music","type":"multiple","difficulty":"medium","question":"Which famous 90&#039;s rap album is commonly referred to as &quot;The Bible of Hip Hop&quot;?","correct_answer":"Illmatic","incorrect_answers":["The Low End Theory","The Chronic","Enter The Wu-Tang (36 Chambers)"]},{"category":"Entertainment: Music","type":"multiple","difficulty":"medium","question":"What is Brian May&#039;s guitar called?","correct_answer":"Red Special","incorrect_answers":["Blue Special","Green Special","Yellow Special"]},{"category":"Entertainment: Television","type":"multiple","difficulty":"easy","question":"What was the name of the the first episode of Doctor Who to air in 1963?","correct_answer":"An Unearthly Child","incorrect_answers":["The Daleks","The Aztecs","The Edge of Destruction"]},{"category":"Entertainment: Video Games","type":"boolean","difficulty":"easy","question":"Ana was added as a new hero for the game Overwatch on July 19th, 2016.","correct_answer":"True","incorrect_answers":["False"]},{"category":"History","type":"boolean","difficulty":"hard","question":"The Battle of Trafalgar took place on October 23rd, 1805","correct_answer":"False","incorrect_answers":["True"]},{"category":"Mythology","type":"boolean","difficulty":"medium","question":"In Greek mythology, Hera is the goddess of harvest.","correct_answer":"False","incorrect_answers":["True"]},{"category":"History","type":"multiple","difficulty":"medium","question":"When did Norway get its constitution?","correct_answer":"1814","incorrect_answers":["1932","1905","1854"]},{"category":"Entertainment: Music","type":"multiple","difficulty":"hard","question":"In the Panic! At the Disco&#039;s song &quot;Nothern Downpour&quot;, which lyric follows &#039;I know the world&#039;s a broken bone&#039;.","correct_answer":"&quot;So melt your headaches call it home&quot;","incorrect_answers":["&quot;So sing your song until you&#039;re home&quot;","&quot;So let them know they&#039;re on their own&quot;","&quot;So start a fire in their cold stone&quot;"]},{"category":"Entertainment: Music","type":"multiple","difficulty":"easy","question":"What was the best selling album of 2015?","correct_answer":"Adele, 25","incorrect_answers":["Fetty Wap, Fetty Wap","Taylor Swift, 1989","Justin Bieber, Purpose"]},{"category":"Entertainment: Television","type":"multiple","difficulty":"easy","question":"When Donkey Kong died in the &quot;Donkey Kong Country&quot; episode &quot;It&#039;s a Wonderful Life&quot;, who was his guardian angel?","correct_answer":"Eddie the Mean Old Yeti","incorrect_answers":["Kiddy Kong","Diddy Kong","King K. Rool"]},{"category":"Science: Mathematics","type":"boolean","difficulty":"medium","question":"A &#039;Millinillion&#039; is a real number.","correct_answer":"True","incorrect_answers":["False"]},{"category":"Sports","type":"multiple","difficulty":"easy","question":"Which team has won the most Stanley Cups in the NHL?","correct_answer":"Montreal Canadians","incorrect_answers":["Chicago Blackhawks","Toronto Maple Leafs","Detroit Red Wings"]},{"category":"Entertainment: Video Games","type":"multiple","difficulty":"medium","question":"What is the name of the common, gun-toting enemies of the &quot;Oddworld&quot; video game series?","correct_answer":"Sligs","incorrect_answers":["Scrabs","Slogs","Glukkons"]},{"category":"History","type":"multiple","difficulty":"hard","question":"How long did the Warsaw Uprising during World War II last?","correct_answer":"63 Days","incorrect_answers":["20 Days","55 Days","224 Days"]},{"category":"Entertainment: Music","type":"multiple","difficulty":"hard","question":"What year was Min Yoongi from South Korea boy band &quot;BTS&quot; born in?","correct_answer":"1993","incorrect_answers":["1992","1995","1994"]},{"category":"Science & Nature","type":"boolean","difficulty":"easy","question":"Celiac Disease is a disease that effects the heart, causing those effected to be unable to eat meat.","correct_answer":"False","incorrect_answers":["True"]},{"category":"Entertainment: Video Games","type":"multiple","difficulty":"medium","question":"Which Sonic the Hedgehog game introudced Knuckles the Echidna?","correct_answer":"Sonic the Hedgehog 3","incorrect_answers":["Sonic the Hedgehog 2","Sonic &amp; Knuckles","Sonic Adventure"]},{"category":"Mythology","type":"boolean","difficulty":"easy","question":"A wyvern is the same as a dragon.","correct_answer":"False","incorrect_answers":["True"]},{"category":"General Knowledge","type":"multiple","difficulty":"hard","question":"Where is Apple Inc. headquartered?","correct_answer":"Cupertino, California","incorrect_answers":["Redwood City, California","Redmond, Washington","Santa Monica, CA"]},{"category":"Entertainment: Music","type":"multiple","difficulty":"medium","question":"Who performed the guitar solo on Michael Jackson&#039;s hit &quot;Beat It&quot;?","correct_answer":"Eddie Van Halen","incorrect_answers":["Steve Vai","Kirk Hammett","Zakk Wylde"]},{"category":"Science: Computers","type":"multiple","difficulty":"medium","question":"In programming, what do you call functions with the same name but different implementations?","correct_answer":"Overloading","incorrect_answers":["Overriding","Abstracting","Inheriting"]},{"category":"General Knowledge","type":"multiple","difficulty":"easy","question":"Which of the following is the IATA code for Manchester Airport?","correct_answer":"MAN","incorrect_answers":["EGLL","LHR","EGCC"]},{"category":"Entertainment: Video Games","type":"multiple","difficulty":"hard","question":"What is the name of the alligator in Where&#039;s My Water?","correct_answer":"Swampy","incorrect_answers":["Cranky","Crocky","Justice"]},{"category":"Entertainment: Books","type":"multiple","difficulty":"easy","question":"What was Sir Handel&#039;s original name in &quot;The Railway Series&quot; and it&#039;s animated counterpart &quot;Thomas and Friends?&quot;","correct_answer":"Falcon","incorrect_answers":["Eagle","Kyte","Swallow"]},{"category":"Entertainment: Cartoon & Animations","type":"multiple","difficulty":"easy","question":"Wendy O. Koopa appeared in the Super Mario DIC Cartoons, but what was she known as?","correct_answer":"Kootie Pie","incorrect_answers":["Sweetie Pie","Wendy Pie","Honey Pie"]},{"category":"Entertainment: Video Games","type":"boolean","difficulty":"easy","question":"&quot;Resident Evil 7&quot; is the first first-person Resident Evil game.","correct_answer":"False","incorrect_answers":["True"]}]}