{"response_code":0,"results":[{"category":"Entertainment: Books","type":"multiple","difficulty":"hard","question":"In the Beatrix Potter books, what type of animal is Tommy Brock?","correct_answer":"Badger","incorrect_answers":["Fox","Frog","Rabbit"]},{"category":"History","type":"multiple","difficulty":"hard","question":"Pianist Fr&eacute;d&eacute;ric Chopin was a composer of which musical era?","correct_answer":"Romantic","incorrect_answers":["Classic","Baroque","Renaissance"]},{"category":"Sports","type":"multiple","difficulty":"medium","question":"What cricketing term denotes a batsman being dismissed with a score of zero?","correct_answer":"Duck","incorrect_answers":["Bye","Beamer","Carry"]},{"category":"Entertainment: Music","type":"multiple","difficulty":"medium","question":"Typically, how many keys are on a piano?","correct_answer":"88","incorrect_answers":["24","12","96"]},{"category":"Science & Nature","type":"multiple","difficulty":"easy","question":"What is the elemental symbol for mercury?","correct_answer":"Hg","incorrect_answers":["Me","Mc","Hy"]},{"category":"General Knowledge","type":"multiple","difficulty":"easy","question":"Which sign of the zodiac is represented by the Crab?","correct_answer":"Cancer","incorrect_answers":["Libra","Virgo","Sagittarius"]},{"category":"Geography","type":"multiple","difficulty":"hard","question":"Which of the following Inuit languages was the FIRST to use a unique writing system not based on the Latin alphabet?","correct_answer":"Inuktitut","incorrect_answers":["Inuinnaqtun","Greenlandic","Inupiat"]},{"category":"Science: Computers","type":"multiple","difficulty":"medium","question":"What was the first commerically available computer processor?","correct_answer":"Intel 4004","incorrect_answers":["Intel 486SX","TMS 1000","AMD AM386"]},{"category":"Entertainment: Video Games","type":"multiple","difficulty":"hard","question":"Which video game was recalled for containing a hidden, playable South Park episode?","correct_answer":"Tiger Woods 99 PGA Tour","incorrect_answers":["Tony Hawk&#039;s Pro Skater 3","Sonic Adventure","Madden 99"]},{"category":"Entertainment: Video Games","type":"multiple","difficulty":"easy","question":"What ingredient is NOT used to craft a cake in Minecraft?","correct_answer":"Bread","incorrect_answers":["Wheat","Milk","Egg"]},{"category":"Entertainment: Video Games","type":"multiple","difficulty":"medium","question":"When was &quot;Garry&#039;s Mod&quot; released?","correct_answer":"December 24, 2004","incorrect_answers":["November 13, 2004","December 13, 2004","November 12, 2004"]},{"category":"Geography","type":"boolean","difficulty":"easy","question":"Ottawa is the capital of Canada.","correct_answer":"True","incorrect_answers":["False"]},{"category":"Politics","type":"multiple","difficulty":"easy","question":"How many people are in the U.S. House of Representatives?","correct_answer":"435","incorrect_answers":["260","415","50"]},{"category":"Entertainment: Video Games","type":"multiple","difficulty":"hard","question":"Which souls game was not directed by Hidetaka Miyazaki?","correct_answer":"Dark Souls 2","incorrect_answers":["Demon Souls","Dark Souls","Dark Souls 3"]},{"category":"Entertainment: Video Games","type":"multiple","difficulty":"medium","question":"By how many minutes are you late to work in &quot;Half-Life&quot;?","correct_answer":"30","incorrect_answers":["5","60","15"]},{"category":"Entertainment: Video Games","type":"multiple","difficulty":"easy","question":"Who is the leader of Team Instinct in Pok&eacute;mon Go?","correct_answer":"Spark","incorrect_answers":["Candela","Blanche","Willow"]},{"category":"Entertainment: Video Games","type":"multiple","difficulty":"hard","question":"Which was the first M-rated video game developed by Squaresoft\/Square Enix?","correct_answer":"Parasite Eve","incorrect_answers":["Final Fantasy VIII","Front Mission","Vagrant Story"]},{"category":"Entertainment: Film","type":"boolean","difficulty":"hard","question":"&quot;Cube&quot;, &quot;Cube 2: Hypercube&quot; and &quot;Cube Zero&quot; were directed by the same person.","correct_answer":"False","incorrect_answers":["True"]},{"category":"Vehicles","type":"multiple","difficulty":"hard","question":"Which one of the following is NOT a sub-company of the Volkswagen Group?","correct_answer":"Opel","incorrect_answers":["Porsche","Bugatti","Bentley"]},{"category":"Science & Nature","type":"boolean","difficulty":"easy","question":"An exothermic reaction is a chemical reaction that releases energy by radiating electricity.","correct_answer":"False","incorrect_answers":["True"]},{"category":"Science & Nature","type":"multiple","difficulty":"hard","question":"What element on the periodic table has 92 electrons?","correct_answer":"Uranium","incorrect_answers":["Sulfur","Hydrogen","Iron"]},{"category":"Science & Nature","type":"multiple","difficulty":"hard","question":"What genetic disease is caused by having an extra Y chromosome (XYY)?","correct_answer":"Jacob&#039;s Syndrome","incorrect_answers":["Klinefelter&#039;s Syndrome","Turner&#039;s Syndrome","Down Syndrome"]},{"category":"Entertainment: Music","type":"multiple","difficulty":"easy","question":"What album did The Lumineers release in 2016?","correct_answer":"Cleopatra","incorrect_answers":["Winter","The Lumineers","Tracks From The Attic"]},{"category":"Science & Nature","type":"multiple","difficulty":"hard","question":"What is the same in Celsius and Fahrenheit?","correct_answer":"-40","incorrect_answers":["32","-39","-42"]},{"category":"Entertainment: Video Games","type":"multiple","difficulty":"hard","question":"How many playable characters are there in Super Smash Bros. for Nintendo 3DS and Wii U?","correct_answer":"58","incorrect_answers":["48","51","55"]},{"category":"Entertainment: Video Games","type":"multiple","difficulty":"medium","question":"Danganronpa Another Episode: Ultra Despair Girls is set after which Danganronpa game?","correct_answer":"Danganronpa: Trigger Happy Havoc","incorrect_answers":["Danganronpa 2: Goodbye Despair","Danganronpa V3: Killing Harmony","Danganronpa 3: The End of Hope&#039;s Peak High School"]},{"category":"Entertainment: Video Games","type":"multiple","difficulty":"hard","question":"In the original DOOM (1993) which of the following is NOT a cheat code?","correct_answer":"IDCLIP","incorrect_answers":["IDFA","IDDQD","IDSPISPOPD"]},{"category":"General Knowledge","type":"multiple","difficulty":"hard","question":"What year was the RoboSapien toy robot released?","correct_answer":"2004","incorrect_answers":["2000","2001","2006"]},{"category":"Entertainment: Video Games","type":"multiple","difficulty":"medium","question":"In &quot;Call Of Duty: Zombies&quot;, what is the name of Samantha Maxis&#039; dog?","correct_answer":"Fluffy","incorrect_answers":["Baxter","Fido","Henry"]},{"category":"Entertainment: Video Games","type":"multiple","difficulty":"medium","question":"Which one of these games came out first?","correct_answer":"Terraria","incorrect_answers":["Minecraft","Starbound","Factorio"]},{"category":"Entertainment: Music","type":"multiple","difficulty":"medium","question":"Which of the following guitarists recorded an album as a member of the Red Hot Chili Peppers?","correct_answer":"Dave Navarro","incorrect_answers":["Tom Morello ","Billy Corgan","Ed O&#039;Brien"]},{"category":"Entertainment: Japanese Anime & Manga","type":"multiple","difficulty":"easy","question":"In Ms. Kobayashi&#039;s Dragon Maid, who is Kobayashi&#039;s maid?","correct_answer":"Tohru","incorrect_answers":["Lucoa","Kanna","Elma"]},{"category":"Entertainment: Comics","type":"multiple","difficulty":"medium","question":"In the DC Comics 2016 reboot, Rebirth, which speedster escaped from the Speed Force after he had been erased from existance?","correct_answer":"Wally West","incorrect_answers":["Johnny Quick","Jay Garrick","Eobard Thawne"]},{"category":"Entertainment: Japanese Anime & Manga","type":"multiple","difficulty":"hard","question":"Which animation studio animated &quot;To Love-Ru&quot;?","correct_answer":"Xebec","incorrect_answers":["Trigger","Sunrise","Kyoto Animation"]},{"category":"General Knowledge","type":"multiple","difficulty":"hard","question":"Named after the mallow flower, mauve is a shade of what?","correct_answer":"Purple","incorrect_answers":["Red","Brown","Pink"]},{"category":"Entertainment: Film","type":"multiple","difficulty":"hard","question":"In the Friday The 13th series, what year did Jason drown in?","correct_answer":"1957","incorrect_answers":["1955","1953","1959"]},{"category":"Entertainment: Music","type":"multiple","difficulty":"medium","question":"Which alternative rock band released the critically-acclaimed album &quot;OK Computer&quot;?","correct_answer":"Radiohead","incorrect_answers":["R.E.M.","Nirvana","Coldplay"]},{"category":"Geography","type":"multiple","difficulty":"medium","question":"Which English county will you find the University of East Anglia?","correct_answer":"Norfolk","incorrect_answers":["Suffolk","Essex","Cambridgeshire"]},{"category":"Geography","type":"multiple","difficulty":"hard","question":"What national museum will you find in Cooperstown, New York?","correct_answer":"National Baseball Hall of Fame","incorrect_answers":["Metropolitan Museum of Art","National Toy Hall of Fame","Museum of Modern Art"]},{"category":"Entertainment: Video Games","type":"boolean","difficulty":"hard","question":"The video game &quot;Fuel&quot; has an open world that is 5,560 square miles?","correct_answer":"True","incorrect_answers":["False"]},{"category":"Entertainment: Video Games","type":"multiple","difficulty":"medium","question":"Which one of these characters was first introduced in Sonic Boom: Rise of Lyric?","correct_answer":"Sticks the Badger","incorrect_answers":["Mighty the Armadillo","Espio the Chameleon","Rouge the Bat"]},{"category":"General Knowledge","type":"multiple","difficulty":"medium","question":"What is the full title of the Prime Minister of the UK?","correct_answer":"First Lord of the Treasury","incorrect_answers":["Duke of Cambridge","Her Majesty&#039;s Loyal Opposition","Manager of the Crown Estate"]},{"category":"Geography","type":"multiple","difficulty":"medium","question":"Where is Hadrian&#039;s Wall located?","correct_answer":"Carlisle, England","incorrect_answers":["Rome, Italy","Alexandria, Egypt","Dublin, Ireland"]},{"category":"Science & Nature","type":"multiple","difficulty":"hard","question":"The word &quot;science&quot; stems from the word &quot;scire&quot; meaning what?","correct_answer":"To know","incorrect_answers":["To measure","To live","To count"]},{"category":"Entertainment: Video Games","type":"multiple","difficulty":"medium","question":"In Night in the Woods, which instrument did Casey play?","correct_answer":"Drums","incorrect_answers":["Bass","Piano","Sax"]},{"category":"Science: Gadgets","type":"multiple","difficulty":"hard","question":"Which of the following is used to measure blood pressure?","correct_answer":"Sphygmomanometer","incorrect_answers":["Barometer","Ruler","Haemoerythrometer"]},{"category":"Entertainment: Video Games","type":"multiple","difficulty":"medium","question":"What mainly favored rifle is used by the Terrorists in Counter Strike: Global Offensive?","correct_answer":"AK-47","incorrect_answers":["AK-74","M4A4","CZ-75 AUTO"]},{"category":"Entertainment: Video Games","type":"multiple","difficulty":"easy","question":"What is the name of a popular franchise that includes placing blocks down and surviving in an open world? ","correct_answer":"Minecraft","incorrect_answers":["Unturned","Roblox","Grand Theft Auto V"]},{"category":"Entertainment: Video Games","type":"multiple","difficulty":"medium","question":"Which city hosted the CS:GO Dreamhack Open 2015?","correct_answer":"Cluj-Napoca","incorrect_answers":["Cologne","Atlanta","London"]},{"category":"Entertainment: Video Games","type":"multiple","difficulty":"medium","question":"In &quot;Resident Evil 2&quot;, which virus was William Birkin mutated by?","correct_answer":"G-Virus","incorrect_answers":["T-Virus","C-Virus","E-Virus"]}]}