{"response_code":0,"results":[{"category":"Entertainment: Television","type":"boolean","difficulty":"medium","question":"AMC&#039;s &quot;The Walking Dead&quot;, Rick, Carl, Daryl, Morgan, Carol and Maggie were introduced to us in Season 1.","correct_answer":"False","incorrect_answers":["True"]},{"category":"History","type":"multiple","difficulty":"medium","question":"Which of these countries was sea charted in 1500 by the Portuguese maritime explorations?","correct_answer":"Brazil","incorrect_answers":["India","Mozambique","Madagascar"]},{"category":"History","type":"multiple","difficulty":"medium","question":"America&#039;s Strategic Defense System during the Cold War was nicknamed after this famous movie.","correct_answer":"Star Wars","incorrect_answers":["Jaws","Blade Runner","Alien"]},{"category":"Science & Nature","type":"multiple","difficulty":"easy","question":"What is the hottest planet in the Solar System?","correct_answer":"Venus","incorrect_answers":["Mars","Mercury","Jupiter"]},{"category":"History","type":"multiple","difficulty":"medium","question":"Who was the first explorer to sail to North America?","correct_answer":"Leif Erikson","incorrect_answers":["Christopher Columbus","Amerigo Vespucci","Ferdinand Magellan"]},{"category":"Entertainment: Film","type":"multiple","difficulty":"medium","question":"What is the name of James Dean&#039;s character in the 1955 movie &quot;Rebel Without a Cause&quot;?","correct_answer":"Jim Stark","incorrect_answers":["Ned Stark","Jim Kane","Frank Stark"]},{"category":"Geography","type":"multiple","difficulty":"easy","question":"How many federal states does Germany have?","correct_answer":"16","incorrect_answers":["13","32","25"]},{"category":"Geography","type":"multiple","difficulty":"easy","question":"What is the capital of Denmark?","correct_answer":"Copenhagen","incorrect_answers":["Aarhus","Odense","Aalborg"]},{"category":"Science: Gadgets","type":"multiple","difficulty":"medium","question":"What are the base station trackers used for the HTC Vive called?","correct_answer":"Lighthouse","incorrect_answers":["Motion","Constellation ","Trackers"]},{"category":"Science: Computers","type":"multiple","difficulty":"medium","question":"What did the name of the Tor Anonymity Network orignially stand for?","correct_answer":"The Onion Router","incorrect_answers":["The Only Router","The Orange Router","The Ominous Router"]},{"category":"Entertainment: Video Games","type":"multiple","difficulty":"easy","question":"Who was the voice actor for Snake in Metal Gear Solid V: The Phantom Pain?","correct_answer":"Kiefer Sutherland","incorrect_answers":["David Hayter","Norman Reedus","Hideo Kojima"]},{"category":"Entertainment: Video Games","type":"boolean","difficulty":"easy","question":"Pac-Man was invented by the designer Toru Iwatani while he was eating pizza.","correct_answer":"True","incorrect_answers":["False"]},{"category":"Entertainment: Video Games","type":"multiple","difficulty":"medium","question":"What was the first interactive movie video game?","correct_answer":"Astron Belt","incorrect_answers":["Dragon&#039;s Lair","Cube Quest","M.A.C.H. 3"]},{"category":"Entertainment: Japanese Anime & Manga","type":"multiple","difficulty":"easy","question":"In &quot;Fairy Tail&quot;, what is the nickname of Natsu Dragneel?","correct_answer":"The Salamander","incorrect_answers":["The Dragon Slayer","The Dragon","The Demon"]},{"category":"Animals","type":"multiple","difficulty":"hard","question":"What scientific family does the Aardwolf belong to?","correct_answer":"Hyaenidae","incorrect_answers":["Canidae","Felidae","Eupleridae"]},{"category":"General Knowledge","type":"multiple","difficulty":"medium","question":"What is the Italian word for &quot;tomato&quot;?","correct_answer":"Pomodoro","incorrect_answers":["Aglio","Cipolla","Peperoncino"]},{"category":"Entertainment: Comics","type":"boolean","difficulty":"easy","question":"Deadpool&#039;s identity is Slade Wilson.","correct_answer":"False","incorrect_answers":["True"]},{"category":"Animals","type":"boolean","difficulty":"easy","question":"In 2016, the IUCN reclassified the status of Giant Pandas from endangered to vulnerable.","correct_answer":"True","incorrect_answers":["False"]},{"category":"History","type":"multiple","difficulty":"hard","question":"What year was the United States Declaration of Independence signed?","correct_answer":"1776","incorrect_answers":["1775","1774","1777"]},{"category":"Entertainment: Video Games","type":"multiple","difficulty":"medium","question":"In which game does a character say, &quot;Sometimes, I dream about cheese&quot;?","correct_answer":"Half Life 2","incorrect_answers":["Team Fortress 2","Dark Souls","Serious Sam: The Second Encounter"]},{"category":"Entertainment: Music","type":"multiple","difficulty":"medium","question":"Who is the frontman of Muse?","correct_answer":"Matt Bellamy","incorrect_answers":["Dominic Howard","Thom Yorke","Jonny Greenwood"]},{"category":"Entertainment: Film","type":"boolean","difficulty":"easy","question":"In the original Star Wars trilogy, David Prowse was the actor who physically portrayed Darth Vader.","correct_answer":"True","incorrect_answers":["False"]},{"category":"Science & Nature","type":"multiple","difficulty":"easy","question":"What is the standard atomic weight of a Plutonium nucleus?","correct_answer":"244","incorrect_answers":["94","481","128"]},{"category":"Entertainment: Music","type":"multiple","difficulty":"medium","question":"&quot;Drink the Sea&quot; is an album by which electronic music artist?","correct_answer":"The Glitch Mob","incorrect_answers":["Avicii","XXYYXX","Flux Pavilion"]},{"category":"Entertainment: Japanese Anime & Manga","type":"multiple","difficulty":"easy","question":"On what medium was &quot;Clannad&quot; first created?","correct_answer":"Visual novel","incorrect_answers":["Anime","Manga","Light novel"]},{"category":"Geography","type":"multiple","difficulty":"hard","question":"What is the name of rocky region that spans most of eastern Canada?","correct_answer":"Canadian Shield","incorrect_answers":["Rocky Mountains","Appalachian Mountains","Himalayas"]},{"category":"General Knowledge","type":"multiple","difficulty":"easy","question":"What do the letters of the fast food chain KFC stand for?","correct_answer":"Kentucky Fried Chicken","incorrect_answers":["Kentucky Fresh Cheese","Kibbled Freaky Cow","Kiwi Food Cut"]},{"category":"Entertainment: Video Games","type":"boolean","difficulty":"easy","question":"In &quot;Undertale&quot;, the main character of the game is Sans.","correct_answer":"False","incorrect_answers":["True"]},{"category":"Entertainment: Video Games","type":"multiple","difficulty":"easy","question":"Which of the following names is the &quot;Mega Man&quot; Franchise known as in Japan?","correct_answer":"Rockman","incorrect_answers":["Paperman","Scissorsman","Mega Man"]},{"category":"Entertainment: Video Games","type":"multiple","difficulty":"hard","question":"Which game in the &quot;Monster Hunter&quot; series introduced the &quot;Insect Glaive&quot; weapon?","correct_answer":"Monster Hunter 4","incorrect_answers":["Monster Hunter Freedom","Monster Hunter Stories","Monster Hunter 2"]},{"category":"History","type":"multiple","difficulty":"hard","question":"What was the name of the German offensive operation in October 1941 to take Moscow before winter?","correct_answer":"Operation Typhoon","incorrect_answers":["Operation Sunflower","Operation Barbarossa","Case Blue"]},{"category":"Entertainment: Japanese Anime & Manga","type":"boolean","difficulty":"easy","question":"In the &quot;To Love-Ru&quot; series, Golden Darkness is sent to kill Lala Deviluke.","correct_answer":"False","incorrect_answers":["True"]},{"category":"Animals","type":"multiple","difficulty":"medium","question":"The dish Fugu, is made from what family of fish?","correct_answer":"Pufferfish","incorrect_answers":["Bass","Salmon","Mackerel"]},{"category":"Science: Computers","type":"multiple","difficulty":"hard","question":"What is the name given to layer 4 of the Open Systems Interconnection (ISO) model?","correct_answer":"Transport","incorrect_answers":["Session","Data link","Network"]},{"category":"General Knowledge","type":"multiple","difficulty":"medium","question":"Where did the pineapple plant originate?","correct_answer":"South America","incorrect_answers":["Hawaii","Europe","Asia"]},{"category":"Entertainment: Video Games","type":"multiple","difficulty":"hard","question":"In &quot;Need for Speed III: Hot Pursuit&quot;, what is the name of the fictional car?","correct_answer":"El Ni&ntilde;o","incorrect_answers":["R&aacute;pido","&Aacute;gil","La Ni&ntilde;a"]},{"category":"History","type":"boolean","difficulty":"medium","question":"The Korean War ended in 1953 without any ceasefire.","correct_answer":"False","incorrect_answers":["True"]},{"category":"Science & Nature","type":"boolean","difficulty":"easy","question":"A plant that has a life cycle for more than a year is known as an annual.","correct_answer":"False","incorrect_answers":["True"]},{"category":"General Knowledge","type":"boolean","difficulty":"medium","question":"Francis Bacon died from a fatal case of pneumonia while he was attempting to preserve meat by stuffing a chicken with snow.","correct_answer":"True","incorrect_answers":["False"]},{"category":"History","type":"boolean","difficulty":"hard","question":"The man that shot Alexander Hamilton was named Aaron Burr.","correct_answer":"True","incorrect_answers":["False"]},{"category":"Celebrities","type":"multiple","difficulty":"medium","question":"In 2014, this new top 100 rapper who featured in &quot;Computers&quot; and &quot;Body Dance&quot; was arrested in a NYPD sting for murder.","correct_answer":"Bobby Shmurda","incorrect_answers":["DJ Snake","Swae Lee","Young Thug"]},{"category":"Vehicles","type":"boolean","difficulty":"medium","question":"The snowmobile was invented by Canadian Joseph-Armand Bombardier in 1937.","correct_answer":"True","incorrect_answers":["False"]},{"category":"Entertainment: Musicals & Theatres","type":"multiple","difficulty":"hard","question":"Which of these plays was famously first performed posthumously after the playwright committed suicide?","correct_answer":"4.48 Psychosis","incorrect_answers":["Hamilton","Much Ado About Nothing","The Birthday Party"]},{"category":"Entertainment: Japanese Anime & Manga","type":"multiple","difficulty":"easy","question":"What name is the main character Chihiro given in the 2001 movie &quot;Spirited Away&quot;?","correct_answer":"Sen (Thousand)","incorrect_answers":["Hyaku (Hundred)","Ichiman (Ten thousand)","Juu (Ten)"]},{"category":"History","type":"multiple","difficulty":"hard","question":"Which of these theoretical phycisists first predicted the existence of antimatter?","correct_answer":"Paul Dirac","incorrect_answers":["Niels Bohr","Albert Einstein","Werner Heisenberg"]},{"category":"Celebrities","type":"multiple","difficulty":"medium","question":"Which of these celebrities was not a member of the Jackson 5?","correct_answer":"Bo Jackson","incorrect_answers":["Tito Jackson","Jermaine Jackson","Marlon Jackson"]},{"category":"Entertainment: Film","type":"multiple","difficulty":"hard","question":"In the 1974 Christmas flick &quot;The Year Without a Santa Claus,&quot; what are the names of the two elves who help Mrs. Claus save Christmas?","correct_answer":"Jingle &amp; Jangle","incorrect_answers":["Buddy &amp; Bobby","Holly &amp; Jolly","Snowflake &amp; Icicle"]},{"category":"Entertainment: Comics","type":"multiple","difficulty":"medium","question":"Found in the Marvel Comics fictional universe, what is the name of the nearly indestructible metal that coats Wolverine&#039;s bones and claws?","correct_answer":"Adamantium","incorrect_answers":["Titanium","Vibranium","Carbonadium"]},{"category":"Entertainment: Film","type":"multiple","difficulty":"hard","question":"What was the wifi password given to Stephen Strange in Doctor Strange?","correct_answer":"Shambala","incorrect_answers":["Peace","Ancient","Chakra"]},{"category":"Science: Mathematics","type":"multiple","difficulty":"medium","question":"In the complex plane, multiplying a given function by i rotates it anti-clockwise by how many degrees?","correct_answer":"90","incorrect_answers":["180","270","0"]}]}