{"response_code":0,"results":[{"category":"Entertainment: Comics","type":"multiple","difficulty":"easy","question":"Who is Batman?","correct_answer":"Bruce Wayne","incorrect_answers":["Clark Kent","Barry Allen","Tony Stark"]},{"category":"Entertainment: Film","type":"multiple","difficulty":"easy","question":"What name did Tom Hanks give to his volleyball companion in the film `Cast Away`?","correct_answer":"Wilson","incorrect_answers":["Friday","Jones","Billy"]},{"category":"General Knowledge","type":"multiple","difficulty":"medium","question":"What is the world&#039;s most expensive spice by weight?","correct_answer":"Saffron","incorrect_answers":["Cinnamon","Cardamom","Vanilla"]},{"category":"Entertainment: Video Games","type":"multiple","difficulty":"easy","question":"Which Greek letter represents the &quot;Half-Life&quot; logo?","correct_answer":"Lambda","incorrect_answers":["Omega","Alpha","Sigma"]},{"category":"Science: Mathematics","type":"multiple","difficulty":"hard","question":"What is the approximate value of mathematical constant e?","correct_answer":"2.72","incorrect_answers":["3.14","1.62","1.41"]},{"category":"Entertainment: Music","type":"multiple","difficulty":"medium","question":"What was the title of ABBA`s first UK hit single?","correct_answer":"Waterloo","incorrect_answers":["Mamma Mia","Fernando","Dancing Queen"]},{"category":"Art","type":"multiple","difficulty":"easy","question":"Who painted the Sistine Chapel?","correct_answer":"Michelangelo","incorrect_answers":["Leonardo da Vinci","Pablo Picasso","Raphael"]},{"category":"Entertainment: Television","type":"multiple","difficulty":"medium","question":"In the original Doctor Who series (1963), fourth doctor Tom Baker&#039;s scarf was how long?","correct_answer":"7 Meters","incorrect_answers":["10 Meters","2 Meters","5 Meters"]},{"category":"Geography","type":"multiple","difficulty":"medium","question":"What is the capital of Chile?","correct_answer":"Santiago","incorrect_answers":["Valpara&iacute;so","Copiap&oacute;","Antofagasta"]},{"category":"History","type":"multiple","difficulty":"medium","question":"The crown of the Empire State Building was originally built for what purpose?","correct_answer":"Airship Dock","incorrect_answers":["Lightning Rod","Antennae","Flag Pole"]},{"category":"Politics","type":"multiple","difficulty":"medium","question":"Before 2011, &quot;True Capitalist Radio&quot; was known by a different name. What was that name?","correct_answer":"True Conservative Radio","incorrect_answers":["True Republican Radio","Texan Capitalist Radio","United Capitalists"]},{"category":"Entertainment: Video Games","type":"multiple","difficulty":"medium","question":"Excluding their instructor, how many members of Class VII are there in the game &quot;Legend of Heroes: Trails of Cold Steel&quot;?","correct_answer":"9","incorrect_answers":["6","10","3"]},{"category":"Entertainment: Video Games","type":"multiple","difficulty":"medium","question":"Which of these weapons is NOT available to the Terrorist team in the game, &quot;Counter-Strike: Global Offensive&quot;?","correct_answer":"SCAR-20","incorrect_answers":["SG 550","CZ-75","XM1014"]},{"category":"Entertainment: Music","type":"multiple","difficulty":"easy","question":"What was the name of singer Frank Ocean&#039;s second studio album, which was released on August 20, 2016?","correct_answer":"Blonde","incorrect_answers":["Brunette","Black","Burgundy"]},{"category":"Entertainment: Japanese Anime & Manga","type":"multiple","difficulty":"easy","question":"In &quot;Inuyasha&quot;, what are the heros are looking to collect?","correct_answer":"Jewel Shards","incorrect_answers":["Dragon Balls","Rave Stones","Sacred Stones"]},{"category":"Entertainment: Video Games","type":"multiple","difficulty":"easy","question":"What does IWHBYD stand for on the skull in the Halo series?","correct_answer":"I Would Have Been Your Daddy","incorrect_answers":["I Wanna Have Babies You Down","I Would Hate Being Your Driver","I Would Have Bought Your Dog"]},{"category":"General Knowledge","type":"multiple","difficulty":"medium","question":"Which of the following buildings is example of a structure primarily built in the Art Deco architectural style?","correct_answer":"Niagara Mohawk Building","incorrect_answers":["Taipei 101","One Detroit Center","Westendstrasse 1"]},{"category":"Entertainment: Music","type":"multiple","difficulty":"medium","question":"What animal is featured on the cover of English electronic music group The Prodigy&#039;s album, &quot;The Fat of the Land&quot;?","correct_answer":"Crab","incorrect_answers":["Fox","Elephant","Tiger"]},{"category":"Entertainment: Video Games","type":"multiple","difficulty":"easy","question":"Who is the creator of the Super Smash Bros. Series?","correct_answer":"Masahiro Sakurai","incorrect_answers":["Reggie Fils-Aim&eacute;","Bill Trinen","Hideo Kojima"]},{"category":"Entertainment: Film","type":"multiple","difficulty":"medium","question":"Which one of these action movies are shot entirely in one take?","correct_answer":"Victoria","incorrect_answers":["Ip Man 2","The Bourne Legacy","L&eacute;on: The Professional"]},{"category":"History","type":"multiple","difficulty":"medium","question":"Adolf Hitler was born on which date?","correct_answer":"April 20, 1889","incorrect_answers":["June 12, 1889","February 6, 1889","April 16, 1889"]},{"category":"Entertainment: Video Games","type":"multiple","difficulty":"hard","question":"According to Toby Fox, what was the method to creating the initial tune for Megalovania?","correct_answer":"Singing into a Microphone","incorrect_answers":["Playing a Piano","Using a Composer Software","Listened to birds at the park"]},{"category":"Entertainment: Television","type":"multiple","difficulty":"easy","question":"In Game of Thrones, what is Littlefinger&#039;s real name?","correct_answer":"Petyr Baelish","incorrect_answers":["Podrick Payne","Lancel Lannister","Torrhen Karstark"]},{"category":"Entertainment: Music","type":"multiple","difficulty":"hard","question":"The key of sharps does the key of G# minor contain?","correct_answer":"5","incorrect_answers":["3","7","0"]},{"category":"Entertainment: Japanese Anime & Manga","type":"boolean","difficulty":"easy","question":"The name of the attack &quot;Kamehameha&quot; in Dragon Ball Z was named after a famous king of Hawaii.","correct_answer":"True","incorrect_answers":["False"]},{"category":"Geography","type":"multiple","difficulty":"hard","question":"What city is known as the Rose Capital of the World?","correct_answer":"Tyler, Texas","incorrect_answers":["San Diego, California","Miami, Florida","Anaheim, California"]},{"category":"Science & Nature","type":"boolean","difficulty":"medium","question":"In the periodic table, Potassium&#039;s symbol is the letter K.","correct_answer":"True","incorrect_answers":["False"]},{"category":"Entertainment: Books","type":"multiple","difficulty":"medium","question":"In Michael Crichton&#039;s novel &quot;Jurassic Park&quot;, John Hammond meets his demise at the claws of which dinosaur?","correct_answer":"Procompsognathus","incorrect_answers":["Dilophosaurus","Tyrannosaurus Rex","Velociraptor"]},{"category":"Entertainment: Video Games","type":"multiple","difficulty":"medium","question":"When was Club Penguin launched?","correct_answer":"October 24, 2005","incorrect_answers":["October 21, 2005","March 29, 2006","November 22, 2004"]},{"category":"Science: Computers","type":"multiple","difficulty":"easy","question":"How many values can a single byte represent?","correct_answer":"256","incorrect_answers":["8","1","1024"]},{"category":"Entertainment: Music","type":"multiple","difficulty":"hard","question":"Pete Townshend collaborated with which famous guitarist for an event at Brixton Academy in 1985?","correct_answer":"David Gilmour","incorrect_answers":["Jimmy Page","Mark Knopfler","Eric Clapton"]},{"category":"Entertainment: Video Games","type":"multiple","difficulty":"medium","question":"Who developed the 2016 farming RPG &quot;Stardew Valley&quot;?","correct_answer":"Eric Barone","incorrect_answers":["Daisuke Amaya","Jasper Byrne","Lucas Pope"]},{"category":"Entertainment: Video Games","type":"multiple","difficulty":"medium","question":"What was the original release date of Grand Theft Auto V?","correct_answer":"September 17, 2013","incorrect_answers":["August 17, 2013","April 14, 2015","November 18, 2014"]},{"category":"Science & Nature","type":"multiple","difficulty":"hard","question":"What is the scientific name for the extinct hominin known as &quot;Lucy&quot;?","correct_answer":"Australopithecus Afarensis","incorrect_answers":["Australopithecus Africanus","Australopithecus Architeuthis","Australopithecus Antaris"]},{"category":"General Knowledge","type":"multiple","difficulty":"hard","question":"Chartreuse is a color between yellow and what?","correct_answer":"Green","incorrect_answers":["Red","Black","Purple"]},{"category":"Entertainment: Film","type":"multiple","difficulty":"medium","question":"In the Friday The 13th series, what is Jason&#039;s mother&#039;s first name?","correct_answer":"Pamela","incorrect_answers":["Mary","Christine","Angeline"]},{"category":"History","type":"multiple","difficulty":"easy","question":"What is the historical name of Sri Lanka?","correct_answer":"Ceylon","incorrect_answers":["Myanmar","Colombo","Badulla"]},{"category":"Entertainment: Video Games","type":"multiple","difficulty":"hard","question":"What Pok&eacute;mon&#039;s Base Stat Total does not change when it evolves?","correct_answer":"Scyther","incorrect_answers":["Pikachu","Sneasel","Larvesta"]},{"category":"Science & Nature","type":"multiple","difficulty":"medium","question":"On the periodic table of elements, what is the symbol for Tin?","correct_answer":"Sn","incorrect_answers":["Ti","Ni","Na"]},{"category":"Entertainment: Film","type":"multiple","difficulty":"medium","question":"Which star actor was in &quot;Top Gun&quot;, &quot;Jerry Maguire&quot; and &quot;Born on the Fourth of July&quot;?","correct_answer":"Tom Cruise","incorrect_answers":["Kelly McGillis","John Travolta","George Clooney"]},{"category":"Entertainment: Video Games","type":"multiple","difficulty":"hard","question":"In the indie farming game &quot;Stardew Valley&quot;, which NPC hates the &quot;prismatic shard&quot; item when received as a gift?","correct_answer":"Haley","incorrect_answers":["Abigail ","Elliott","Lewis"]},{"category":"Entertainment: Music","type":"multiple","difficulty":"easy","question":"&quot;Hallelujah&quot; is a song written by which Canadian recording artist?","correct_answer":"Leonard Cohen","incorrect_answers":["Kory Lefkowits","Ryan Letourneau ","Justin Bieber "]},{"category":"Entertainment: Japanese Anime & Manga","type":"multiple","difficulty":"hard","question":"Who was the Author of the manga Monster Hunter Orage?","correct_answer":"Hiro Mashima","incorrect_answers":["Shin Yamamoto","Keiichi Hikami","Hirohiko Araki"]},{"category":"Entertainment: Musicals & Theatres","type":"multiple","difficulty":"medium","question":"Who played Marquis de Lafayette and Thomas Jefferson in the original Broadway run of Hamilton?","correct_answer":"Daveed Diggs","incorrect_answers":["Lin-Manuel Miranda","Javier Mu&ntilde;oz","Wayne Brady"]},{"category":"Entertainment: Musicals & Theatres","type":"multiple","difficulty":"medium","question":"The Andrew Lloyd Webber musical &quot;Cats&quot; is based off a book of poems written by which author?","correct_answer":"T.S. Elliot","incorrect_answers":["Andrew Lloyd Webber","Emily Dickenson","Robert Frost"]},{"category":"History","type":"boolean","difficulty":"medium","question":"Franz Joseph I was the last emperor of Austria.","correct_answer":"False","incorrect_answers":["True"]},{"category":"Celebrities","type":"multiple","difficulty":"medium","question":"What caused Jake Lloyd who played Anakin Skywalker in The Phantom Menace to quit acting?","correct_answer":"Bullying","incorrect_answers":["Criminal Record","Nomination for Worst Actor","Racism"]},{"category":"Entertainment: Video Games","type":"boolean","difficulty":"easy","question":"The game &quot;Jetpack Joyride&quot; was created by &quot;Redbrick Studios&quot;.","correct_answer":"False","incorrect_answers":["True"]},{"category":"Geography","type":"boolean","difficulty":"medium","question":"Is Tartu the capital of Estonia?","correct_answer":"False","incorrect_answers":["True"]},{"category":"Entertainment: Television","type":"multiple","difficulty":"medium","question":"In the show &quot;The Office&quot; who does Michael Scott eventually end up with?","correct_answer":"Holly Flax","incorrect_answers":["Angela Martin","Jan Levinson","Pam Beesly"]}]}