{"response_code":0,"results":[{"category":"Animals","type":"multiple","difficulty":"easy","question":"What is the fastest  land animal?","correct_answer":"Cheetah","incorrect_answers":["Lion","Thomson&rsquo;s Gazelle","Pronghorn Antelope"]},{"category":"Science & Nature","type":"multiple","difficulty":"easy","question":"This element, when overcome with extreme heat and pressure, creates diamonds.","correct_answer":"Carbon","incorrect_answers":["Nitrogen","Oxygen","Hydrogen"]},{"category":"Entertainment: Music","type":"multiple","difficulty":"easy","question":"Which singer was featured in Jack &Uuml; (Skrillex &amp; Diplo)&#039;s 2015 song &#039;Where Are &Uuml; Now&#039;?","correct_answer":"Justin Bieber","incorrect_answers":["Selena Gomez","Ellie Goulding","The Weeknd"]},{"category":"Celebrities","type":"multiple","difficulty":"easy","question":"Which actress married Michael Douglas in 2000?","correct_answer":"Catherine Zeta-Jones","incorrect_answers":["Ruth Jones","Pam Ferris","Sara Sugarman"]},{"category":"Entertainment: Film","type":"multiple","difficulty":"easy","question":"This movie contains the quote, &quot;Nobody puts Baby in a corner.&quot;","correct_answer":"Dirty Dancing","incorrect_answers":["Three Men and a Baby","Ferris Bueller&#039;s Day Off","Pretty in Pink"]},{"category":"History","type":"multiple","difficulty":"medium","question":"Which country had an &quot;Orange Revolution&quot; between 2004 and 2005?","correct_answer":"Ukraine","incorrect_answers":["Belarus","Latvia","Lithuania"]},{"category":"Entertainment: Music","type":"multiple","difficulty":"hard","question":"Which song in rapper Kanye West&#039;s album &quot;The Life of Pablo&quot; features Rihanna?","correct_answer":"Famous","incorrect_answers":["Wolves","Ultralight Beam","Highlights"]},{"category":"Geography","type":"multiple","difficulty":"medium","question":"Which of the following countries banned the use of personal genetic ancestry tests?","correct_answer":"Germany","incorrect_answers":["Austria","Canada","Sweden"]},{"category":"Entertainment: Video Games","type":"multiple","difficulty":"medium","question":"Who composed the soundtrack for the game VVVVVV?","correct_answer":"Magnus P&aring;lsson","incorrect_answers":["Terry Cavanagh","Danny Baranowsky","Joel Zimmerman"]},{"category":"Science & Nature","type":"multiple","difficulty":"hard","question":"If you planted the seeds of Quercus robur what would grow?","correct_answer":"Trees","incorrect_answers":["Flowers","Vegtables","Grains"]},{"category":"Entertainment: Video Games","type":"boolean","difficulty":"easy","question":"Luigi is taller than Mario?","correct_answer":"True","incorrect_answers":["False"]},{"category":"Geography","type":"multiple","difficulty":"easy","question":"What name was historically used for the Turkish city currently known as Istanbul?","correct_answer":"Constantinople","incorrect_answers":["H&uuml;davendigar","S&ouml;\u011f&uuml;t","Adrianople"]},{"category":"Entertainment: Video Games","type":"multiple","difficulty":"medium","question":"In the Kingdom Heart series who provides the english voice for Master Eraqus?","correct_answer":"Mark Hamill","incorrect_answers":["Jason Dohring","Jesse McCartney","Haley Joel Osment"]},{"category":"Entertainment: Music","type":"multiple","difficulty":"easy","question":"Which of these is NOT the name of an album released by English singer-songwriter Adele?","correct_answer":"12","incorrect_answers":["19","21","25"]},{"category":"Entertainment: Video Games","type":"multiple","difficulty":"medium","question":"In Terraria, which of the following items does the Martian Saucer mini-boss NOT drop?","correct_answer":"Drill Containment Unit","incorrect_answers":["Anti-Gravity Hook","Influx Waver","Cosmic Car Key"]},{"category":"Entertainment: Video Games","type":"multiple","difficulty":"easy","question":"What year was the game &quot;Overwatch&quot; revealed?","correct_answer":"2014","incorrect_answers":["2015","2011","2008"]},{"category":"Entertainment: Japanese Anime & Manga","type":"multiple","difficulty":"easy","question":"What was Ash Ketchum&#039;s second Pokemon?","correct_answer":"Caterpie","incorrect_answers":["Charmander","Pikachu","Pidgey"]},{"category":"History","type":"boolean","difficulty":"medium","question":"Theodore Roosevelt Jr. was the only General involved in the initial assault on D-Day.","correct_answer":"True","incorrect_answers":["False"]},{"category":"History","type":"boolean","difficulty":"medium","question":"In 1967, a magazine published a story about extracting hallucinogenic chemicals from bananas to raise moral questions about banning drugs.","correct_answer":"True","incorrect_answers":["False"]},{"category":"Entertainment: Musicals & Theatres","type":"multiple","difficulty":"hard","question":"In Les Mis&eacute;rables, who is Prison Code 24601?","correct_answer":"Jean Valjean","incorrect_answers":["Marius Pontmercy","Javert","Jean Claude Van Damme"]},{"category":"Entertainment: Japanese Anime & Manga","type":"boolean","difficulty":"easy","question":"In the &quot;Melancholy of Haruhi Suzumiya&quot; series, the narrator goes by the nickname Kyon.","correct_answer":"True","incorrect_answers":["False"]},{"category":"Science: Computers","type":"multiple","difficulty":"medium","question":"What is the name of the default theme that is installed with Windows XP?","correct_answer":"Luna","incorrect_answers":["Neptune","Whistler","Bliss"]},{"category":"History","type":"multiple","difficulty":"medium","question":"What year did the Boxing Day earthquake &amp; tsunami occur in the Indian Ocean?","correct_answer":"2004","incorrect_answers":["2006","2008","2002"]},{"category":"Entertainment: Video Games","type":"multiple","difficulty":"medium","question":"Which of these songs does NOT play during the Ruins segments of the 2015 game &quot;Undertale&quot;?","correct_answer":"Another Medium","incorrect_answers":["Anticipation","Unnecessary Tension","Ruins"]},{"category":"Entertainment: Television","type":"multiple","difficulty":"hard","question":"Who played the sun baby in the original run of Teletubbies?","correct_answer":"Jessica Smith","incorrect_answers":["Pui Fan Lee","Sue Monroe","Lisa Brockwell"]},{"category":"Entertainment: Video Games","type":"multiple","difficulty":"easy","question":"In what year was the first &quot;Mass Effect&quot; game released?","correct_answer":"2007","incorrect_answers":["2008","2009","2010"]},{"category":"History","type":"multiple","difficulty":"hard","question":"The Battle of Hastings was fought in which year?","correct_answer":"1066","incorrect_answers":["911","1204","1420"]},{"category":"Entertainment: Books","type":"multiple","difficulty":"medium","question":"The book &quot;The Little Prince&quot; was written by...","correct_answer":"Antoine de Saint-Exup&eacute;ry","incorrect_answers":["Miguel de Cervantes Saavedra","Jane Austen","F. Scott Fitzgerald"]},{"category":"Entertainment: Japanese Anime & Manga","type":"multiple","difficulty":"easy","question":"Who is the author of the manga series &quot;Astro Boy&quot;?","correct_answer":"Osamu Tezuka","incorrect_answers":["Mitsuteri Yokoyama","Takao Saito","Yoshihiro Tatsumi"]},{"category":"Sports","type":"multiple","difficulty":"easy","question":"Who won the 2016 Formula 1 World Driver&#039;s Championship?","correct_answer":"Nico Rosberg","incorrect_answers":["Lewis Hamilton","Max Verstappen","Kimi Raikkonen"]},{"category":"Entertainment: Television","type":"boolean","difficulty":"easy","question":"Klingons express emotion in art through opera and poetry.","correct_answer":"True","incorrect_answers":["False"]},{"category":"Entertainment: Video Games","type":"multiple","difficulty":"medium","question":"In &quot;Overwatch&quot;, how much health does Roadhog&#039;s &quot;Take a Breather&quot; ability recover?","correct_answer":"300","incorrect_answers":["100","200","400"]},{"category":"Entertainment: Video Games","type":"boolean","difficulty":"medium","question":"In &quot;Starbound&quot;, the track played by the Decorated Music Box is named &quot;Atlas&quot;.","correct_answer":"True","incorrect_answers":["False"]},{"category":"Entertainment: Video Games","type":"multiple","difficulty":"easy","question":"What is the boss round featured in the &quot;Call Of Duty: Zombies&quot; map &quot;Five&quot;?","correct_answer":"The Pentagon Thief","incorrect_answers":["Hellhounds","Jumping Jacks","Napalm Zombie"]},{"category":"Entertainment: Japanese Anime & Manga","type":"multiple","difficulty":"medium","question":"In &quot;Highschool DxD&quot;, what is the name of the item some humans are born with?","correct_answer":"Sacred Gear","incorrect_answers":["Imperial Arm","Hallowed Relic","Blessed Artifact"]},{"category":"Entertainment: Video Games","type":"multiple","difficulty":"hard","question":"Which of these characters wasn&#039;t a villian in Club Penguin?","correct_answer":"The Director","incorrect_answers":["Herbert P. Bear","Tusk","Ultimate Proto-Bot 10000"]},{"category":"Entertainment: Video Games","type":"boolean","difficulty":"easy","question":"Several characters in &quot;Super Mario 64&quot; blink their eyes, including Mario himself.","correct_answer":"True","incorrect_answers":["False"]},{"category":"Entertainment: Cartoon & Animations","type":"multiple","difficulty":"medium","question":"What was the number on Gerald&#039;s shirt in &quot;Hey Arnold!&quot;?","correct_answer":"33","incorrect_answers":["88","38","83"]},{"category":"Entertainment: Television","type":"multiple","difficulty":"easy","question":"In AMC&#039;s TV Series &quot;The Walking Dead&quot; what are &quot;Zombies&quot; referred to as?","correct_answer":"Walkers","incorrect_answers":["Creepers","Maggots","Hell Pigs"]},{"category":"Science: Mathematics","type":"boolean","difficulty":"easy","question":"An equilateral triangle always has every angle measuring 60&deg;.","correct_answer":"True","incorrect_answers":["False"]},{"category":"Entertainment: Music","type":"multiple","difficulty":"medium","question":"&#039;74&ndash;&#039;75 is a 1993 single from the album Ring by what American band?","correct_answer":"The Connells","incorrect_answers":["R.E.M.","The Ocean Blue","The Bangles"]},{"category":"Animals","type":"multiple","difficulty":"medium","question":"What is the common term for bovine spongiform encephalopathy (BSE)?","correct_answer":"Mad Cow disease","incorrect_answers":["Weil&#039;s disease","Milk fever","Foot-and-mouth disease"]},{"category":"Entertainment: Music","type":"multiple","difficulty":"hard","question":"A Caixa Malacacheta is what kind of musical instrument which is commonly used in Latin American music?","correct_answer":"Snare Drum","incorrect_answers":["Cow Bell","Bass Drum","Maraca"]},{"category":"General Knowledge","type":"multiple","difficulty":"easy","question":"Earth is located in which galaxy?","correct_answer":"The Milky Way Galaxy","incorrect_answers":["The Mars Galaxy","The Galaxy Note","The Black Hole"]},{"category":"Entertainment: Television","type":"multiple","difficulty":"medium","question":"What does Bart sell his soul for in The Simpsons episode &#039;Bart Sells His Soul&#039;?","correct_answer":"$5","incorrect_answers":["A Copy of Bonestorm 2","$100","A Giant Gobstopper"]},{"category":"General Knowledge","type":"multiple","difficulty":"medium","question":"The Fields Medal, one of the most sought after awards in mathematics, is awarded every how many years?","correct_answer":"4","incorrect_answers":["3","5","6"]},{"category":"Celebrities","type":"multiple","difficulty":"medium","question":"How old was Muhammad Ali when he died?","correct_answer":"74","incorrect_answers":["61","He&#039;s still alive","56"]},{"category":"Entertainment: Music","type":"multiple","difficulty":"medium","question":"Which one of these people has been in the band &#039;&#039;Metallica&#039;&#039; in the past?","correct_answer":"Dave Mustaine","incorrect_answers":["Kurt Cobain","Joey Belladonna","Dave Lombardo"]},{"category":"Celebrities","type":"multiple","difficulty":"medium","question":"Which television show has Dan Gheesling been on?","correct_answer":"Big Brother","incorrect_answers":["Jeopardy","Survivor","The Bachelor"]},{"category":"Entertainment: Video Games","type":"multiple","difficulty":"easy","question":"Which character was introduced to the Super Smash Bros franchise in Super Smash Bros Melee?","correct_answer":"Sheik","incorrect_answers":["Samus","Lucas","Mega Man"]}]}