{"response_code":0,"results":[{"category":"Entertainment: Cartoon & Animations","type":"multiple","difficulty":"easy","question":"Which of the following did not feature in the cartoon &#039;Wacky Races&#039;?","correct_answer":"The Dragon Wagon","incorrect_answers":["The Bouldermobile","The Crimson Haybailer","The Compact Pussycat"]},{"category":"Entertainment: Board Games","type":"boolean","difficulty":"easy","question":"Snakes and Ladders was originally created in India?","correct_answer":"True","incorrect_answers":["False"]},{"category":"Animals","type":"boolean","difficulty":"medium","question":"An octopus can fit through any hole larger than its beak.","correct_answer":"True","incorrect_answers":["False"]},{"category":"Entertainment: Music","type":"multiple","difficulty":"easy","question":"Who is the lead singer of Pearl Jam?","correct_answer":"Eddie Vedder","incorrect_answers":["Ozzy Osbourne","Stone Gossard","Kurt Cobain"]},{"category":"Science & Nature","type":"multiple","difficulty":"medium","question":"What was the first living creature in space?","correct_answer":"Fruit Flies ","incorrect_answers":["Monkey","Dog","Mouse"]},{"category":"Geography","type":"multiple","difficulty":"medium","question":"The following Spanish provinces are located in the northern area of Spain except:","correct_answer":"Murcia","incorrect_answers":["Asturias","Navarre","Le&oacute;n"]},{"category":"Science: Mathematics","type":"boolean","difficulty":"easy","question":"A universal set, or a set that contains all sets, exists.","correct_answer":"False","incorrect_answers":["True"]},{"category":"Entertainment: Music","type":"multiple","difficulty":"medium","question":"EDM producer Marshmello performs live wearing clothes and a marshmallow mask of what colour?","correct_answer":"White","incorrect_answers":["Black","Blue","Yellow"]},{"category":"History","type":"multiple","difficulty":"medium","question":"On which day did construction start on &quot;The Pentagon&quot;, the headquarters for the United States Department of Defense?","correct_answer":"September 11, 1941","incorrect_answers":["June 15, 1947","January 15, 1943","September 2, 1962"]},{"category":"Entertainment: Music","type":"multiple","difficulty":"hard","question":"Which of these artists did NOT remix the song &quot;Faded&quot; by Alan Walker?","correct_answer":"Skrillex","incorrect_answers":["Ti&euml;sto","Slushii","Dash Berlin"]},{"category":"Animals","type":"boolean","difficulty":"easy","question":"A bear does NOT defecate during hibernation. ","correct_answer":"True","incorrect_answers":["False"]},{"category":"Entertainment: Video Games","type":"multiple","difficulty":"medium","question":"Which puzzle game was designed by a Russian programmer, featuring Russian buildings and music?","correct_answer":"Tetris","incorrect_answers":["Jenga","Boulder Dash","Puzzled"]},{"category":"Entertainment: Japanese Anime & Manga","type":"multiple","difficulty":"easy","question":"Who is the true moon princess in Sailor Moon?","correct_answer":"Sailor Moon","incorrect_answers":["Sailor Venus","Sailor Mars","Sailor Jupiter"]},{"category":"Entertainment: Video Games","type":"multiple","difficulty":"medium","question":"Which CS:GO eSports team won the major event ESL One Cologne 2016?","correct_answer":"SK Gaming","incorrect_answers":["Team Liquid","Fnatic","Virtus.pro"]},{"category":"Geography","type":"boolean","difficulty":"medium","question":"Gothenburg is the capital of Sweden.","correct_answer":"False","incorrect_answers":["True"]},{"category":"Science & Nature","type":"multiple","difficulty":"hard","question":"Which one of these is scientific term for &quot;Brain Freeze&quot;?","correct_answer":"Sphenopalatine Ganglioneuralgia","incorrect_answers":["Hyacinthoides Italica","Amaranthus Retroflexus","Amblyomma Americanum"]},{"category":"General Knowledge","type":"boolean","difficulty":"medium","question":"The term &quot;Spam&quot; came before the food product &quot;Spam&quot;.","correct_answer":"False","incorrect_answers":["True"]},{"category":"Entertainment: Cartoon & Animations","type":"multiple","difficulty":"easy","question":"Who created the Cartoon Network series &quot;Adventure Time&quot;?","correct_answer":"Pendleton Ward","incorrect_answers":["J. G. Quintel","Ben Bocquelet","Rebecca Sugar"]},{"category":"General Knowledge","type":"multiple","difficulty":"hard","question":"How long did it take the motorized window washers of the original World Trade Center to clean the entire exterior of the building?","correct_answer":"1 Month","incorrect_answers":["3 Weeks","1 Week","2 Months"]},{"category":"Science: Computers","type":"multiple","difficulty":"medium","question":"What is the correct term for the metal object in between the CPU and the CPU fan within a computer system?","correct_answer":"Heat Sink","incorrect_answers":["CPU Vent","Temperature Decipator","Heat Vent"]},{"category":"Entertainment: Video Games","type":"multiple","difficulty":"easy","question":"Which Sonic the Hedgehog game was originally supposed to be packaged with Sonic 3, but was cut in half due to time constraints?","correct_answer":"Sonic &amp; Knuckles","incorrect_answers":["Sonic 2","Sonic CD","Sonic 3D Blast"]},{"category":"Entertainment: Music","type":"multiple","difficulty":"hard","question":"In Kendrick Lamar&#039;s 2012 album, &quot;Good Kid, M.A.A.D City&quot;, the album&#039;s story takes place in which city?","correct_answer":"Compton","incorrect_answers":["Detroit","New York","Baltimore"]},{"category":"Entertainment: Comics","type":"multiple","difficulty":"medium","question":"Which issue of the &quot;Sonic the Hedgehog&quot; comic did Scourge the Hedgehog make his first appearance?","correct_answer":"Sonic the Hedgehog #11","incorrect_answers":["Sonic Universe #32","Sonic the Hedgehog #161","Sonic the Hedgehog #47"]},{"category":"Entertainment: Film","type":"multiple","difficulty":"easy","question":"Which actor plays Obi-Wan Kenobi in Star Wars Episodes I-lll?","correct_answer":"Ewan McGregor","incorrect_answers":["Alec Guinness","Hayden Christensen","Liam Neeson"]},{"category":"Entertainment: Japanese Anime & Manga","type":"multiple","difficulty":"easy","question":"In &quot;A Certain Scientific Railgun&quot;, how many &quot;sisters&quot; did Accelerator have to kill to achieve the rumored level 6?","correct_answer":"20,000","incorrect_answers":["128","10,000","5,000"]},{"category":"Science & Nature","type":"multiple","difficulty":"medium","question":"A positron is an antiparticle of a what?","correct_answer":"Electron","incorrect_answers":["Neutron","Proton","Photon"]},{"category":"Science: Computers","type":"boolean","difficulty":"easy","question":"The Windows 7 operating system has six main editions.","correct_answer":"True","incorrect_answers":["False"]},{"category":"Science: Computers","type":"multiple","difficulty":"medium","question":"How fast is USB 3.1 Gen 2 theoretically?","correct_answer":"10 Gb\/s","incorrect_answers":["5 Gb\/s","8 Gb\/s","1 Gb\/s"]},{"category":"Entertainment: Video Games","type":"multiple","difficulty":"medium","question":"Which one of these games wasn&#039;t released in 2016?","correct_answer":"Metal Gear Solid V","incorrect_answers":["Tom Clancy&#039;s The Division","Killing Floor 2","Hitman"]},{"category":"Entertainment: Video Games","type":"boolean","difficulty":"medium","question":"In Rocket League, you can play Basketball.","correct_answer":"True","incorrect_answers":["False"]},{"category":"Entertainment: Video Games","type":"multiple","difficulty":"easy","question":"In &quot;Mario &amp; Sonic at the Olympic Games&quot;, characters are split into how many types?","correct_answer":"4","incorrect_answers":["6","5","3"]},{"category":"Entertainment: Cartoon & Animations","type":"multiple","difficulty":"easy","question":"Which Teenage Mutant Ninja Turtle traditionally wears an orange bandana?","correct_answer":"Michelangelo","incorrect_answers":["Leonardo","Donatello","Raphael"]},{"category":"Entertainment: Video Games","type":"multiple","difficulty":"medium","question":"Which operation in &quot;Tom Clancy&#039;s Rainbow Six Siege&quot; introduced the &quot;Skyscraper&quot; map?","correct_answer":"Red Crow","incorrect_answers":["Velvet Shell","Skull Rain","Dust Line"]},{"category":"History","type":"multiple","difficulty":"medium","question":"The United States Army Air Corps became the United States Air Force on what date?","correct_answer":"September 18, 1947","incorrect_answers":["December 14, 1946","October 27, 1945","November 08, 1944"]},{"category":"Entertainment: Musicals & Theatres","type":"multiple","difficulty":"hard","question":"After England, more Shakespeare plays are set in this present day country than in any other.","correct_answer":"Italy","incorrect_answers":["United States","Greece","France"]},{"category":"Entertainment: Video Games","type":"multiple","difficulty":"medium","question":"In the &quot;Call Of Duty: Zombies&quot; map &quot;Origins&quot;, how many steps are there to upgrade a Staff?","correct_answer":"4","incorrect_answers":["7","5","3"]},{"category":"Entertainment: Video Games","type":"multiple","difficulty":"easy","question":"In which year was League of Legends released?","correct_answer":"2009","incorrect_answers":["2010","2003","2001"]},{"category":"Science & Nature","type":"multiple","difficulty":"medium","question":"What do you study if you are studying entomology?","correct_answer":"Insects","incorrect_answers":["Humans","the Brain","Fish"]},{"category":"Entertainment: Film","type":"multiple","difficulty":"medium","question":"What is the name of the queen&#039;s pet in A Bug&#039;s Life?","correct_answer":"Aphie","incorrect_answers":["Flik","Hopper","Dot"]},{"category":"Entertainment: Video Games","type":"multiple","difficulty":"hard","question":"What vault in the video game &quot;Fallout 3&quot; is the home of multiple clones named Gary?","correct_answer":"Vault 108","incorrect_answers":["Vault 101","Vault 87","Vault 21"]},{"category":"Entertainment: Film","type":"multiple","difficulty":"medium","question":"Which of these Disney classics was released in 1970?","correct_answer":"The Aristocats","incorrect_answers":["One Hundred and One Dalmatians","The Fox and the Hound","The Little Mermaid"]},{"category":"Entertainment: Music","type":"multiple","difficulty":"easy","question":"What 1970&#039;s American ballad referred to the 1959 plane crash as the &quot;the day the music died&quot;?","correct_answer":"American Pie","incorrect_answers":["Kentucky Rain","I Will Always Love You","Rock &#039;n&#039; Roll Suicide"]},{"category":"Entertainment: Video Games","type":"multiple","difficulty":"medium","question":"Which of the following Mario Kart 8 Deluxe items will NOT make you invincible?","correct_answer":"Golden Mushroom","incorrect_answers":["Star","Bullet Bill","Boo"]},{"category":"General Knowledge","type":"boolean","difficulty":"medium","question":"The commercial UK channel ITV stands for &quot;International Television&quot;.","correct_answer":"False","incorrect_answers":["True"]},{"category":"Entertainment: Film","type":"multiple","difficulty":"hard","question":"In the film &quot;Harry Potter and the Order of The Phoenix&quot;, why was Harry Potter&#039;s scream, after Sirius Black died, muted?","correct_answer":"Too Agonizing","incorrect_answers":["Too Loud","Too Harsh","Too Violent"]},{"category":"Entertainment: Japanese Anime & Manga","type":"multiple","difficulty":"hard","question":"Who was the Author of the manga Uzumaki?","correct_answer":"Junji Ito","incorrect_answers":["\tNoboru Takahashi","Akira Toriyama","Masashi Kishimoto"]},{"category":"Science & Nature","type":"multiple","difficulty":"hard","question":"How many types of quarks are there in the standard model of physics?","correct_answer":"6","incorrect_answers":["2","3","4"]},{"category":"Entertainment: Video Games","type":"multiple","difficulty":"medium","question":"Which country is featured in Ace Combat 5: The Unsung War?","correct_answer":"Osea","incorrect_answers":["Aurelia","Australia","Japan"]},{"category":"Entertainment: Music","type":"multiple","difficulty":"medium","question":"Which European capital city gives its name to a 1981 song by Ultravox?","correct_answer":"Vienna","incorrect_answers":["Berlin","Paris","Brussels"]},{"category":"Entertainment: Comics","type":"multiple","difficulty":"hard","question":"Which pulp hero made appearances in Hellboy and BPRD comics before getting his own spin-off?","correct_answer":"Lobster Johnson","incorrect_answers":["Roger the Homunculus","The Spider","The Wendigo"]}]}