{"response_code":0,"results":[{"category":"Entertainment: Film","type":"multiple","difficulty":"easy","question":"Which animated movie was first to feature a celebrity as a voice actor?","correct_answer":"Aladdin","incorrect_answers":["Toy Story","James and the Giant Peach","The Hunchback of Notre Dame"]},{"category":"Entertainment: Video Games","type":"multiple","difficulty":"hard","question":"How many people can you recruit in the game Suikoden in a single playthrough?","correct_answer":"107","incorrect_answers":["108","93","96"]},{"category":"Entertainment: Video Games","type":"multiple","difficulty":"medium","question":"Just Cause 2 was mainly set in what fictional Southeast Asian island country?","correct_answer":"Panau","incorrect_answers":["Davao","Macau","Palau"]},{"category":"Science & Nature","type":"multiple","difficulty":"easy","question":"What is the first element on the periodic table?","correct_answer":"Hydrogen","incorrect_answers":["Helium","Oxygen","Lithium"]},{"category":"Entertainment: Music","type":"multiple","difficulty":"hard","question":"Which of these songs was released in 1996?","correct_answer":"The Smashing Pumpkins - &quot;1979&quot;","incorrect_answers":["Prince - &quot;1999&quot;","James Blunt - &quot;1973&quot;","David Bowie - &quot;1984&quot;"]},{"category":"Science: Computers","type":"boolean","difficulty":"medium","question":"All program codes have to be compiled into an executable file in order to be run. This file can then be executed on any machine.","correct_answer":"False","incorrect_answers":["True"]},{"category":"Entertainment: Music","type":"multiple","difficulty":"medium","question":"Which singer was featured in Swedish producer Avicii&#039;s song &quot;Wake Me Up&quot;?","correct_answer":"Aloe Blacc","incorrect_answers":["John Legend","CeeLo Green","Pharrell Williams"]},{"category":"Entertainment: Music","type":"multiple","difficulty":"easy","question":"What is the name of the album released in 2014 by American band Maroon 5?","correct_answer":"V","incorrect_answers":["X","III","IV"]},{"category":"Entertainment: Books","type":"multiple","difficulty":"medium","question":"In the &quot;The Hobbit&quot;, who kills Smaug?","correct_answer":"Bard","incorrect_answers":["Bilbo Baggins","Gandalf the Grey","Frodo"]},{"category":"Vehicles","type":"multiple","difficulty":"medium","question":"Which of the following is NOT a Russian car manufacturer?","correct_answer":"BYD","incorrect_answers":["Silant","Dragon","GAZ"]},{"category":"Science: Computers","type":"boolean","difficulty":"medium","question":"To bypass US Munitions Export Laws, the creator of the PGP published all the source code in book form. ","correct_answer":"True","incorrect_answers":["False"]},{"category":"Science: Computers","type":"multiple","difficulty":"easy","question":"What is the domain name for the country Tuvalu?","correct_answer":".tv","incorrect_answers":[".tu",".tt",".tl"]},{"category":"Mythology","type":"multiple","difficulty":"hard","question":"In Greek Mythology, who was the daughter of King Minos?","correct_answer":"Ariadne","incorrect_answers":["Athena","Ariel","Alana"]},{"category":"Geography","type":"multiple","difficulty":"easy","question":"Which UK country features a dragon on their flag?","correct_answer":"Wales","incorrect_answers":["England","North Ireland","Scotland"]},{"category":"Entertainment: Video Games","type":"multiple","difficulty":"medium","question":"In which Mario game did the Mega Mushroom make its debut?","correct_answer":"Mario Party 4","incorrect_answers":["New Super Mario Bros.","Mario Kart Wii","Super Mario 3D World"]},{"category":"General Knowledge","type":"boolean","difficulty":"easy","question":"The color orange is named after the fruit.","correct_answer":"True","incorrect_answers":["False"]},{"category":"History","type":"boolean","difficulty":"hard","question":"The fourth funnel of the RMS Titanic was fake designed to make the ship look more powerful and symmetrical.","correct_answer":"True","incorrect_answers":["False"]},{"category":"Sports","type":"multiple","difficulty":"medium","question":"Which car manufacturer won the 2016 24 Hours of Le Mans?","correct_answer":"Porsche","incorrect_answers":["Toyota","Audi","Ferrari"]},{"category":"Entertainment: Video Games","type":"multiple","difficulty":"easy","question":"Who is the leader of Team Valor in Pok&eacute;mon Go?","correct_answer":"Candela","incorrect_answers":["Willow","Blanche","Spark"]},{"category":"Entertainment: Video Games","type":"multiple","difficulty":"easy","question":"In PROTOTYPE 2. who is referred to as &quot;Tango Primary&quot;?","correct_answer":"James Heller","incorrect_answers":["Alex Mercer","Dana Mercer","Any Goliaths roaming around"]},{"category":"Art","type":"multiple","difficulty":"medium","question":"Which of these are the name of a famous marker brand?","correct_answer":"Copic","incorrect_answers":["Dopix","Cofix","Marx"]},{"category":"Animals","type":"multiple","difficulty":"hard","question":"What type of creature is a Bonobo?","correct_answer":"Ape","incorrect_answers":["Lion","Parrot","Wildcat"]},{"category":"Entertainment: Video Games","type":"multiple","difficulty":"medium","question":"When was Nintendo&#039;s Virtual Boy released?","correct_answer":"1995","incorrect_answers":["1989","1997","1992"]},{"category":"Entertainment: Video Games","type":"multiple","difficulty":"medium","question":"What block in Minecraft has the highest blast resistance?","correct_answer":"Barrier","incorrect_answers":["Obsidian","Bedrock","Block of Diamond"]},{"category":"Animals","type":"boolean","difficulty":"easy","question":"A caterpillar has more muscles than humans do.","correct_answer":"True","incorrect_answers":["False"]},{"category":"Entertainment: Video Games","type":"multiple","difficulty":"medium","question":"According to Overwatch&#039;s lore, who was once a member of the Deadlock Gang?","correct_answer":"McCree","incorrect_answers":["Roadhog","Soldier 76","Junkrat"]},{"category":"General Knowledge","type":"multiple","difficulty":"medium","question":"When was Hubba Bubba first introduced?","correct_answer":"1979","incorrect_answers":["1984","1972","1980"]},{"category":"Entertainment: Video Games","type":"multiple","difficulty":"hard","question":"&quot;Gimmick!&quot; is a Japanese Famicom game that uses a sound chip expansion in the cartridge. What is it called?","correct_answer":"FME-7","incorrect_answers":["VRC7","VRC6","MMC5"]},{"category":"Celebrities","type":"multiple","difficulty":"medium","question":"Nikki Diamond portrayed which Gladiator in the 1992 TV show &quot;Gladiators&quot;?","correct_answer":"Scorpio","incorrect_answers":["Jet","Nightshade","Falcon"]},{"category":"Entertainment: Comics","type":"multiple","difficulty":"hard","question":"In the webcomic &quot;Ava&#039;s Demon&quot;, what sin is &quot;Nevy Nervine&quot; based off of? ","correct_answer":"Envy ","incorrect_answers":["Sloth","Wrath ","Lust"]},{"category":"Entertainment: Music","type":"multiple","difficulty":"medium","question":"What was David Bowie&#039;s real surname?","correct_answer":"Jones","incorrect_answers":["Johnson","Edwards","Carter"]},{"category":"Entertainment: Television","type":"multiple","difficulty":"hard","question":"What was the callsign of Commander William Adama in Battlestar Galactica (2004)?","correct_answer":"Husker","incorrect_answers":["Starbuck","Apollo","Crashdown"]},{"category":"Entertainment: Video Games","type":"multiple","difficulty":"hard","question":"When was the Valve Corporation founded?","correct_answer":"August 24, 1996","incorrect_answers":["December 26, 1994","March 22, 1997","March 13, 1997"]},{"category":"Entertainment: Music","type":"multiple","difficulty":"hard","question":"Bj&ouml;rk&#039;s &quot;Unison&quot; contains a sample of which Oval song?","correct_answer":"Aero Deck","incorrect_answers":["Textuell","Panorama","Do While"]},{"category":"Entertainment: Board Games","type":"multiple","difficulty":"hard","question":"Which of these cards from &quot;Magic: The Gathering&quot; has a flavor text that begins with &quot;Oi oi oi&quot;?","correct_answer":"Uthden Troll","incorrect_answers":["Lotleth Troll","Albino Troll","Harvester Troll"]},{"category":"Entertainment: Video Games","type":"multiple","difficulty":"easy","question":"The Khajiit are a race of cat-like creatures from which epic series of role-playing games, set across the land of Tamriel?","correct_answer":"The Elder Scrolls","incorrect_answers":["Lord of the Rings","The Witcher","Neverwinter Nights"]},{"category":"History","type":"boolean","difficulty":"easy","question":"Thomas Crapper was a plumber who invented the flushing toilet.","correct_answer":"False","incorrect_answers":["True"]},{"category":"Entertainment: Cartoon & Animations","type":"multiple","difficulty":"medium","question":"Nickelodeon is owned by what parent company?","correct_answer":"Viacom","incorrect_answers":["CBS","FOX","ABC"]},{"category":"Entertainment: Japanese Anime & Manga","type":"multiple","difficulty":"easy","question":"Which Pok&eacute;mon and it&#039;s evolutions were banned from appearing in a main role after the Episode 38 Incident?","correct_answer":"The Porygon Line","incorrect_answers":["The Pikachu Line","The Elekid Line","The Magby Line"]},{"category":"Entertainment: Music","type":"multiple","difficulty":"easy","question":"What Led Zeppelin album contains &quot;Stairway to Heaven&quot;?","correct_answer":"Led Zeppelin IV","incorrect_answers":["Houses of the Holy","Physical Graffiti","Led Zeppelin III"]},{"category":"History","type":"multiple","difficulty":"hard","question":"The son of which pope supposedly held a lecherous f&ecirc;te involving 50 courtesans in the papal palace?","correct_answer":"Alexander VI","incorrect_answers":["Innocent V","Urban II","Pius III"]},{"category":"Science: Computers","type":"multiple","difficulty":"medium","question":"Unix Time is defined as the number of seconds that have elapsed since when?","correct_answer":"Midnight, January 1, 1970","incorrect_answers":["Midnight, July 4, 1976","Midnight on the creator of Unix&#039;s birthday","Midnight, July 4, 1980"]},{"category":"Entertainment: Film","type":"multiple","difficulty":"easy","question":"What historical time period was the center of the Assassin&rsquo;s Creed movie (2016)?","correct_answer":"Spanish Inquisition","incorrect_answers":["Victorian England","French Revolution","Colonial America"]},{"category":"Mythology","type":"multiple","difficulty":"medium","question":"Hel was the daughter of which Norse Mythological figure?","correct_answer":"Loki","incorrect_answers":["Thor","Odin","Balder"]},{"category":"Geography","type":"multiple","difficulty":"medium","question":"What was the African nation of Zimbabwe formerly known as?","correct_answer":"Rhodesia","incorrect_answers":["Zambia","Mozambique"," Bulawayo"]},{"category":"General Knowledge","type":"multiple","difficulty":"medium","question":"What fast food chain has the most locations globally? ","correct_answer":"Subway","incorrect_answers":["Starbucks","McDonalds","KFC"]},{"category":"Entertainment: Comics","type":"multiple","difficulty":"hard","question":"Better known by his nickname Logan, what is Wolverine&#039;s birth name?","correct_answer":"James Howlett","incorrect_answers":["Logan Wolf","Thomas Wilde","John Savage"]},{"category":"Entertainment: Video Games","type":"multiple","difficulty":"easy","question":"In &quot;Xenoblade Chronicles 2&quot;, Which party member cannot use normal blades?","correct_answer":"Tora","incorrect_answers":["Rex","Zeke","Nia"]},{"category":"Entertainment: Video Games","type":"multiple","difficulty":"hard","question":"In the SHMUP series, &quot;Gradius&quot;, what is the name of the antagonist faction you fight against?","correct_answer":"Bacterion","incorrect_answers":["Bydo","Belsar","ORN Empire"]},{"category":"Entertainment: Video Games","type":"boolean","difficulty":"medium","question":"In the Resident Evil series, Leon S. Kennedy is a member of STARS.","correct_answer":"False","incorrect_answers":["True"]}]}