{"response_code":0,"results":[{"category":"Science & Nature","type":"multiple","difficulty":"easy","question":"Which of the following bones is not in the leg?","correct_answer":"Radius","incorrect_answers":["Patella","Tibia","Fibula "]},{"category":"Science: Computers","type":"boolean","difficulty":"medium","question":"The HTML5 standard was published in 2014.","correct_answer":"True","incorrect_answers":["False"]},{"category":"Science & Nature","type":"boolean","difficulty":"medium","question":"The Doppler effect applies to light.","correct_answer":"True","incorrect_answers":["False"]},{"category":"Mythology","type":"multiple","difficulty":"medium","question":"This Greek mythological figure is the god\/goddess of battle strategy (among other things).","correct_answer":"Athena","incorrect_answers":["Ares","Artemis","Apollo"]},{"category":"Celebrities","type":"multiple","difficulty":"medium","question":"Which actress&#039;s real name was Frances Ethel Gumm?","correct_answer":"Judy Garland","incorrect_answers":["Doris Day","Julie Andrews","Marilyn Monroe"]},{"category":"Science & Nature","type":"multiple","difficulty":"medium","question":"In aeronautics, flaps and slats are used to control what on an aircraft?","correct_answer":"Lift","incorrect_answers":["Thrust","Drag","Weight "]},{"category":"Entertainment: Film","type":"multiple","difficulty":"medium","question":"Which actor played the main character in the 1990 film &quot;Edward Scissorhands&quot;?","correct_answer":"Johnny Depp","incorrect_answers":[" Clint Eastwood","Leonardo DiCaprio","Ben Stiller"]},{"category":"Entertainment: Books","type":"multiple","difficulty":"easy","question":"Which of the following is the world&#039;s best-selling book?","correct_answer":"The Lord of the Rings","incorrect_answers":["The Little Prince","Harry Potter and the Philosopher&#039;s Stone","The Da Vinci Code"]},{"category":"Entertainment: Video Games","type":"multiple","difficulty":"easy","question":"The most graphically violent game to precede the creation of the ESRB (Entertainment Software Rating Board) was...","correct_answer":"Mortal Kombat","incorrect_answers":["Duke Nukem","Resident Evil","Doom"]},{"category":"Science: Computers","type":"multiple","difficulty":"hard","question":"What was the name of the security vulnerability found in Bash in 2014?","correct_answer":"Shellshock","incorrect_answers":["Heartbleed","Bashbug","Stagefright"]},{"category":"History","type":"multiple","difficulty":"medium","question":"What number does the Roman numeral &quot;D&quot; stand for?","correct_answer":"500","incorrect_answers":["100","1000","50"]},{"category":"Animals","type":"multiple","difficulty":"easy","question":"The K\u0101k\u0101p\u014d is a large, flightless, nocturnal parrot native to which country?","correct_answer":"New Zealand","incorrect_answers":["South Africa","Australia","Madagascar"]},{"category":"Entertainment: Music","type":"multiple","difficulty":"medium","question":"Who is the Pink Floyd song &quot;Shine On You Crazy Diamond&quot; written about?","correct_answer":"Syd Barrett","incorrect_answers":["John Lennon","David Gilmour","Floyd"]},{"category":"Vehicles","type":"multiple","difficulty":"medium","question":"Which country has the international vehicle registration letter &#039;A&#039;?","correct_answer":"Austria","incorrect_answers":["Afghanistan","Australia","Armenia"]},{"category":"History","type":"multiple","difficulty":"hard","question":"When did Spanish Peninsular War start?","correct_answer":"1808","incorrect_answers":["1806","1810","1809"]},{"category":"Geography","type":"multiple","difficulty":"medium","question":"Which of the following countries is within the Eurozone but outside of the Schengen Area?","correct_answer":"Cyprus","incorrect_answers":["Malta","Greece","Portugal"]},{"category":"History","type":"multiple","difficulty":"easy","question":"Which of the following ancient peoples was NOT classified as Hellenic (Greek)?","correct_answer":"Illyrians","incorrect_answers":["Dorians","Achaeans","Ionians"]},{"category":"Science: Computers","type":"multiple","difficulty":"easy","question":"What is the most preferred image format used for logos in the Wikimedia database?","correct_answer":".svg","incorrect_answers":[".png",".jpeg",".gif"]},{"category":"Entertainment: Video Games","type":"multiple","difficulty":"easy","question":"In Grand Theft Auto V, what was Michael De Santa&#039;s former surname?","correct_answer":"Townley","incorrect_answers":["De Santos","Watson","Simpson"]},{"category":"Entertainment: Video Games","type":"multiple","difficulty":"medium","question":"In the game series &quot;The Legend of Zelda&quot;, what was the first 3D game?","correct_answer":"Ocarina of Time","incorrect_answers":["Majora&#039;s Mask","A Link to the Past","The Wind Waker"]},{"category":"General Knowledge","type":"multiple","difficulty":"easy","question":"Red Vines is a brand of what type of candy?","correct_answer":"Licorice","incorrect_answers":["Lollipop","Chocolate","Bubblegum"]},{"category":"General Knowledge","type":"boolean","difficulty":"easy","question":"Bulls are attracted to the color red.","correct_answer":"False","incorrect_answers":["True"]},{"category":"Entertainment: Video Games","type":"multiple","difficulty":"easy","question":"In most FPS video games such as Counter-Strike, shooting which part of the body does the highest damage?","correct_answer":"Head","incorrect_answers":["Arm","Leg","Chest"]},{"category":"Entertainment: Music","type":"multiple","difficulty":"easy","question":"What was the subject of the 2014 song &quot;CoCo&quot; by American rapper O. T. Genasis?","correct_answer":"Cocaine","incorrect_answers":["Conan O&#039;Brien","Cobalt(II) carbonate","Coconut cream pie"]},{"category":"Entertainment: Video Games","type":"boolean","difficulty":"easy","question":"Minecraft can be played with a virtual reality headset.","correct_answer":"True","incorrect_answers":["False"]},{"category":"Entertainment: Music","type":"multiple","difficulty":"easy","question":"Which Beatles album does NOT feature any of the band members on it&#039;s cover?","correct_answer":"The Beatles (White Album)","incorrect_answers":["Rubber Soul","Abbey Road","Magical Mystery Tour"]},{"category":"General Knowledge","type":"multiple","difficulty":"medium","question":"When was Nintendo founded?","correct_answer":"September 23rd, 1889","incorrect_answers":["October 19th, 1891","March 4th, 1887","December 27th, 1894"]},{"category":"Entertainment: Video Games","type":"multiple","difficulty":"easy","question":"In the video game &quot;Team Fortress 2&quot;, which class is able to double jump?","correct_answer":"Scout","incorrect_answers":["Spy","Engineer","Pyro"]},{"category":"Geography","type":"boolean","difficulty":"hard","question":"Switzerland has four national languages, English being one of them.","correct_answer":"False","incorrect_answers":["True"]},{"category":"Geography","type":"multiple","difficulty":"easy","question":"What is the Polish city known to Germans as Danzig?","correct_answer":"Gda\u0144sk","incorrect_answers":["Warsaw","Zakopane","Pozna\u0144"]},{"category":"Science & Nature","type":"multiple","difficulty":"hard","question":"What nucleotide pairs with guanine?","correct_answer":"Cytosine","incorrect_answers":["Thymine","Adenine","Uracil"]},{"category":"Entertainment: Video Games","type":"boolean","difficulty":"easy","question":"In RuneScape, one must complete the &quot;Dragon Slayer&quot; quest before equipping Rune Platelegs.","correct_answer":"False","incorrect_answers":["True"]},{"category":"Entertainment: Video Games","type":"multiple","difficulty":"easy","question":"When was Left 4 Dead 2 released?","correct_answer":"November 17, 2009","incorrect_answers":["May 3, 2008","November 30, 2009","June 30, 2010"]},{"category":"Entertainment: Video Games","type":"multiple","difficulty":"medium","question":"Which German city does the map &quot;Clubhouse&quot; in &quot;Tom Clancy&#039;s Rainbow Six Siege&quot; take place in?","correct_answer":"Hannover","incorrect_answers":["Berlin","Hamburg","Munich"]},{"category":"Entertainment: Television","type":"boolean","difficulty":"easy","question":"In &quot;Star Trek&quot;, Klaang is a typical Klingon male.","correct_answer":"True","incorrect_answers":["False"]},{"category":"Science: Computers","type":"multiple","difficulty":"medium","question":"Laserjet and inkjet printers are both examples of what type of printer?","correct_answer":"Non-impact printer","incorrect_answers":["Impact printer","Daisywheel printer","Dot matrix printer"]},{"category":"Celebrities","type":"boolean","difficulty":"easy","question":"Tupac Shakur died due to complications from being stabbed in 1996.","correct_answer":"False","incorrect_answers":["True"]},{"category":"Entertainment: Film","type":"boolean","difficulty":"easy","question":"Actor Tommy Chong served prison time.","correct_answer":"True","incorrect_answers":["False"]},{"category":"Entertainment: Television","type":"multiple","difficulty":"easy","question":"Who played the Waitress in the Spam sketch of &quot;Monty Python&#039;s Flying Circus&quot;?","correct_answer":"Terry Jones","incorrect_answers":["Eric Idle","Graham Chapman","John Cleese"]},{"category":"Entertainment: Music","type":"multiple","difficulty":"easy","question":"Which of the following songs did Elton John perform following Princess Diane&#039;s passing?","correct_answer":"Candles in the Wind","incorrect_answers":["I Guess That&#039;s Why They Call It The Blues","Your Song","Island Girl"]},{"category":"Science & Nature","type":"multiple","difficulty":"medium","question":"On which mission did the Space Shuttle Columbia break up upon re-entry?","correct_answer":"STS-107","incorrect_answers":["STS-51-L","STS-61-C","STS-109"]},{"category":"Politics","type":"multiple","difficulty":"medium","question":"Who succeeded Joseph Stalin as General Secretary of the Communist Party of the Soviet Union?","correct_answer":"Nikita Khrushchev","incorrect_answers":["Leonid Brezhnev","Mikhail Gorbachev","Boris Yeltsin"]},{"category":"Entertainment: Video Games","type":"multiple","difficulty":"hard","question":"Which gaming series includes &quot;The Diabolical Box&quot; and &quot;The Curious Village&quot;?","correct_answer":"Professor Layton","incorrect_answers":["Persona","Etrian Odyssey","Sam &amp; Max"]},{"category":"Entertainment: Television","type":"multiple","difficulty":"easy","question":"What is the name of Chris&#039;s brother in &quot;Everybody Hates Chris&quot;?","correct_answer":"Drew","incorrect_answers":["Jerome","Greg","Joe"]},{"category":"Sports","type":"multiple","difficulty":"medium","question":"Why was The Green Monster at Fenway Park was originally built?","correct_answer":"To prevent viewing games from outside the park.","incorrect_answers":["To make getting home runs harder.","To display advertisements.","To provide extra seating."]},{"category":"Entertainment: Film","type":"multiple","difficulty":"hard","question":"Which boxer was famous for striking the gong in the introduction to J. Arthur Rank films?","correct_answer":"Bombardier Billy Wells","incorrect_answers":["Freddie Mills","Terry Spinks","Don Cockell"]},{"category":"Entertainment: Video Games","type":"multiple","difficulty":"easy","question":"In &quot;Yo! Noid 2,&quot; The Noid can perform what special move?","correct_answer":"Dab","incorrect_answers":["Pizza Throw","Dodge Roll","Spin Dash"]},{"category":"Sports","type":"multiple","difficulty":"easy","question":"Which country will host the 2022 FIFA World Cup?","correct_answer":"Qatar","incorrect_answers":["USA","Japan","Switzerland"]},{"category":"Mythology","type":"multiple","difficulty":"medium","question":"Which greek god\/goddess tossed a golden apple with the words &quot;for the fairest&quot; into the middle of the feast of the gods?","correct_answer":"Eris","incorrect_answers":["Hades","Ares","Artemis"]},{"category":"Entertainment: Video Games","type":"multiple","difficulty":"easy","question":"Which of the following Zelda games did not feature Ganon as a final boss?","correct_answer":"Majora&#039;s Mask","incorrect_answers":["Ocarina of Time","Skyward Sword","Breath of the Wild"]}]}