{"response_code":0,"results":[{"category":"Sports","type":"multiple","difficulty":"hard","question":"How many times did Martina Navratilova win the Wimbledon Singles Championship?","correct_answer":"Nine","incorrect_answers":["Ten","Seven","Eight"]},{"category":"Entertainment: Video Games","type":"multiple","difficulty":"easy","question":"In the Nintendo DS game &#039;Ghost Trick: Phantom Detective&#039;, what is the name of the hitman seen at the start of the game?","correct_answer":"Nearsighted Jeego","incorrect_answers":["One Step Ahead Tengo","Missile","Cabanela"]},{"category":"History","type":"multiple","difficulty":"medium","question":"During what war did the &quot;Cuban Missile Crisis&quot; occur?","correct_answer":"Cold War","incorrect_answers":["World War I","World War II","Revolutionary War"]},{"category":"Geography","type":"multiple","difficulty":"easy","question":"The body of the Egyptian Sphinx was based on which animal?","correct_answer":"Lion","incorrect_answers":["Bull","Horse","Dog"]},{"category":"Entertainment: Music","type":"boolean","difficulty":"medium","question":"Rapper Snoop Dogg&#039;s real name is &#039;Cordozar Calvin Broadus, Jr.&#039;.","correct_answer":"True","incorrect_answers":["False"]},{"category":"Geography","type":"multiple","difficulty":"medium","question":"How many counties in the Republic of Ireland.","correct_answer":"26","incorrect_answers":["32","28","30"]},{"category":"Sports","type":"multiple","difficulty":"medium","question":"In a game of snooker, what colour ball is worth 3 points?","correct_answer":"Green","incorrect_answers":["Yellow","Brown","Blue"]},{"category":"Entertainment: Video Games","type":"multiple","difficulty":"hard","question":"Which of these characters in &quot;Undertale&quot; can the player NOT go on a date with?","correct_answer":"Toriel","incorrect_answers":["Papyrus","Undyne","Alphys"]},{"category":"Science & Nature","type":"multiple","difficulty":"easy","question":"Which of the following blood vessels carries deoxygenated blood?","correct_answer":"Pulmonary Artery","incorrect_answers":["Pulmonary Vein","Aorta","Coronary Artery"]},{"category":"Geography","type":"multiple","difficulty":"easy","question":"What is the only state in the United States that does not have a flag in a shape with 4 edges?","correct_answer":"Ohio","incorrect_answers":["Florida","Idaho","New Mexico"]},{"category":"Entertainment: Television","type":"multiple","difficulty":"easy","question":"Which of these Bojack Horseman characters is a human?","correct_answer":"Todd Chavez","incorrect_answers":["Lennie Turtletaub","Princess Carolyn","Tom Jumbo-Grumbo"]},{"category":"Entertainment: Music","type":"multiple","difficulty":"hard","question":"How many members are there in the idol group &quot;&micro;&#039;s&quot;?","correct_answer":"9","incorrect_answers":["48","6","3"]},{"category":"Entertainment: Japanese Anime & Manga","type":"multiple","difficulty":"medium","question":"Which band name isn&#039;t a Stand in &quot;JoJo&#039;s Bizzare Adventure&quot;?","correct_answer":"AC\/DC","incorrect_answers":["Green Day","Survivor","Red Hot Chili Peppers"]},{"category":"Entertainment: Television","type":"multiple","difficulty":"medium","question":"What was the name of Ross&#039; pet monkey on &quot;Friends&quot;?","correct_answer":"Marcel","incorrect_answers":["Jojo","George","Champ"]},{"category":"Sports","type":"multiple","difficulty":"medium","question":"Which team was the 2014-2015 NBA Champions?","correct_answer":"Golden State Warriors","incorrect_answers":["Cleveland Cavaliers","Houston Rockets","Atlanta Hawks"]},{"category":"History","type":"multiple","difficulty":"easy","question":"When did the Battle of the Somme begin?","correct_answer":"July 1st, 1916","incorrect_answers":["August 1st, 1916","July 2nd, 1916","June 30th, 1916"]},{"category":"Entertainment: Video Games","type":"multiple","difficulty":"hard","question":"Before Super Smash Bros. contained Nintendo characters, what was it known as internally?","correct_answer":"Dragon King: The Fighting Game","incorrect_answers":["Contest of Champions","Smash and Pummel","Fighter of the Ages: Conquest"]},{"category":"Entertainment: Musicals & Theatres","type":"multiple","difficulty":"medium","question":"What was George Bizet&#039;s last opera?","correct_answer":"Carmen","incorrect_answers":["Don Rodrigue","Gris&eacute;lidis","Les p&ecirc;cheurs de perles"]},{"category":"Geography","type":"boolean","difficulty":"easy","question":"There are no deserts in Europe.","correct_answer":"True","incorrect_answers":["False"]},{"category":"Entertainment: Film","type":"multiple","difficulty":"medium","question":"What was another suggested name for, the 1985 film, Back to the Future?","correct_answer":"Spaceman From Pluto","incorrect_answers":["Hill Valley Time Travelers","The Time Travelers","The Lucky Man"]},{"category":"Entertainment: Video Games","type":"multiple","difficulty":"medium","question":"What happened to Half-Life 2 prior to its release, which resulted in Valve starting over the development of the game?","correct_answer":"The source code got leaked","incorrect_answers":["They weren&#039;t satisfied with the result","The story was not good enough","Way too many bugs to be fixed"]},{"category":"Science & Nature","type":"multiple","difficulty":"medium","question":"Which of these is a type of stretch\/deep tendon reflex?","correct_answer":"Ankle jerk reflex","incorrect_answers":["Gag reflex","Pupillary light reflex","Scratch reflex"]},{"category":"Entertainment: Music","type":"multiple","difficulty":"easy","question":"Which one of these songs did the group &quot;Men At Work&quot; NOT make?","correct_answer":"Safety Dance","incorrect_answers":["Down Under","Who Can It Be Now?","It&#039;s a Mistake"]},{"category":"Entertainment: Television","type":"multiple","difficulty":"easy","question":"On the show &quot;Rick and Morty&quot;, in episode &quot;Total Rickall&quot;, who was a parasite?","correct_answer":"Pencilvester","incorrect_answers":["Beth Smith","Summer Smith","Mr. Poopy Butthole"]},{"category":"Entertainment: Video Games","type":"multiple","difficulty":"easy","question":"Which Pokemon generation did the fan-named &quot;Masuda Method&quot; first appear in? ","correct_answer":"Diamond\/Pearl","incorrect_answers":["Ruby\/Sapphire","Black\/White","X\/Y"]},{"category":"Entertainment: Comics","type":"multiple","difficulty":"hard","question":"When was the Garfield comic first published?","correct_answer":"1978","incorrect_answers":["1982","1973","1988"]},{"category":"Entertainment: Video Games","type":"multiple","difficulty":"medium","question":"In the game &quot;Persona 4&quot;, what is the canonical name of the protagonist?","correct_answer":"Yu Narukami","incorrect_answers":["Chino Mashido","Tunki Sunada","Masaki Narinaka"]},{"category":"Entertainment: Music","type":"multiple","difficulty":"easy","question":"Who is the lead singer of Green Day?","correct_answer":"Billie Joe Armstrong","incorrect_answers":["Mike Dirnt","Sean Hughes","Tr&eacute; Cool"]},{"category":"Entertainment: Video Games","type":"multiple","difficulty":"medium","question":"Who is the main character in most of the games of the YS series?","correct_answer":"Adol Christin ","incorrect_answers":["Character doesn&#039;t have a name","Estelle Bright","Roger Wilco"]},{"category":"Entertainment: Video Games","type":"multiple","difficulty":"medium","question":"What was the first Call of Duty game to include the Zombies gamemode?","correct_answer":"Call of Duty: World at War","incorrect_answers":["Call of Duty: Black Ops","Call of Duty: Modern Warfare 2","Call of Duty: Black Ops III"]},{"category":"Entertainment: Video Games","type":"multiple","difficulty":"easy","question":"What household item make the characters of &quot;Steins; Gate&quot; travel through time?","correct_answer":"Microwave","incorrect_answers":["Computer","Refrigerator","Televison"]},{"category":"History","type":"multiple","difficulty":"medium","question":"In which year was Constantinople conquered by the Turks?","correct_answer":"1453","incorrect_answers":["1435","1454","1440"]},{"category":"Entertainment: Video Games","type":"multiple","difficulty":"hard","question":"What military rank is the protagonist &quot;Nomad&quot; in &quot;Crysis&quot;?","correct_answer":"First Lieutenant","incorrect_answers":["Captain","First Sargent ","Staff Sargent"]},{"category":"Entertainment: Japanese Anime & Manga","type":"boolean","difficulty":"easy","question":"In Chobits, Hideki found Chii in his apartment.","correct_answer":"False","incorrect_answers":["True"]},{"category":"Entertainment: Japanese Anime & Manga","type":"multiple","difficulty":"easy","question":"What animation studio produced &quot;Gurren Lagann&quot;?","correct_answer":"Gainax","incorrect_answers":["Kyoto Animation","Pierrot","A-1 Pictures"]},{"category":"Entertainment: Video Games","type":"multiple","difficulty":"medium","question":"What are tiny Thwomps called in Super Mario World?","correct_answer":"Thwimps","incorrect_answers":["Little Thwomp","Mini Thwomp","Tiny Tims"]},{"category":"Entertainment: Video Games","type":"multiple","difficulty":"easy","question":"Which of the following Pokemon Types was present in the original games, Red and Blue?","correct_answer":"Ice","incorrect_answers":["Steel","Dark","Fairy"]},{"category":"General Knowledge","type":"boolean","difficulty":"easy","question":"A pasodoble is a type of Italian pasta sauce.","correct_answer":"False","incorrect_answers":["True"]},{"category":"Science & Nature","type":"multiple","difficulty":"hard","question":"Autosomal-dominant Compelling Helio-Ophthalmic Outburst syndrome is the need to do what when seeing the Sun?","correct_answer":"Sneeze","incorrect_answers":["Cough","Yawn","Hiccup"]},{"category":"Entertainment: Video Games","type":"boolean","difficulty":"medium","question":"In the game &quot;Until Dawn&quot; Emily is the only playable character who can be killed by another playable character directly.","correct_answer":"True","incorrect_answers":["False"]},{"category":"History","type":"multiple","difficulty":"medium","question":"After his loss at the Battle of Waterloo, Napoleon Bonaparte was exiled to which island?","correct_answer":"St. Helena","incorrect_answers":["Elba","Corsica","Canary"]},{"category":"Science & Nature","type":"multiple","difficulty":"medium","question":"What is the molecular formula of the active component of chili peppers(Capsaicin)?","correct_answer":"C18H27NO3","incorrect_answers":["C21H23NO3","C6H4Cl2","C13H25NO4"]},{"category":"Geography","type":"multiple","difficulty":"hard","question":"Which is not a country in Africa?","correct_answer":"Guyana","incorrect_answers":["Senegal","Liberia","Somalia"]},{"category":"Entertainment: Music","type":"multiple","difficulty":"medium","question":"In what year was Tchaikovsky&#039;s 1812 Overture composed?","correct_answer":"1880","incorrect_answers":["1812","1790","1840"]},{"category":"Entertainment: Video Games","type":"multiple","difficulty":"easy","question":"In the video game franchise &quot;Halo&quot;, what is the UNSC&#039;s main opposing faction called?","correct_answer":"The Covenant","incorrect_answers":["The Reckoning","The Peoples","The Slaughterers"]},{"category":"Entertainment: Video Games","type":"multiple","difficulty":"medium","question":"What is the lowest amount of max health you can have in Team Fortress 2?","correct_answer":"70","incorrect_answers":["100","50","95"]},{"category":"General Knowledge","type":"multiple","difficulty":"easy","question":"Who invented the first ever chocolate bar, in 1847?","correct_answer":"Joseph Fry","incorrect_answers":["Andrew Johnson","John Cadbury","John Tyler"]},{"category":"Entertainment: Video Games","type":"multiple","difficulty":"medium","question":"In the Mario Kart and Smash Bros. Games, Princess Rosalina is considered what weight class?","correct_answer":"Heavy","incorrect_answers":["Medium","Light","Light-Medium"]},{"category":"Entertainment: Video Games","type":"multiple","difficulty":"hard","question":"Which one of these characters appeared in Marvel vs Capcom: Infinite? ","correct_answer":"Firebrand","incorrect_answers":["Wolverine","Dr. Doom","Jill Valentine"]},{"category":"Entertainment: Video Games","type":"multiple","difficulty":"medium","question":"Marvel vs Capcom 2: New age of Heroes was released in what year?","correct_answer":"2000","incorrect_answers":["2001","2003","1998"]}]}