{"response_code":0,"results":[{"category":"Entertainment: Musicals & Theatres","type":"multiple","difficulty":"medium","question":"When was the play &quot;Macbeth&quot; written?","correct_answer":"1606","incorrect_answers":["1605","1723","1628"]},{"category":"Entertainment: Music","type":"multiple","difficulty":"medium","question":"Who had a 1976 hit with the song &#039;You Make Me Feel Like Dancing&#039;?","correct_answer":"Leo Sayer","incorrect_answers":["Elton John","Billy Joel","Andy Gibb"]},{"category":"Entertainment: Music","type":"boolean","difficulty":"easy","question":"The music video to The Buggle&#039;s &quot;Video Killed the Radio Star&quot; was the first music video to broadcast on MTV.","correct_answer":"True","incorrect_answers":["False"]},{"category":"Science: Mathematics","type":"multiple","difficulty":"medium","question":"What are the first 6 digits of the number &quot;Pi&quot;?","correct_answer":"3.14159","incorrect_answers":["3.14169","3.12423","3.25812"]},{"category":"Entertainment: Books","type":"multiple","difficulty":"medium","question":"What was the pen name of novelist, Mary Ann Evans?","correct_answer":"George Eliot","incorrect_answers":["George Orwell","George Bernard Shaw","George Saunders"]},{"category":"Vehicles","type":"multiple","difficulty":"medium","question":"What country is the Hussarya supercar, made by the car manufacturer &quot;Arrinera&quot;, assembled in?","correct_answer":"Poland","incorrect_answers":["China","Sweden","Italy"]},{"category":"History","type":"multiple","difficulty":"medium","question":"Which of the following battles is often considered as marking the beginning of the fall of the Western Roman Empire?","correct_answer":"Battle of Adrianople","incorrect_answers":["Battle of Thessalonica","Battle of Pollentia","Battle of Constantinople"]},{"category":"Entertainment: Video Games","type":"multiple","difficulty":"medium","question":"What is the final game of the &quot;Zero Escape&quot; series called?","correct_answer":"Zero Escape Zero Time Dilemma ","incorrect_answers":["Nine Hours, Nine Persons, Nine Doors ","Zero Escape Virtue&#039;s Last Reward","The Nonary Game: Sigma&#039;s Last Life"]},{"category":"Entertainment: Video Games","type":"boolean","difficulty":"medium","question":"Metal Gear Solid V: The Phantom Pain runs on the Fox Engine.","correct_answer":"True","incorrect_answers":["False"]},{"category":"Entertainment: Cartoon & Animations","type":"multiple","difficulty":"easy","question":"Who voices for Ruby in the animated series RWBY?","correct_answer":"Lindsay Jones","incorrect_answers":["Tara Strong","Jessica Nigri","Hayden Panettiere"]},{"category":"General Knowledge","type":"multiple","difficulty":"hard","question":"Which musician has collaborated with American producer Porter Robinson and released the 2016 song &quot;Shelter&quot;?","correct_answer":"Madeon","incorrect_answers":["Mat Zo","deadmau5","Zedd"]},{"category":"Entertainment: Board Games","type":"boolean","difficulty":"easy","question":"The card game &quot;Munchkin&quot; won the 2001 Origins Award for Best Traditional Card Game.","correct_answer":"True","incorrect_answers":["False"]},{"category":"Celebrities","type":"multiple","difficulty":"easy","question":"What was the cause of Marilyn Monroes suicide?","correct_answer":"Drug Overdose","incorrect_answers":["Knife Attack","House Fire","Gunshot"]},{"category":"Entertainment: Video Games","type":"multiple","difficulty":"medium","question":"Which horror movie had a sequel in the form of a video game released in August 20, 2002?","correct_answer":"The Thing","incorrect_answers":["The Evil Dead","Saw","Alien"]},{"category":"Science & Nature","type":"multiple","difficulty":"easy","question":"How many chromosomes are in your body cells?","correct_answer":"23","incorrect_answers":["21","22","24"]},{"category":"Geography","type":"boolean","difficulty":"easy","question":"California is larger than Japan.","correct_answer":"True","incorrect_answers":["False"]},{"category":"Entertainment: Video Games","type":"multiple","difficulty":"hard","question":"In the title of the game &quot;Luigi&#039;s Mansion&quot;, what is the only letter to not appear with a pair of eyes in it?","correct_answer":"s","incorrect_answers":["n","i","m"]},{"category":"Geography","type":"multiple","difficulty":"medium","question":"What is the capital of Seychelles?","correct_answer":"Victoria","incorrect_answers":["Luanda","N&#039;Djamena","Tripoli"]},{"category":"Entertainment: Film","type":"multiple","difficulty":"easy","question":"At the end of the 2001 film &quot;Rat Race&quot;, whose concert do the contestants crash?","correct_answer":"Smash Mouth","incorrect_answers":["Bowling for Soup","Sum 41","Linkin Park"]},{"category":"History","type":"multiple","difficulty":"easy","question":"In 1939, Britain and France declared war on Germany after it invaded which country?","correct_answer":"Poland","incorrect_answers":["Czechoslovakia","Austria","Hungary"]},{"category":"Entertainment: Film","type":"multiple","difficulty":"medium","question":"What type of cheese, loved by Wallace and Gromit, had it&#039;s sale prices rise after their successful short films?","correct_answer":"Wensleydale","incorrect_answers":["Cheddar","Moon Cheese","Edam"]},{"category":"General Knowledge","type":"multiple","difficulty":"medium","question":"What was Mountain Dew&#039;s original slogan?","correct_answer":"Yahoo! Mountain Dew... It&#039;ll tickle your innards!","incorrect_answers":["Give Me A Dew","Do The Dew","Get&#039; that barefoot feelin&#039; drinkin&#039; Mountain Dew"]},{"category":"Entertainment: Musicals & Theatres","type":"multiple","difficulty":"hard","question":"Who serves as the speaker of the prologue in Shakespeare&#039;s Romeo and Juliet?","correct_answer":"Chorus","incorrect_answers":["Montague","Refrain","Capulet"]},{"category":"Entertainment: Television","type":"multiple","difficulty":"medium","question":"In &quot;Star Trek&quot;, what is the Klingon death ritual?","correct_answer":"Look into sky and yell loudly in mourning.","incorrect_answers":["Kiss the jagged forehead before burial.","Shoot into space in a torpedo casing.","Split the deceased&#039;s earnings between bloodkin."]},{"category":"Entertainment: Video Games","type":"multiple","difficulty":"hard","question":"How many aces can be shot down through the entirety of &quot;Ace Combat Zero: The Belkan War&quot;?","correct_answer":"169","incorrect_answers":["100","132","245"]},{"category":"General Knowledge","type":"multiple","difficulty":"hard","question":"According to the 2014-2015 Australian Bureau of Statistics, what percentage of Australians were born overseas?","correct_answer":"28%","incorrect_answers":["13%","20%","7%"]},{"category":"Entertainment: Cartoon & Animations","type":"multiple","difficulty":"medium","question":"Adam West was the mayor of which cartoon town?","correct_answer":"Quahog","incorrect_answers":["Springfield","South Park","Langley Falls"]},{"category":"Entertainment: Video Games","type":"multiple","difficulty":"medium","question":"In &quot;PAYDAY 2&quot;, what weapon has the highest base weapon damage on a per-shot basis?","correct_answer":"HRL-7","incorrect_answers":["Heavy Crossbow","Thanatos .50 cal","Broomstick Pistol"]},{"category":"Geography","type":"multiple","difficulty":"hard","question":"The Andaman and Nicobar Islands in South East Asia are controlled by which country?","correct_answer":"India","incorrect_answers":["Vietnam","Thailand","Indonesia"]},{"category":"Entertainment: Video Games","type":"multiple","difficulty":"medium","question":"Who is the main character in the video game &quot;Just Cause 3&quot;?","correct_answer":"Rico Rodriguez","incorrect_answers":["Tom Sheldon","Marcus Holloway","Mario Frigo"]},{"category":"General Knowledge","type":"multiple","difficulty":"medium","question":"What is real haggis made of?","correct_answer":"Sheep&#039;s Heart, Liver and Lungs","incorrect_answers":["Sheep&#039;s Heart, Kidneys and Lungs","Sheep&#039;s Liver, Kidneys and Eyes","Whole Sheep"]},{"category":"Entertainment: Comics","type":"multiple","difficulty":"medium","question":"Which Batman sidekick is the son of Talia al Ghul?","correct_answer":"Damian Wayne","incorrect_answers":["Dick Grayson","Tim Drake","Jason Todd"]},{"category":"Entertainment: Television","type":"multiple","difficulty":"easy","question":"Which of the following won the first season of American Idol in 2002?","correct_answer":"Kelly Clarkson","incorrect_answers":["Justin Guarini","Ruben Studdard","Chris Daughtry"]},{"category":"History","type":"multiple","difficulty":"easy","question":"Which country was Josef Stalin born in?","correct_answer":"Georgia","incorrect_answers":["Russia","Germany","Poland"]},{"category":"General Knowledge","type":"multiple","difficulty":"easy","question":"Which candy is NOT made by Mars?","correct_answer":"Almond Joy","incorrect_answers":["M&amp;M&#039;s","Twix","Snickers"]},{"category":"Vehicles","type":"boolean","difficulty":"easy","question":"BMW M GmbH is a subsidiary of BMW AG that focuses on car performance.","correct_answer":"True","incorrect_answers":["False"]},{"category":"Entertainment: Video Games","type":"multiple","difficulty":"medium","question":"Who is credited with having created the world&#039;s first video game Easter Egg?","correct_answer":"Warren Robinett","incorrect_answers":["Julius Smith","Will Crowther","Don Woods"]},{"category":"Science & Nature","type":"multiple","difficulty":"easy","question":"Which noble gas has the lowest atomic number?","correct_answer":"Helium","incorrect_answers":["Neon","Argon","Krypton"]},{"category":"Science & Nature","type":"multiple","difficulty":"medium","question":"An organism described as &quot;heliotropic&quot; has a tendancy to move towards which of these things?","correct_answer":"Light","incorrect_answers":["Water","Trees","Pollen"]},{"category":"Entertainment: Video Games","type":"multiple","difficulty":"medium","question":"In the Half-Life universe, the Black Mesa Research Facility is located in which US state?","correct_answer":"New Mexico","incorrect_answers":["Nevada","Arizona","Wyoming"]},{"category":"Entertainment: Television","type":"multiple","difficulty":"hard","question":"Which of these Nickelodeon game shows aired first?","correct_answer":"Double Dare","incorrect_answers":["Nick Arcade","Finders Keepers","Nickelodeon Guts"]},{"category":"Entertainment: Video Games","type":"multiple","difficulty":"hard","question":"The creation of the  Entertainment Software Ratings Board (ESRB) is often associated with Mortal Kombat and what FMV video game?","correct_answer":"Night Trap","incorrect_answers":["Sewer Shark","The Daedalus Encounter","Corpse Killer"]},{"category":"Entertainment: Video Games","type":"multiple","difficulty":"medium","question":"In &quot;Kingdom Hearts&quot;, what mission are Donald and Goofy assigned by King Mickey?","correct_answer":"To find the Key bearer and stick with him!","incorrect_answers":["To find the Key bearer and steal the key!","To find the Key bearer and report back!","To find the Key bearer and kill him!"]},{"category":"Science: Computers","type":"multiple","difficulty":"hard","question":"What type of sound chip does the Super Nintendo Entertainment System (SNES) have?","correct_answer":"ADPCM Sampler","incorrect_answers":["FM Synthesizer","Programmable Sound Generator (PSG)","PCM Sampler"]},{"category":"Science: Computers","type":"multiple","difficulty":"hard","question":"Which of the following computer components can be built using only NAND gates?","correct_answer":"ALU","incorrect_answers":["CPU","RAM","Register"]},{"category":"Entertainment: Comics","type":"multiple","difficulty":"hard","question":"What are the names of the two &quot;Canon fan trolls&quot; in &quot;Homestuck&quot;?","correct_answer":"Mierfa Durgas and Nektan Whelan","incorrect_answers":["The Wrycrown and Voksea Olkido","Aikter Frekik and Xagrai Ollomu","Grekei Ceknux and Riya Camacho"]},{"category":"Entertainment: Video Games","type":"multiple","difficulty":"medium","question":"Which of the following is a character in the video game Destiny?","correct_answer":"Cayde-6","incorrect_answers":["Ostrava of Boletaria","Mordecai the Hunter","Leon S. Kennedy"]},{"category":"Entertainment: Video Games","type":"multiple","difficulty":"medium","question":"In the co-op shooter Payday 2, which contact helps you break out Hoxton?","correct_answer":"The Dentist","incorrect_answers":["Vlad","The Elephant","The Butcher"]},{"category":"Entertainment: Video Games","type":"multiple","difficulty":"easy","question":"What vehicle in PUBG has the highest top speed?","correct_answer":"Motorcycle","incorrect_answers":["PG-117","Dacia","Buggy"]},{"category":"General Knowledge","type":"multiple","difficulty":"hard","question":"In &quot;Resident Evil 3&quot;, how many inventory slots does Jill have at the start of the game?","correct_answer":"10","incorrect_answers":["6","8","12"]}]}