{"response_code":0,"results":[{"category":"Art","type":"multiple","difficulty":"medium","question":"Which time signature is commonly known as &ldquo;Cut Time?&rdquo;","correct_answer":"2\/2","incorrect_answers":["4\/4","6\/8","3\/4"]},{"category":"Entertainment: Music","type":"multiple","difficulty":"hard","question":"Who was the original drummer for The Beatles?","correct_answer":"Tommy Moore","incorrect_answers":["Ringo Starr","Stuart Sutcliffe","Pete Best"]},{"category":"Entertainment: Music","type":"multiple","difficulty":"easy","question":"Where does the Mac part of the name Fleetwood Mac come from?","correct_answer":"John McVie","incorrect_answers":["Christine McVie","Mac McAnally","David Tennant"]},{"category":"General Knowledge","type":"multiple","difficulty":"easy","question":"What word represents the letter &#039;T&#039; in the NATO phonetic alphabet?","correct_answer":"Tango","incorrect_answers":["Target","Taxi","Turkey"]},{"category":"Geography","type":"multiple","difficulty":"medium","question":"What are the four corner states of the US?","correct_answer":"Utah, Colorado, Arizona, New Mexico","incorrect_answers":["Oregon, Idaho, Nevada, Utah","Kansas, Oklahoma, Arkansas, Louisiana","South Dakota, Minnesota, Nebraska, Iowa"]},{"category":"Science: Computers","type":"boolean","difficulty":"easy","question":"The logo for Snapchat is a Bell.","correct_answer":"False","incorrect_answers":["True"]},{"category":"Entertainment: Comics","type":"boolean","difficulty":"hard","question":"In the comic book &quot;Archie&quot;, Betty is friends with Veronica because she is rich.","correct_answer":"False","incorrect_answers":["True"]},{"category":"Entertainment: Video Games","type":"boolean","difficulty":"easy","question":"Faust is a playable character in &quot;Guilty Gear Xrd Revelator&quot;.","correct_answer":"True","incorrect_answers":["False"]},{"category":"Entertainment: Video Games","type":"multiple","difficulty":"easy","question":"In the 2002 video game &quot;Kingdom Hearts&quot;, how many Keyblades are usable?","correct_answer":"18","incorrect_answers":["13","16","15"]},{"category":"General Knowledge","type":"multiple","difficulty":"medium","question":"What is the romanized Japanese word for &quot;university&quot;?","correct_answer":"Daigaku","incorrect_answers":["Toshokan","Jimusho","Shokudou"]},{"category":"Entertainment: Video Games","type":"multiple","difficulty":"easy","question":"What year did the game &quot;Overwatch&quot; enter closed beta?","correct_answer":"2015","incorrect_answers":["2013","2011","2016"]},{"category":"History","type":"multiple","difficulty":"medium","question":"In what year did the North American Video Game Crash occur?","correct_answer":"1983","incorrect_answers":["1982","1993","1970"]},{"category":"Entertainment: Film","type":"multiple","difficulty":"medium","question":"Which one of these films are shot entirely in one-take?","correct_answer":"Russian Ark","incorrect_answers":["Good Will Hunting","Birdman","Schindler&#039;s List"]},{"category":"History","type":"multiple","difficulty":"hard","question":"What was the real name of the Albanian national leader Skanderbeg?","correct_answer":"Gjergj Kastrioti","incorrect_answers":["Diturak Zhulati","Iskander Bejko","Mirash Krasniki"]},{"category":"Entertainment: Video Games","type":"multiple","difficulty":"medium","question":"During the game&#039;s development, what was the first ever created Pok&eacute;mon?","correct_answer":"Rhyhorn","incorrect_answers":["Bulbasaur","Mew","Arceus"]},{"category":"General Knowledge","type":"boolean","difficulty":"easy","question":"Adolf Hitler was born in Australia. ","correct_answer":"False","incorrect_answers":["True"]},{"category":"Entertainment: Music","type":"boolean","difficulty":"medium","question":"&quot;The Division Bell&quot; is the final album of the progressive rock band Pink Floyd.","correct_answer":"False","incorrect_answers":["True"]},{"category":"Entertainment: Comics","type":"multiple","difficulty":"medium","question":"In Pre-Super Genesis universe of &quot;Sonic the Hedgehog&quot; comic, what was the name of  Sally Acorn&#039;s brother?","correct_answer":"Elias Acorn","incorrect_answers":["Maximillian Acorn","Alexis Acorn","Frederick Acorn"]},{"category":"Entertainment: Video Games","type":"multiple","difficulty":"medium","question":"Which of these is not the name of a city in the Grand Theft Auto series?","correct_answer":"San Andreas","incorrect_answers":["San Fierro","Las Venturas","Vice City"]},{"category":"General Knowledge","type":"multiple","difficulty":"medium","question":"The new One World Trade Center in Manhattan, New York City was designed by which architect? ","correct_answer":"David Childs","incorrect_answers":["Bjarke Ingels","Michael Arad","Fumihiko Maki"]},{"category":"Entertainment: Video Games","type":"multiple","difficulty":"hard","question":"The voice actor for which Portal 2 character was not a TV or film actor prior to the game?","correct_answer":"GLaDOS","incorrect_answers":["Cave Johnson","Wheatley","Atlas \/ P-Body"]},{"category":"Entertainment: Film","type":"multiple","difficulty":"easy","question":"What was the first monster to appear alongside Godzilla?","correct_answer":"Anguirus","incorrect_answers":["King Kong","Mothra","King Ghidora"]},{"category":"Entertainment: Music","type":"boolean","difficulty":"medium","question":"For his performance at ComplexCon 2016 in Long Beach, California, Skrillex revived his &quot;Mothership&quot; set piece for one night only.","correct_answer":"True","incorrect_answers":["False"]},{"category":"Geography","type":"multiple","difficulty":"hard","question":"What North American tourist attraction is served by the &quot;Maid of the Mist&quot; tour company?","correct_answer":"Niagara Falls","incorrect_answers":["Whistler, British Columbia","Disney World","Yosemite National Park"]},{"category":"History","type":"multiple","difficulty":"medium","question":"What was the bloodiest single-day battle during the American Civil War?","correct_answer":"The Battle of Antietam","incorrect_answers":["The Siege of Vicksburg","The Battle of Gettysburg","The Battles of Chancellorsville"]},{"category":"Entertainment: Music","type":"multiple","difficulty":"medium","question":"Who is the lead singer of Bastille?","correct_answer":"Dan Smith","incorrect_answers":["Will Farquarson","Kyle Simmons","Chris Wood"]},{"category":"Entertainment: Television","type":"multiple","difficulty":"easy","question":"In Star Trek: The Next Generation, what is the name of Data&#039;s cat?","correct_answer":"Spot","incorrect_answers":["Mittens","Tom","Kitty"]},{"category":"Entertainment: Video Games","type":"multiple","difficulty":"easy","question":"What is the name of the world that the MMO &quot;RuneScape&quot; takes place in?","correct_answer":"Gielinor","incorrect_answers":["Glindor","Azeroth","Zaros"]},{"category":"Science: Mathematics","type":"boolean","difficulty":"medium","question":"Zero factorial is equal to zero. ","correct_answer":"False","incorrect_answers":["True"]},{"category":"Science: Gadgets","type":"multiple","difficulty":"medium","question":"Which company developed the Hololens?","correct_answer":"Microsoft","incorrect_answers":["HTC","Oculus","Tobii"]},{"category":"Entertainment: Television","type":"multiple","difficulty":"hard","question":"In &quot;Star Trek&quot;, who was the founder of the Klingon Empire and its philosophy?","correct_answer":"Kahless the Unforgettable","incorrect_answers":["Lady Lukara of the Great Hall","Molor the Unforgiving","Dahar Master Kor"]},{"category":"Entertainment: Japanese Anime & Manga","type":"multiple","difficulty":"hard","question":"In &quot;One Piece&quot;, who is the girl who overcame her enslaved past and became an agent of an army to fight the corrupt government?","correct_answer":"Koala","incorrect_answers":["Boa Hancock","Nico Robin","Emporio Ivankov "]},{"category":"Entertainment: Japanese Anime & Manga","type":"multiple","difficulty":"medium","question":"In &quot;A Certain Magical Index,&quot; what is Accelerator able to control?","correct_answer":"Vectors","incorrect_answers":["Velocity","Quantums","Wormholes"]},{"category":"Mythology","type":"multiple","difficulty":"medium","question":"Which of the following is not one of the Greek Fates?","correct_answer":"Narcissus","incorrect_answers":["Clotho","Atropos","Lachesis"]},{"category":"Entertainment: Video Games","type":"multiple","difficulty":"hard","question":"In &quot;Pok&eacute;mon Sun and Moon&quot;, Team Skull took over which town?","correct_answer":"Po Town","incorrect_answers":["Heahea City","Tapu Village","Iki Town"]},{"category":"Entertainment: Video Games","type":"boolean","difficulty":"medium","question":"In the Season One Championship of &quot;League of Legends&quot;, the highest achievable rank was Diamond.","correct_answer":"False","incorrect_answers":["True"]},{"category":"Entertainment: Cartoon & Animations","type":"multiple","difficulty":"hard","question":"In the &quot;Star Wars&quot; universe, what species is Grand Admiral Thrawn?","correct_answer":"Chiss","incorrect_answers":["Gungans","Pantorans","Twi&#039;lek"]},{"category":"Celebrities","type":"multiple","difficulty":"hard","question":"The eccentric natural philosopher Tycho Brahe kept what as a pet?","correct_answer":"Moose","incorrect_answers":["Dog","Bear","Goat"]},{"category":"Entertainment: Film","type":"multiple","difficulty":"medium","question":"In Mulan (1998), who is the leader of the Huns?","correct_answer":"Shan Yu","incorrect_answers":["Chien-Po","Li Shang","Fa Zhou"]},{"category":"Sports","type":"multiple","difficulty":"easy","question":"What is the most common type of pitch thrown by pitchers in baseball?","correct_answer":"Fastball","incorrect_answers":["Slowball","Screwball","Palmball"]},{"category":"Science: Computers","type":"multiple","difficulty":"medium","question":"The teapot often seen in many 3D modeling applications is called what?","correct_answer":"Utah Teapot","incorrect_answers":["Pixar Teapot","3D Teapot","Tennessee Teapot"]},{"category":"Science: Computers","type":"multiple","difficulty":"medium","question":"What is the number of keys on a standard Windows Keyboard?","correct_answer":"104","incorrect_answers":["64","94","76"]},{"category":"Entertainment: Film","type":"multiple","difficulty":"medium","question":"Which Marvel superhero did Chris Evans play prior to his role as Captain America?","correct_answer":"Human Torch","incorrect_answers":["Cyclops","Iceman","Daredevil"]},{"category":"Science & Nature","type":"multiple","difficulty":"hard","question":"What is the name for the auditory illusion of a note that seems to be rising infinitely?","correct_answer":"Shepard Tone","incorrect_answers":["Glissandro Illusion","Fransen Effect","McGurck Effect"]},{"category":"Science: Mathematics","type":"multiple","difficulty":"medium","question":"Which mathematician refused the Fields Medal?","correct_answer":"Grigori Perelman","incorrect_answers":["Andrew Wiles","Terence Tao","Edward Witten"]},{"category":"Entertainment: Video Games","type":"multiple","difficulty":"hard","question":"GoldenEye 007 on the Nintendo 64 was planned to allow you to play as all previous Bond actors, with the exception of who?","correct_answer":"George Lazenby","incorrect_answers":["Roger Moore","Sean Connery","Timothy Dalton"]},{"category":"Entertainment: Comics","type":"multiple","difficulty":"medium","question":"What is Hellboy&#039;s true name?","correct_answer":"Anung Un Rama","incorrect_answers":["Right Hand of Doom","Ogdru Jahad","Azzael"]},{"category":"Entertainment: Comics","type":"multiple","difficulty":"medium","question":"In Black Hammer, what dimension does Colonel Weird travel through?","correct_answer":"Para-Zone","incorrect_answers":["Hyperspace","Mirror Universe","Phantom Zone"]},{"category":"Entertainment: Books","type":"multiple","difficulty":"medium","question":"In The Lies of Locke Lamora, what title is Locke known by in the criminal world?","correct_answer":"The Thorn of Camorr","incorrect_answers":["The Rose of the Marrows","The Thorn of Emberlain","The Thorn of the Marrows"]},{"category":"Science: Computers","type":"multiple","difficulty":"easy","question":"What does the computer software acronym JVM stand for?","correct_answer":"Java Virtual Machine","incorrect_answers":["Java Vendor Machine","Java Visual Machine","Just Virtual Machine"]}]}