{"response_code":0,"results":[{"category":"Mythology","type":"boolean","difficulty":"easy","question":"In Norse mythology, Thor once dressed as a woman.","correct_answer":"True","incorrect_answers":["False"]},{"category":"Science & Nature","type":"boolean","difficulty":"medium","question":"The planet Mars has two moons orbiting it.","correct_answer":"True","incorrect_answers":["False"]},{"category":"Geography","type":"multiple","difficulty":"easy","question":"Which country does Austria not border?","correct_answer":"France","incorrect_answers":["Slovenia","Switzerland","Slovakia"]},{"category":"General Knowledge","type":"multiple","difficulty":"easy","question":"What does the &#039;S&#039; stand for in the abbreviation SIM, as in SIM card? ","correct_answer":"Subscriber","incorrect_answers":["Single","Secure","Solid"]},{"category":"Science & Nature","type":"multiple","difficulty":"easy","question":"What is the standard SI unit for temperature?","correct_answer":"Kelvin","incorrect_answers":["Fahrenheit","Celsius","Rankine"]},{"category":"Entertainment: Film","type":"multiple","difficulty":"medium","question":"In what year was the first Transformers movie released?","correct_answer":"1986","incorrect_answers":["2007","1984","2009"]},{"category":"Vehicles","type":"multiple","difficulty":"medium","question":"Which of the following countries has officially banned the civilian use of dash cams in cars?","correct_answer":"Austria","incorrect_answers":["United States","Czechia","South Korea"]},{"category":"History","type":"boolean","difficulty":"medium","question":"Sargon II, a king of the Neo-Assyrian Empire, was a direct descendant of Sargon of Akkad.","correct_answer":"False","incorrect_answers":["True"]},{"category":"General Knowledge","type":"multiple","difficulty":"medium","question":"In 2013 how much money was lost by Nigerian scams?","correct_answer":"$12.7 Billion","incorrect_answers":["$95 Million","$956 Million","$2.7 Billion"]},{"category":"Science: Computers","type":"multiple","difficulty":"medium","question":"On which day did the World Wide Web go online?","correct_answer":"December 20, 1990","incorrect_answers":["December 17, 1996","November 12, 1990","November 24, 1995"]},{"category":"Entertainment: Video Games","type":"multiple","difficulty":"medium","question":"In the 2002 video game &quot;Kingdom Hearts&quot;, how many playable worlds were there?","correct_answer":"14","incorrect_answers":["13","16","11"]},{"category":"General Knowledge","type":"multiple","difficulty":"hard","question":"Which of these banks are NOT authorized to issue currency notes in Hong Kong?","correct_answer":"OCBC","incorrect_answers":["HSBC","Standard Chartered","Bank of China"]},{"category":"Entertainment: Video Games","type":"multiple","difficulty":"medium","question":"Which of these Counter-Strike maps is a bomb defuse scenario?","correct_answer":"Prodigy","incorrect_answers":["747","Havana","Oilrig"]},{"category":"Entertainment: Cartoon & Animations","type":"boolean","difficulty":"easy","question":"Bill Cipher in the show &quot;Gravity Falls&quot; is the good guy.","correct_answer":"False","incorrect_answers":["True"]},{"category":"Entertainment: Video Games","type":"multiple","difficulty":"easy","question":"What company created and developed the game &quot;Overwatch&quot;?","correct_answer":"Blizzard Entertainment","incorrect_answers":["Valve","Hi-Rez Studios","Gearbox Software"]},{"category":"General Knowledge","type":"multiple","difficulty":"medium","question":"According to the United States&#039; CDC, one in how many Americans die annually due to smoking?","correct_answer":"Five","incorrect_answers":["Twenty","Ten","One hundred"]},{"category":"Science & Nature","type":"multiple","difficulty":"medium","question":"Which one of these scientists conducted the Gold Foil Experiment which concluded that atoms are mostly made of empty space?","correct_answer":"Ernest Rutherford","incorrect_answers":["Joseph John Thomson","Archimedes","Niels Henrik David Bohr"]},{"category":"Entertainment: Television","type":"multiple","difficulty":"easy","question":"Which company has exclusive rights to air episodes of the &quot;The Grand Tour&quot;?","correct_answer":"Amazon","incorrect_answers":["Netflix","BBC","CCTV"]},{"category":"Entertainment: Video Games","type":"multiple","difficulty":"medium","question":"In Touhou: Embodiment of Scarlet Devil, what song plays during Flandre Scarlet&#039;s boss fight?","correct_answer":"U.N. Owen Was Her","incorrect_answers":["Septette for the Dead Princess","Flowering Night","Pierrot of the Star-Spangled Banner"]},{"category":"History","type":"multiple","difficulty":"medium","question":"Which Nation DID NOT have a Colony in Modern-day America?","correct_answer":"Portugal","incorrect_answers":["Spain","Sweden","Netherlands"]},{"category":"Entertainment: Film","type":"boolean","difficulty":"easy","question":"In the original Star Wars trilogy, Alec Guinness provided the voice for Darth Vader.","correct_answer":"False","incorrect_answers":["True"]},{"category":"Geography","type":"boolean","difficulty":"medium","question":"Liechtenstein does not have an airport.","correct_answer":"True","incorrect_answers":["False"]},{"category":"General Knowledge","type":"multiple","difficulty":"hard","question":"How many calories are in a 355 ml can of Pepsi Cola?","correct_answer":"150","incorrect_answers":["200","100","155"]},{"category":"Entertainment: Video Games","type":"multiple","difficulty":"hard","question":"In the Pok&eacute;mon series, what is Palkia&#039;s hidden ability?","correct_answer":"Telepathy","incorrect_answers":["Pressure","Water Bubble","Hydration"]},{"category":"Vehicles","type":"multiple","difficulty":"hard","question":"What model was the sports car gifted to Yuri Gagarin by the French government in 1965?","correct_answer":"Matra Djet","incorrect_answers":["Porsche 911","Alpine A110","AC Cobra"]},{"category":"Entertainment: Cartoon & Animations","type":"multiple","difficulty":"medium","question":"Which one of these cartoon characters is NOT voiced by Rob Paulsen?","correct_answer":"Max Tennyson (Ben 10)","incorrect_answers":["Carl Wheezer (Jimmy Neutron)","Yakko Warner (Animaniacs)","The Mask (The Mask, TV Series)"]},{"category":"Science: Computers","type":"multiple","difficulty":"hard","question":"What internet protocol was documented in RFC 1459?","correct_answer":"IRC","incorrect_answers":["HTTP","HTTPS","FTP"]},{"category":"Entertainment: Music","type":"multiple","difficulty":"hard","question":"Who is a pioneer of &quot;Minimal Music&quot; in 1960s?","correct_answer":"Steve Reich","incorrect_answers":["Wolfgang Amadeus Mozart","Brian Eno","Sigur R&oacute;s"]},{"category":"Entertainment: Video Games","type":"multiple","difficulty":"medium","question":"Which was the first &quot;Call Of Duty: Zombies&quot; map to introduce the &quot;Wunderwaffe DG-2&quot;?","correct_answer":"Shi No Numa","incorrect_answers":["Tranzit","Kino Der Toten","Der Riese"]},{"category":"Entertainment: Video Games","type":"multiple","difficulty":"medium","question":"In the beginning of the game &quot;Sonic Adventure&quot;, what color Chaos Emerald does Tails own?","correct_answer":"Purple","incorrect_answers":["Red","Green","Blue"]},{"category":"Entertainment: Video Games","type":"boolean","difficulty":"easy","question":"The ghosts in &quot;Pac-Man&quot; and &quot;Ms. Pac-Man&quot; have completely different behavior.","correct_answer":"True","incorrect_answers":["False"]},{"category":"History","type":"multiple","difficulty":"medium","question":"What is the name of the ship which was only a few miles away from the RMS Titanic when it struck an iceberg on April 14, 1912?","correct_answer":"Californian","incorrect_answers":["Carpathia","Cristol","Commerce"]},{"category":"Entertainment: Japanese Anime & Manga","type":"multiple","difficulty":"easy","question":"How many &quot;JoJos&quot; that are protagonists are there in the series &quot;Jojo&#039;s Bizarre Adventure&quot;?","correct_answer":"8","incorrect_answers":["6","4","5"]},{"category":"Entertainment: Video Games","type":"multiple","difficulty":"medium","question":"In Left 4 Dead, which campaign has the protagonists going through a subway in order to reach a hospital for evacuation?","correct_answer":"No Mercy","incorrect_answers":["Subway Sprint","Hospital Havoc","Blood Harvest"]},{"category":"General Knowledge","type":"multiple","difficulty":"hard","question":"Nephelococcygia is the practice of doing what?","correct_answer":"Finding shapes in clouds","incorrect_answers":["Sleeping with your eyes open","Breaking glass with your voice","Swimming in freezing water"]},{"category":"Entertainment: Film","type":"multiple","difficulty":"medium","question":"What film did James Cameron&#039;s Avatar dethrone as the highest-grossing film ever?","correct_answer":"Titanic","incorrect_answers":["Star Wars","Gone with the Wind","Jaws"]},{"category":"Geography","type":"multiple","difficulty":"easy","question":"Where would you find the &quot;Spanish Steps&quot;?","correct_answer":"Rome, Italy","incorrect_answers":["Barcelona, Spain","Berlin, Germany","London, England"]},{"category":"Science & Nature","type":"boolean","difficulty":"medium","question":"Sound can travel through a vacuum.","correct_answer":"False","incorrect_answers":["True"]},{"category":"History","type":"multiple","difficulty":"medium","question":"Which of these 1900s tanks were designed and built BEFORE the others?","correct_answer":"Renault FT","incorrect_answers":["M4 Sherman"," Panzer IV","Cromwell "]},{"category":"Sports","type":"multiple","difficulty":"medium","question":"How many premier league trophies did Sir Alex Ferguson win during his time at Manchester United?","correct_answer":"13","incorrect_answers":["11","20","22"]},{"category":"Entertainment: Film","type":"multiple","difficulty":"medium","question":"In the 2014 film &quot;Birdman&quot;, what is the primary instrument in the score?","correct_answer":"Drums","incorrect_answers":["Saxophone","Violin","Actual Live Birds Singing"]},{"category":"Entertainment: Comics","type":"multiple","difficulty":"medium","question":"What is the real name of the &quot;Master Of Magnetism&quot; Magneto?","correct_answer":"Max Eisenhardt","incorrect_answers":["Charles Xavier","Pietro Maximoff","Johann Schmidt"]},{"category":"History","type":"multiple","difficulty":"medium","question":"Which U.S. President was famously &#039;attacked&#039; by a swimming rabbit?","correct_answer":"Jimmy Carter","incorrect_answers":["Ronald Reagan","Lydon B. Johnson","Gerald Ford"]},{"category":"Entertainment: Music","type":"multiple","difficulty":"medium","question":"Which genre of Hip Hop does MC Frontalot rap?","correct_answer":"Nerdcore","incorrect_answers":["Horrorcore","Christian","Crunk"]},{"category":"Science & Nature","type":"multiple","difficulty":"medium","question":"What is an alternative name for multiple personality disorder?","correct_answer":"Dissociative identity disorder","incorrect_answers":["Body integrity identity disorder","Identity crisis","Schizophrenia"]},{"category":"Geography","type":"multiple","difficulty":"easy","question":"What is Laos?","correct_answer":"Country","incorrect_answers":["Region","River","City"]},{"category":"Entertainment: Music","type":"boolean","difficulty":"easy","question":"Lead Singer Rivers Cuomo of American rock band Weezer attended Harvard.","correct_answer":"True","incorrect_answers":["False"]},{"category":"Entertainment: Music","type":"multiple","difficulty":"medium","question":"The Proclaimers - I&#039;m Gonna Be (500 Miles) reached what position on the US Hot 100 Charts in 1993?","correct_answer":"3rd","incorrect_answers":["8th","1st","5th"]},{"category":"Geography","type":"multiple","difficulty":"medium","question":"What island in the Canary Islands was the scene of one of the worst air disasters in history with the collision of two jumbo jets?","correct_answer":"Tenerife","incorrect_answers":["Fuerteventura","Gran Canaria","Maui"]},{"category":"Entertainment: Video Games","type":"boolean","difficulty":"hard","question":"In The Witcher 3, the Zoltan Chivay Gwent card can be found under the Hanged Man&#039;s Tree.","correct_answer":"True","incorrect_answers":["False"]}]}