{"response_code":0,"results":[{"category":"Mythology","type":"multiple","difficulty":"hard","question":"Talos, the mythical giant bronze man, was the protector of which island?","correct_answer":"Crete","incorrect_answers":["Sardinia","Sicily","Cyprus"]},{"category":"Mythology","type":"multiple","difficulty":"hard","question":"According to Algonquian folklore, how does one transform into a Wendigo?","correct_answer":"Participating in cannibalism.","incorrect_answers":["Excessive mutilation of animal corpses.","Performing a ritual involving murder.","Drinking the blood of many slain animals."]},{"category":"Geography","type":"multiple","difficulty":"medium","question":"What European country is not a part of the EU?","correct_answer":"Norway","incorrect_answers":["Lithuania","Ireland","Czechia"]},{"category":"Entertainment: Music","type":"multiple","difficulty":"medium","question":"Who had hits in the 70s with the songs &quot;Lonely Boy&quot; and &quot;Never Let Her Slip Away&quot;?","correct_answer":"Andrew Gold","incorrect_answers":["Elton John","Leo Sayer","Barry White "]},{"category":"Entertainment: Cartoon & Animations","type":"multiple","difficulty":"hard","question":"Who played Stan&#039;s dog in the South Park episode &quot;Big Gay Al&#039;s Big Gay Boat Ride&quot;?","correct_answer":"George Clooney","incorrect_answers":["Jay Leno","Matt Stone","Robert Smith"]},{"category":"Entertainment: Cartoon & Animations","type":"multiple","difficulty":"easy","question":"What was the name of the sea witch in the 1989 Disney film &quot;The Little Mermaid&quot;?","correct_answer":"Ursula","incorrect_answers":["Madam Mim","Maleficent","Lady Tremaine"]},{"category":"Science: Mathematics","type":"multiple","difficulty":"medium","question":"How many zeros are there in a googol?","correct_answer":"100","incorrect_answers":["10","1,000","1,000,000"]},{"category":"Entertainment: Television","type":"multiple","difficulty":"medium","question":"In what year did &quot;The Big Bang Theory&quot; debut on CBS?","correct_answer":"2007","incorrect_answers":["2008","2006","2009"]},{"category":"Geography","type":"multiple","difficulty":"medium","question":"Which city is the capital of Switzerland?","correct_answer":"Bern","incorrect_answers":["Z&uuml;rich","Frankfurt","Wien"]},{"category":"Science: Computers","type":"multiple","difficulty":"medium","question":"When was the programming language &quot;C#&quot; released?","correct_answer":"2000","incorrect_answers":["1998","1999","2001"]},{"category":"Celebrities","type":"multiple","difficulty":"medium","question":"What is Doug Walker&#039;s YouTube name?","correct_answer":"The Nostalgia Critic","incorrect_answers":["The Angry Video Game Nerd","AngryJoeShow","The Cinema Snob"]},{"category":"Sports","type":"multiple","difficulty":"hard","question":"With which doubles partner did John McEnroe have most success?","correct_answer":"Peter Fleming","incorrect_answers":["Mark Woodforde","Michael Stich","Mary Carillo"]},{"category":"Sports","type":"boolean","difficulty":"medium","question":"Soccer player Cristiano Ronaldo opened a museum dedicated to himself.","correct_answer":"True","incorrect_answers":["False"]},{"category":"Entertainment: Video Games","type":"multiple","difficulty":"medium","question":"The city of Rockport is featured in which of the following video games?","correct_answer":"Need for Speed: Most Wanted (2005)","incorrect_answers":["Infamous 2","Saints Row: The Third","Burnout Revenge"]},{"category":"Entertainment: Video Games","type":"multiple","difficulty":"hard","question":"In the original &quot;Super Mario Bros.&quot;, what is the acceleration of Mario if he was in free fall?","correct_answer":"91.28 m\/s^2","incorrect_answers":["110  m\/s^2","9.42  m\/s^2","4.4  m\/s^2"]},{"category":"Entertainment: Video Games","type":"multiple","difficulty":"easy","question":"What is the title of song on the main menu in Halo?","correct_answer":"Halo","incorrect_answers":["Opening Suite","Shadows","Suite Autumn"]},{"category":"Art","type":"multiple","difficulty":"hard","question":"What year was the Mona Lisa finished?","correct_answer":"1504","incorrect_answers":["1487","1523","1511"]},{"category":"Animals","type":"multiple","difficulty":"hard","question":"What scientific suborder does the family Hyaenidae belong to?","correct_answer":"Feliformia","incorrect_answers":["Haplorhini","Caniformia","Ciconiiformes"]},{"category":"General Knowledge","type":"multiple","difficulty":"medium","question":"What is the name of the popular animatronic singing fish prop, singing such hits such as &quot;Don&#039;t Worry, Be Happy&quot;?","correct_answer":"Big Mouth Billy Bass","incorrect_answers":["Big Billy Bass","Singing Fish","Sardeen"]},{"category":"General Knowledge","type":"boolean","difficulty":"medium","question":"The average woman is 5 inches \/ 13 centimeters shorter than the average man.","correct_answer":"True","incorrect_answers":["False"]},{"category":"Science: Computers","type":"boolean","difficulty":"medium","question":"MacOS is based on Linux.","correct_answer":"False","incorrect_answers":["True"]},{"category":"Entertainment: Video Games","type":"multiple","difficulty":"medium","question":"In World of Warcraft lore, who was first to have the title &quot;The Ashbringer&quot;?","correct_answer":"Alexandros Mograine","incorrect_answers":["Tirion Fordring","Arthas Menethil","Uther the Lightbringer"]},{"category":"History","type":"multiple","difficulty":"medium","question":"How many times was Albert Einstein married in his lifetime?","correct_answer":"Twice","incorrect_answers":["Five","Thrice","Once"]},{"category":"Vehicles","type":"multiple","difficulty":"medium","question":"Which of these car models are produced by Lamborghini?","correct_answer":"Aventador","incorrect_answers":["Huayra","918","Chiron"]},{"category":"Entertainment: Books","type":"multiple","difficulty":"hard","question":"Which of these does Charlie NOT read in The Perks of Being a Wallflower?","correct_answer":"The Grapes of Wrath","incorrect_answers":["Hamlet","The Great Gatsby","Peter Pan"]},{"category":"Celebrities","type":"multiple","difficulty":"easy","question":"Gwyneth Paltrow has a daughter named...?","correct_answer":"Apple","incorrect_answers":["Lily","French","Dakota"]},{"category":"History","type":"multiple","difficulty":"medium","question":"What is the mnemonic device for remembering the fates of the wives of Henry VIII?","correct_answer":"Divorced, Beheaded, Died, Divorced, Beheaded, Survived","incorrect_answers":["Beheaded, Died, Divorced, Divorced, Beheaded, Survived","Died, Beheaded, Divorced, Beheaded, Survived, Divorced","Survived, Beheaded, Died, Divorced, Divorced, Beheaded"]},{"category":"Entertainment: Music","type":"multiple","difficulty":"medium","question":"What musician made the song &quot;Fuckin` Perfect&quot; in 2010?","correct_answer":"P!nk","incorrect_answers":["Mitis","Adam lambert","Koven"]},{"category":"Sports","type":"multiple","difficulty":"easy","question":"Which team won 2014 FIFA World Cup in Brazil?","correct_answer":"Germany","incorrect_answers":["Argentina","Brazil","Netherlands"]},{"category":"Mythology","type":"multiple","difficulty":"medium","question":"A minotaur is half human half what?","correct_answer":"Bull","incorrect_answers":["Cow","Horse","Eagle"]},{"category":"Entertainment: Video Games","type":"multiple","difficulty":"hard","question":"Which of these characters was considered, but ultimately not included, for Super Smash Bros. Melee?","correct_answer":"James Bond","incorrect_answers":["Diddy Kong","Mega Man","Wave Racer"]},{"category":"Politics","type":"boolean","difficulty":"easy","question":"One of Barack Obama&#039;s United States presidential campaign slogan&#039;s was &quot;Yes We Can&quot;.","correct_answer":"True","incorrect_answers":["False"]},{"category":"Sports","type":"multiple","difficulty":"medium","question":"What is the exact length of one non-curved part in Lane 1 of an Olympic Track?","correct_answer":"84.39m","incorrect_answers":["100m","100yd","109.36yd"]},{"category":"Entertainment: Music","type":"multiple","difficulty":"medium","question":"Which of these is NOT a song by Pegboard Nerds?","correct_answer":"WiFi Tears","incorrect_answers":["Swamp Thing","Emoji","BAMF"]},{"category":"Entertainment: Television","type":"boolean","difficulty":"medium","question":"Klingons once had a period of Democracy in their history, they referred to it as the &quot;Dark Times&quot;.","correct_answer":"True","incorrect_answers":["False"]},{"category":"Entertainment: Video Games","type":"multiple","difficulty":"hard","question":"What programming language was used to create the game &quot;Minecraft&quot;?","correct_answer":"Java","incorrect_answers":["HTML 5","C++","Python"]},{"category":"Entertainment: Film","type":"multiple","difficulty":"medium","question":"Who plays &quot;Bruce Wayne&quot; in the 2008 movie &quot;The Dark Knight&quot;?","correct_answer":"Christian Bale","incorrect_answers":["Michael Caine","Ron Dean","Heath Ledger"]},{"category":"Entertainment: Video Games","type":"multiple","difficulty":"medium","question":"What former MOBA, created by Waystone Games and published by EA, was shut down in 2014?","correct_answer":"Dawngate","incorrect_answers":["Strife","League of Legends","Heroes of Newerth"]},{"category":"Entertainment: Video Games","type":"multiple","difficulty":"medium","question":"In Portal, what color is the Morality Core?","correct_answer":"Purple","incorrect_answers":["Red","Yellow","Blue"]},{"category":"Entertainment: Video Games","type":"multiple","difficulty":"hard","question":"What is the real name of &quot;Warhead&quot; in the Sega Genesis game &quot;Vectorman&quot;?","correct_answer":"Raster","incorrect_answers":["Peacehead","Vectorkid","Bitmap"]},{"category":"History","type":"multiple","difficulty":"easy","question":"Who led the Communist Revolution of Russia?","correct_answer":"Vladimir Lenin","incorrect_answers":["Joseph Stalin","Vladimir Putin","Mikhail Gorbachev"]},{"category":"History","type":"boolean","difficulty":"easy","question":"The United States of America was the first country to launch a man into space.","correct_answer":"False","incorrect_answers":["True"]},{"category":"Entertainment: Music","type":"multiple","difficulty":"easy","question":"&quot;Doctor Jones&quot;, &quot;Turn Back Time&quot; and &quot;Barbie Girl&quot; were UK number ones for which Eurodance group?","correct_answer":"Aqua","incorrect_answers":["Vengaboys","Eiffel 65","Sash!"]},{"category":"Animals","type":"multiple","difficulty":"easy","question":"What colour is the female blackbird?","correct_answer":"Brown","incorrect_answers":["Black","White","Yellow"]},{"category":"Entertainment: Music","type":"multiple","difficulty":"medium","question":"Rick Astley&#039;s hit song &quot;Never Gonna Give You Up&quot; was released in what year?","correct_answer":"1987","incorrect_answers":["1985","1986","1988"]},{"category":"Entertainment: Video Games","type":"multiple","difficulty":"easy","question":"Which of the following is NOT one of the main characters in Grand Theft Auto V&rsquo;s story mode?","correct_answer":"Tommy Vercetti","incorrect_answers":["Michael de Santa","Franklin Clinton","Trevor Phillips"]},{"category":"Entertainment: Video Games","type":"multiple","difficulty":"hard","question":"In Geometry Dash, what is level 13?","correct_answer":"Electroman Adventures","incorrect_answers":["Theory of Everything","Clubstep ","Clutterfunk"]},{"category":"Entertainment: Video Games","type":"multiple","difficulty":"hard","question":"When was Pokemon GO released in North America?","correct_answer":"July 6th, 2016","incorrect_answers":["June 5th, 2016","May 24th, 2016","January 2nd, 2017"]},{"category":"General Knowledge","type":"multiple","difficulty":"easy","question":"When was the Playstation 3 released?","correct_answer":"November 11, 2006","incorrect_answers":["January 8, 2007","December 25, 2007","July 16, 2006"]},{"category":"Entertainment: Video Games","type":"multiple","difficulty":"hard","question":"In Terraria, which debuff does the ankh charm not provide immunity to?","correct_answer":"Venom","incorrect_answers":["Cursed","Bleeding","Slow"]}]}