{"response_code":0,"results":[{"category":"Science & Nature","type":"multiple","difficulty":"easy","question":"Which element has the chemical symbol &#039;Fe&#039;?","correct_answer":"Iron","incorrect_answers":["Gold","Silver","Tin"]},{"category":"Entertainment: Video Games","type":"multiple","difficulty":"easy","question":"Who is the main character of the game Half-Life: Opposing Force?","correct_answer":"Adrian Shephard","incorrect_answers":["Gordon Freeman","Alyx Vance","Barney Calhoun"]},{"category":"Entertainment: Books","type":"multiple","difficulty":"medium","question":"By what nickname is Jack Dawkins known in the Charles Dickens novel, &#039;Oliver Twist&#039;?","correct_answer":"The Artful Dodger","incorrect_answers":["Fagin","Bull&rsquo;s-eye","Mr. Fang"]},{"category":"Geography","type":"multiple","difficulty":"easy","question":"All of the following are classified as Finno-Ugric languages EXCEPT:","correct_answer":"Samoyedic","incorrect_answers":["Hungarian","Finnish","Estonian"]},{"category":"Geography","type":"multiple","difficulty":"easy","question":"Which of the following European languages is classified as a &quot;language isolate?&quot;","correct_answer":"Basque","incorrect_answers":["Galician","Maltese","Hungarian"]},{"category":"Science & Nature","type":"multiple","difficulty":"medium","question":"How many officially recognized dwarf planets in the solar system are named after Polynesian deities?","correct_answer":"2","incorrect_answers":["0","1","5"]},{"category":"Entertainment: Musicals & Theatres","type":"multiple","difficulty":"medium","question":"Which of these musicals won the Tony Award for Best Musical?","correct_answer":"Rent","incorrect_answers":["The Color Purple","American Idiot","Newsies"]},{"category":"Entertainment: Video Games","type":"multiple","difficulty":"medium","question":"How much does the &#039;AWP&#039; cost in Counter-Strike: Global Offensive?","correct_answer":"$4750","incorrect_answers":["$4500","$4650","$5000"]},{"category":"Entertainment: Japanese Anime & Manga","type":"boolean","difficulty":"easy","question":"In Kill La Kill, the weapon of the main protagonist is a katana. ","correct_answer":"False","incorrect_answers":["True"]},{"category":"Animals","type":"multiple","difficulty":"easy","question":"What do you call a baby bat?","correct_answer":"Pup","incorrect_answers":["Cub","Chick","Kid"]},{"category":"Politics","type":"boolean","difficulty":"easy","question":"The 2016 United States Presidential Election is the first time Hillary Clinton has run for President.","correct_answer":"False","incorrect_answers":["True"]},{"category":"Entertainment: Video Games","type":"boolean","difficulty":"easy","question":"In Team Fortress 2, being disguised as a scout or medic results in a speed boost.","correct_answer":"False","incorrect_answers":["True"]},{"category":"Entertainment: Comics","type":"boolean","difficulty":"medium","question":"In the webcomic Homestuck, the first character introduced is Dave Strider.","correct_answer":"False","incorrect_answers":["True"]},{"category":"Entertainment: Video Games","type":"multiple","difficulty":"medium","question":"Which of these is NOT the name of a team leader in Pok&eacute;mon GO?","correct_answer":"Leif","incorrect_answers":["Blanche","Spark","Candela"]},{"category":"Geography","type":"boolean","difficulty":"medium","question":"Antarctica is the largest desert in the world.","correct_answer":"True","incorrect_answers":["False"]},{"category":"Geography","type":"multiple","difficulty":"hard","question":"Which country was NOT formerly part of Yugoslavia?","correct_answer":"Albania","incorrect_answers":["Croatia","Serbia","Macedonia"]},{"category":"Science: Computers","type":"multiple","difficulty":"medium","question":"In HTML, which non-standard tag used to be be used to make elements scroll across the viewport?","correct_answer":"&lt;marquee&gt;&lt;\/marquee&gt;","incorrect_answers":["&lt;scroll&gt;&lt;\/scroll&gt;","&lt;move&gt;&lt;\/move&gt;","&lt;slide&gt;&lt;\/slide&gt;"]},{"category":"Geography","type":"multiple","difficulty":"medium","question":"Which country has the abbreviation &quot;CH&quot;?","correct_answer":"Switzerland","incorrect_answers":["China","Canada","No Country"]},{"category":"General Knowledge","type":"boolean","difficulty":"easy","question":"Romanian belongs to the Romance language family, shared with French, Spanish, Portuguese and Italian. ","correct_answer":"True","incorrect_answers":["False"]},{"category":"Entertainment: Music","type":"multiple","difficulty":"easy","question":"What collaborative album was released by Kanye West and Jay-Z in 2011?","correct_answer":"Watch the Throne","incorrect_answers":["Distant Relatives","What a Time to be Alive","Unfinished Business"]},{"category":"Entertainment: Comics","type":"multiple","difficulty":"hard","question":"What is the real hair colour of the mainstream comic book version (Earth-616) of Daredevil?","correct_answer":"Blonde","incorrect_answers":["Auburn","Brown","Black"]},{"category":"Entertainment: Video Games","type":"boolean","difficulty":"easy","question":"The Konami Code is known as Up, Up, Down, Down, Left, Right, Right, Left, B, A, Start.","correct_answer":"False","incorrect_answers":["True"]},{"category":"Entertainment: Film","type":"boolean","difficulty":"easy","question":"&quot;Minions&quot; was released on the June 10th, 2015.","correct_answer":"False","incorrect_answers":["True"]},{"category":"History","type":"multiple","difficulty":"medium","question":"Who was the leader of the Communist Party of Yugoslavia ?","correct_answer":"Josip Broz Tito","incorrect_answers":["Karadjordje Petrovic","Milos Obilic","Aleskandar Petrovic"]},{"category":"General Knowledge","type":"multiple","difficulty":"medium","question":"What was the soft drink Pepsi originally introduced as?","correct_answer":"Brad&#039;s Drink","incorrect_answers":["Pepsin Pop","Carolina Cola","Pepsin Syrup"]},{"category":"Entertainment: Books","type":"multiple","difficulty":"medium","question":"The book &quot;Fahrenheit 451&quot; was written by whom?","correct_answer":"Ray Bradbury","incorrect_answers":["R. L. Stine","Wolfgang Amadeus Mozart","Stephen King"]},{"category":"Entertainment: Japanese Anime & Manga","type":"multiple","difficulty":"medium","question":"Ikki Kurogane is known by what nickname at the beginning of &quot;Chivalry of a Failed Knight&quot;?","correct_answer":"Worst One","incorrect_answers":["Another One","Blazer","Princess"]},{"category":"Entertainment: Japanese Anime & Manga","type":"multiple","difficulty":"medium","question":"In the &quot;Sailor Moon&quot; series, what is Sailor Jupiter&#039;s civilian name?","correct_answer":"Makoto Kino","incorrect_answers":["Minako Aino","Usagi Tsukino","Rei Hino"]},{"category":"Entertainment: Video Games","type":"boolean","difficulty":"medium","question":"The ADAM collecters in the Bioshock series are known as Little Sisters.","correct_answer":"True","incorrect_answers":["False"]},{"category":"Science: Computers","type":"multiple","difficulty":"easy","question":"The C programming language was created by this American computer scientist. ","correct_answer":"Dennis Ritchie","incorrect_answers":["Tim Berners Lee","al-Khw\u0101rizm\u012b","Willis Ware"]},{"category":"Entertainment: Music","type":"multiple","difficulty":"hard","question":"Electronic artists Boys Noize and Skrillex have collaborated and released tracks under what name?","correct_answer":"Dog Blood","incorrect_answers":["Jack &Uuml;","What So Not","Noisia"]},{"category":"Geography","type":"multiple","difficulty":"easy","question":"What is the largest country in the world?","correct_answer":"Russia","incorrect_answers":["Canada","China","United States"]},{"category":"Entertainment: Video Games","type":"multiple","difficulty":"medium","question":"On which planet does the game Freedom Planet (2014) take place?","correct_answer":"Avalice","incorrect_answers":["Freedom","Galaxytrail","Shang Mu"]},{"category":"Entertainment: Board Games","type":"multiple","difficulty":"hard","question":"In Magic: The Gathering, what was a tribute card to Jamie Wakefield&#039;s late wife Marilyn, who loved horses?","correct_answer":"Timbermare","incorrect_answers":["Loyal Pegasus","Vryn Wingmare","Sungrace Pegasus"]},{"category":"Entertainment: Film","type":"multiple","difficulty":"medium","question":"What character in the Winnie the Pooh films was added by Disney and does not appear in the original books?","correct_answer":"Gopher","incorrect_answers":["Tigger","Heffalumps","Rabbit"]},{"category":"Entertainment: Music","type":"boolean","difficulty":"hard","question":"The song Scatman&#039;s World was released after Scatman (Ski-Ba-Bop-Ba-Dop-Bop).","correct_answer":"True","incorrect_answers":["False"]},{"category":"General Knowledge","type":"boolean","difficulty":"medium","question":"Haggis is traditionally ate on Burns Night.","correct_answer":"True","incorrect_answers":["False"]},{"category":"General Knowledge","type":"multiple","difficulty":"medium","question":"Which country drives on the left side of the road?","correct_answer":"Japan","incorrect_answers":["Germany","Russia","China"]},{"category":"Entertainment: Film","type":"multiple","difficulty":"medium","question":"Ed Koch, the Mayor of New York in 1984, played himself in which Muppets movie?","correct_answer":"The Muppets Take Manhattan","incorrect_answers":["The Great Muppet Caper","The Muppet Christmas Carol","The Muppet Movie"]},{"category":"Entertainment: Video Games","type":"multiple","difficulty":"medium","question":"In the PAYDAY series, who is the iconic leader of the PAYDAY gang?","correct_answer":"Dallas","incorrect_answers":["Wolf","Chains","Hoxton"]},{"category":"Science & Nature","type":"multiple","difficulty":"hard","question":"Which scientific unit is named after an Italian nobleman?","correct_answer":"Volt","incorrect_answers":["Pascal","Ohm","Hertz"]},{"category":"Vehicles","type":"boolean","difficulty":"hard","question":"The term &quot;GTO&quot; was originated by Ferrari?","correct_answer":"True","incorrect_answers":["False"]},{"category":"Sports","type":"multiple","difficulty":"medium","question":"Which of the following player scored a hat-trick during their Manchester United debut?","correct_answer":"Wayne Rooney","incorrect_answers":["Cristiano Ronaldo","Robin Van Persie","David Beckham"]},{"category":"Sports","type":"multiple","difficulty":"medium","question":"Who was the topscorer for England national football team?","correct_answer":"Wayne Rooney","incorrect_answers":["David Beckham","Steven Gerrard","Michael Owen"]},{"category":"Sports","type":"multiple","difficulty":"easy","question":"Who won the UEFA Champions League in 2016?","correct_answer":"Real Madrid C.F.","incorrect_answers":["FC Bayern Munich","Atletico Madrid","Manchester City F.C."]},{"category":"Entertainment: Television","type":"multiple","difficulty":"easy","question":"In the cartoon &#039;SpongeBob SquarePants&#039;, what did the acronym E.V.I.L stand for?","correct_answer":"Every Villain Is Lemons","incorrect_answers":["Every Villain Is Lemonade","Every Villain Is Limes","Each Villain Is Lemonade"]},{"category":"General Knowledge","type":"multiple","difficulty":"easy","question":"Who is the author of Jurrasic Park?","correct_answer":"Michael Crichton","incorrect_answers":["Peter Benchley","Chuck Paluhniuk","Irvine Welsh"]},{"category":"Science & Nature","type":"multiple","difficulty":"hard","question":"In quantum physics, which of these theorised sub-atomic particles has yet to be observed?","correct_answer":"Graviton","incorrect_answers":["Z boson","Tau neutrino","Gluon"]},{"category":"Entertainment: Video Games","type":"multiple","difficulty":"easy","question":"In the survival horror game, &quot;Cry of Fear,&quot; what was the name of Simon&#039;s close friend\/potential love interest?","correct_answer":"Sophie","incorrect_answers":["Olivia","Jessica","Alice"]},{"category":"Entertainment: Comics","type":"multiple","difficulty":"hard","question":"What are the Three Virtues of Bionicle?","correct_answer":"Unity, Duty, Destiny","incorrect_answers":["Build, Play, Change","Work, Play, Live","Forge, Build, Fight"]}]}