{"response_code":0,"results":[{"category":"Entertainment: Board Games","type":"multiple","difficulty":"hard","question":"The board game &quot;Monopoly&quot; is a variation of what board game?","correct_answer":"The Landlord&#039;s Game","incorrect_answers":["Territorial Dispute","Property Feud","The Monopolist&#039;s Game"]},{"category":"Entertainment: Video Games","type":"boolean","difficulty":"medium","question":"Nintendo started out as a playing card manufacturer.","correct_answer":"True","incorrect_answers":["False"]},{"category":"Entertainment: Television","type":"multiple","difficulty":"medium","question":"What year did the television company BBC officially launch the channel BBC One?","correct_answer":"1936","incorrect_answers":["1948","1932","1955"]},{"category":"Entertainment: Video Games","type":"multiple","difficulty":"medium","question":"What was the character Kirby originally going to be named?","correct_answer":"Popopo","incorrect_answers":["Dedede","Waddle Dee","Prince Puff"]},{"category":"Entertainment: Music","type":"multiple","difficulty":"hard","question":"What was the last Aphex Twin album released before his decade-long hiatus?","correct_answer":"Drukqs","incorrect_answers":["Windowlicker","Syro","Collected Ambient Works 85-92"]},{"category":"Science & Nature","type":"multiple","difficulty":"medium","question":"The humerus, paired radius, and ulna come together to form what joint?","correct_answer":"Elbow","incorrect_answers":["Knee","Sholder","Ankle"]},{"category":"Entertainment: Music","type":"multiple","difficulty":"easy","question":"Which English guitarist has the nickname &quot;Slowhand&quot;?","correct_answer":"Eric Clapton","incorrect_answers":["Mark Knopfler","Jeff Beck","Jimmy Page"]},{"category":"Science & Nature","type":"multiple","difficulty":"easy","question":"How many planets are in our Solar System?","correct_answer":"Eight","incorrect_answers":["Nine","Seven","Ten"]},{"category":"Entertainment: Film","type":"multiple","difficulty":"easy","question":"What was the title of the first Bond movie, released in 1962?","correct_answer":"Dr. No","incorrect_answers":["From Russia with Love","Goldfinger","Thunderball"]},{"category":"Entertainment: Video Games","type":"multiple","difficulty":"medium","question":"In what year was the original Sonic the Hedgehog game released?","correct_answer":"1991","incorrect_answers":["1989","1993","1995"]},{"category":"Entertainment: Music","type":"multiple","difficulty":"medium","question":"Which band released songs such as &quot;Electric Feel&quot;, &quot;Kids&quot;, and &quot;Time to Pretend&quot;?","correct_answer":"MGMT","incorrect_answers":["Passion Pit","Phoenix","Franz Ferdinand"]},{"category":"Entertainment: Video Games","type":"multiple","difficulty":"easy","question":"Which student in Yandere Simulator is known for asking irritating and stupid questions?","correct_answer":"Midori Gurin","incorrect_answers":["Kokona Hruka","Oka Ruto","Pipi Osu"]},{"category":"General Knowledge","type":"multiple","difficulty":"medium","question":"After how many years would you celebrate your crystal anniversary?","correct_answer":"15","incorrect_answers":["20","10","25"]},{"category":"Entertainment: Film","type":"multiple","difficulty":"medium","question":"What is the name of the Artificial Intelligence system in the 1983 film, &quot;WarGames&quot;?","correct_answer":"War Operation Plan Response","incorrect_answers":["Self Evolving Thought Helix","Master Control Program","West Campus Analog Computer"]},{"category":"Geography","type":"multiple","difficulty":"medium","question":"Which of these is NOT an island that is part of the Philippines?","correct_answer":"Java","incorrect_answers":["Luzon","Mindanao","Palawan"]},{"category":"Science & Nature","type":"multiple","difficulty":"hard","question":"&quot;The Big Bang Theory&quot; was first theorized by a priest of what religious ideology?","correct_answer":"Catholic","incorrect_answers":["Christian","Jewish","Islamic"]},{"category":"History","type":"multiple","difficulty":"hard","question":"Bohdan Khmelnytsky was which of the following?","correct_answer":"Leader of the Ukrainian Cossacks","incorrect_answers":["General Secretary of the Communist Party of the USSR","Prince of Wallachia","Grand Prince of Novgorod"]},{"category":"Science: Computers","type":"boolean","difficulty":"hard","question":"DHCP stands for Dynamic Host Configuration Port.","correct_answer":"False","incorrect_answers":["True"]},{"category":"Entertainment: Video Games","type":"boolean","difficulty":"easy","question":"In the game &quot;Subnautica&quot;, a &quot;Spadefish&quot; will attack you.","correct_answer":"False","incorrect_answers":["True"]},{"category":"Entertainment: Books","type":"multiple","difficulty":"medium","question":"Which American author was also a budding travel writer and wrote of his adventures with his dog Charley?","correct_answer":"John Steinbeck","incorrect_answers":["F. Scott Fitzgerald","Ernest Hemingway","William Faulkner"]},{"category":"Sports","type":"multiple","difficulty":"medium","question":"Which soccer team won the Copa Am&eacute;rica Centenario 2016?","correct_answer":"Chile","incorrect_answers":["Argentina","Brazil","Colombia"]},{"category":"Entertainment: Video Games","type":"multiple","difficulty":"medium","question":"Which Game Development company made No Man&#039;s Sky?","correct_answer":"Hello Games","incorrect_answers":["Dovetail Games","Valve","Blizzard Entertainment"]},{"category":"Entertainment: Board Games","type":"multiple","difficulty":"hard","question":"Which board game was first released on February 6th, 1935?","correct_answer":"Monopoly","incorrect_answers":["Risk","Clue","Candy Land"]},{"category":"General Knowledge","type":"boolean","difficulty":"medium","question":"Albert Einstein had trouble with mathematics when he was in school.","correct_answer":"False","incorrect_answers":["True"]},{"category":"Entertainment: Video Games","type":"multiple","difficulty":"easy","question":"In Minecraft, which two items must be combined to craft a torch?","correct_answer":"Stick and Coal","incorrect_answers":["Stick and Fire","Wood and Coal","Wood and Fire"]},{"category":"Entertainment: Video Games","type":"multiple","difficulty":"medium","question":"In what year was &quot;Super Mario Sunshine&quot; released?","correct_answer":"2002","incorrect_answers":["2003","2000","2004"]},{"category":"Entertainment: Music","type":"multiple","difficulty":"hard","question":"What is the first Studio Album to be released on the Internet with a &quot;Pay-What-You-Want&quot; price?","correct_answer":"In Rainbows","incorrect_answers":["The Help Album","Skrillex and Diplo Present Jack &Uuml;","Blackstar"]},{"category":"History","type":"multiple","difficulty":"easy","question":"The &quot;Trail of Tears&quot; was a result of which United States President&#039;s Indian Removal Policy?","correct_answer":"Andrew Jackson","incorrect_answers":["Harry S. Truman","Martin Van Buren","John Quincy Adams"]},{"category":"Entertainment: Video Games","type":"multiple","difficulty":"easy","question":"&quot;Minecraft&quot; was released from beta in 2011 during a convention held in which city?","correct_answer":"Las Vegas","incorrect_answers":["Paris","Bellevue","London"]},{"category":"Entertainment: Video Games","type":"boolean","difficulty":"medium","question":"In &quot;Super Mario World&quot;, the rhino mini-boss, Reznor, is named after the lead singer of the band &quot;Nine Inch Nails&quot;.","correct_answer":"True","incorrect_answers":["False"]},{"category":"Entertainment: Japanese Anime & Manga","type":"multiple","difficulty":"medium","question":"What year does Part 7 of &quot;JoJo&#039;s Bizarre Adventure&quot; take place in?","correct_answer":"1890","incorrect_answers":["1888","1999","2003"]},{"category":"Geography","type":"boolean","difficulty":"easy","question":"New Haven is the capital city of the state of Connecticut in the United States.","correct_answer":"False","incorrect_answers":["True"]},{"category":"Science & Nature","type":"multiple","difficulty":"medium","question":"Which planet did the &quot;Viking 1&quot; spacecraft send surface images of, starting in 1976?","correct_answer":"Mars","incorrect_answers":["Saturn","Jupiter","Venus"]},{"category":"Entertainment: Board Games","type":"multiple","difficulty":"hard","question":"When Magic: The Gathering was first solicited, which of the following was it originally titled?","correct_answer":"Mana Clash","incorrect_answers":["Magic","Magic Clash","Mana Duels"]},{"category":"Entertainment: Video Games","type":"multiple","difficulty":"medium","question":"Which of these characters is NOT a boss in Crash Bash?","correct_answer":"Ripper Roo","incorrect_answers":["Papu Papu","Komodo brothers","Nitros Oxide"]},{"category":"Entertainment: Music","type":"multiple","difficulty":"medium","question":"In which year was the Megadeth album &quot;Peace Sells... but Who&#039;s Buying?&quot; released?","correct_answer":"1986","incorrect_answers":["1979","1987","1983"]},{"category":"Celebrities","type":"multiple","difficulty":"hard","question":"Billy Herrington is from which US state?","correct_answer":"New York","incorrect_answers":["Arizona","California","Georgia"]},{"category":"Entertainment: Television","type":"multiple","difficulty":"hard","question":"Which former Coronation Street actress was once a hostess on the British Game Show &quot;Double Your Money&quot;?","correct_answer":"Amanda Barrie","incorrect_answers":["Sue Nicholls","Violet Carson","Jean Alexander"]},{"category":"Animals","type":"boolean","difficulty":"medium","question":"Tigers have one colour of skin despite the stripey fur.","correct_answer":"False","incorrect_answers":["True"]},{"category":"General Knowledge","type":"multiple","difficulty":"hard","question":"If you planted the seeds of Quercus robur, what would grow?","correct_answer":"Trees","incorrect_answers":["Grains","Vegetables","Flowers"]},{"category":"Entertainment: Music","type":"multiple","difficulty":"hard","question":"What song originally performed by The Bee Gees in 1978 had a cover version by Steps 20 years later?","correct_answer":"Tragedy","incorrect_answers":["Night Fever","Stayin&#039; Alive","You Should Be Dancing"]},{"category":"General Knowledge","type":"multiple","difficulty":"medium","question":"Which American manufactured submachine gun was informally known by the American soldiers that used it as &quot;Grease Gun&quot;?","correct_answer":"M3","incorrect_answers":["Colt 9mm","Thompson","MAC-10"]},{"category":"Sports","type":"multiple","difficulty":"hard","question":"Which player &quot;kung-fu kicked&quot; a Crystal Palace fan in January 1995?","correct_answer":"Eric Cantona","incorrect_answers":["David Seamen","Ashley Cole","Mark Hughes"]},{"category":"Entertainment: Video Games","type":"multiple","difficulty":"easy","question":"In Night In The Woods, where does Gregg work?","correct_answer":"Snack Falcon","incorrect_answers":["Ol&#039; Pickaxe","Video Outpost &quot;Too&quot;","Food Donkey"]},{"category":"Entertainment: Video Games","type":"multiple","difficulty":"medium","question":"What year was the video game streaming platform TwitchTV founded?","correct_answer":"2011","incorrect_answers":["2012","2010","2014"]},{"category":"Entertainment: Music","type":"multiple","difficulty":"medium","question":"In August 1964, who introduced the Beatles to cannabis?","correct_answer":"Bob Dylan","incorrect_answers":["Jim Morrison","Brian Epstein","Jerry Garcia"]},{"category":"Entertainment: Video Games","type":"multiple","difficulty":"medium","question":"What is the mod &quot;Cry of Fear&quot; based off of?","correct_answer":"Half-Life","incorrect_answers":["Counter Strike: Source","Half-Life 2","It&#039;s a stand alone game, not a mod"]},{"category":"Entertainment: Film","type":"multiple","difficulty":"medium","question":"Which of the following actors does not play a role in the movie &quot;The Usual Suspects?&quot;","correct_answer":"Steve Buscemi","incorrect_answers":["Kevin Spacey","Benicio Del Toro","Gabriel Byrne"]},{"category":"Entertainment: Comics","type":"multiple","difficulty":"medium","question":"What is Homestuck character Gamzee&#039;s last name?","correct_answer":"Makara","incorrect_answers":["Makera","Makare","Makrea"]},{"category":"Science: Computers","type":"multiple","difficulty":"hard","question":"Who is the founder of Palantir?","correct_answer":"Peter Thiel","incorrect_answers":["Mark Zuckerberg","Marc Benioff","Jack Dorsey"]}]}