{"response_code":0,"results":[{"category":"Entertainment: Television","type":"multiple","difficulty":"medium","question":"From what show is the character &quot;James Doakes&quot;? ","correct_answer":"Dexter","incorrect_answers":["Marvel&#039;s Daredevil","Boardwalk Empire","The Walking Dead"]},{"category":"History","type":"multiple","difficulty":"medium","question":"The seed drill was invented by which British inventor?","correct_answer":"Jethro Tull","incorrect_answers":["Charles Babbage","Isaac Newton","J.J Thomson"]},{"category":"General Knowledge","type":"multiple","difficulty":"medium","question":"According to the BBPA, what is the most common pub name in the UK?","correct_answer":"Red Lion","incorrect_answers":["Royal Oak","White Hart","King&#039;s Head"]},{"category":"Science & Nature","type":"multiple","difficulty":"hard","question":"Which of the following liquids is least viscous? Assume temperature is 25&deg;C.","correct_answer":"Acetone","incorrect_answers":["Water","Mercury","Benzene"]},{"category":"Science: Computers","type":"boolean","difficulty":"medium","question":"The first computer bug was formed by faulty wires.","correct_answer":"False","incorrect_answers":["True"]},{"category":"Geography","type":"multiple","difficulty":"medium","question":"How many countries are inside the United Kingdom?","correct_answer":"Four","incorrect_answers":["Two","Three","One"]},{"category":"Geography","type":"boolean","difficulty":"medium","question":"There are no roads in\/out of Juneau, Alaska.","correct_answer":"True","incorrect_answers":["False"]},{"category":"Geography","type":"boolean","difficulty":"easy","question":"San Marino is the only country completely surrounded by another country.","correct_answer":"False","incorrect_answers":["True"]},{"category":"Entertainment: Cartoon & Animations","type":"multiple","difficulty":"easy","question":"Who is the only voice actor to have a speaking part in all of the Disney Pixar feature films? ","correct_answer":"John Ratzenberger","incorrect_answers":["Tom Hanks","Dave Foley","Geoffrey Rush"]},{"category":"Entertainment: Books","type":"multiple","difficulty":"easy","question":"Which famous spy novelist wrote the childrens&#039; story &quot;Chitty-Chitty-Bang-Bang&quot;?","correct_answer":"Ian Fleming","incorrect_answers":["Joseph Conrad","John Buchan","Graham Greene"]},{"category":"General Knowledge","type":"multiple","difficulty":"easy","question":"What type of animal was Harambe, who was shot after a child fell into it&#039;s enclosure at the Cincinnati Zoo?","correct_answer":"Gorilla","incorrect_answers":["Tiger","Panda","Crocodile"]},{"category":"Entertainment: Video Games","type":"boolean","difficulty":"easy","question":"In Kingdom Hearts the Paopu fruit is said to intertwine the destinies for two people forever.","correct_answer":"True","incorrect_answers":["False"]},{"category":"Entertainment: Video Games","type":"multiple","difficulty":"easy","question":"Which of these Starbound races has a Wild West culture?","correct_answer":"Novakid","incorrect_answers":["Avian","Human","Hylotl"]},{"category":"Entertainment: Video Games","type":"multiple","difficulty":"easy","question":"When was Minecraft first released to the public?","correct_answer":"May 17th, 2009","incorrect_answers":["September 17th, 2009","November 18th, 2011","October 7th, 2011"]},{"category":"Entertainment: Television","type":"multiple","difficulty":"medium","question":"In the episode of SpongeBob SquarePants, &quot;Survival of the Idiots&quot;, Spongebob called Patrick which nickname?","correct_answer":"Pinhead","incorrect_answers":["Starfish","Larry","Dirty Dan"]},{"category":"Entertainment: Video Games","type":"boolean","difficulty":"easy","question":"Gordon Freeman, the protagonist of &quot;Half-Life&quot;, is said to have once had a ponytail.","correct_answer":"True","incorrect_answers":["False"]},{"category":"History","type":"multiple","difficulty":"easy","question":"In 1720, England was in massive debt and became involved in the South Sea Bubble. Who was the main mastermind behind it?","correct_answer":"John Blunt","incorrect_answers":["Daniel Defoe","Robert Harley","John Churchill"]},{"category":"Entertainment: Japanese Anime & Manga","type":"multiple","difficulty":"hard","question":"Which of these anime have over 7,500 episodes?","correct_answer":"Sazae-san","incorrect_answers":["Naruto","One Piece","Chibi Maruko-chan"]},{"category":"Entertainment: Television","type":"multiple","difficulty":"easy","question":"In Supernatural, what&#039;s is Sam&#039;s brothers name?","correct_answer":"Dean","incorrect_answers":["Dave","Steve","Mike"]},{"category":"Mythology","type":"multiple","difficulty":"easy","question":"In Greek mythology, who is the god of wine?","correct_answer":"Dionysus","incorrect_answers":["Hephaestus","Demeter","Apollo"]},{"category":"Mythology","type":"multiple","difficulty":"hard","question":"Who is the Egyptian god of reproduction and lettuce?","correct_answer":"Min","incorrect_answers":["Menu","Mut","Meret"]},{"category":"Entertainment: Music","type":"multiple","difficulty":"easy","question":"What album did Bon Iver release in 2016?","correct_answer":"22, A Million","incorrect_answers":["Bon Iver, Bon Iver","Blood Bank EP","For Emma, Forever Ago"]},{"category":"Vehicles","type":"multiple","difficulty":"easy","question":"Which car tire manufacturer is famous for its &quot;P Zero&quot; line?","correct_answer":"Pirelli","incorrect_answers":["Goodyear","Bridgestone","Michelin"]},{"category":"Geography","type":"multiple","difficulty":"easy","question":"What is the name of New Zealand&#039;s indigenous people?","correct_answer":"Maori","incorrect_answers":["Vikings","Polynesians","Samoans"]},{"category":"Entertainment: Books","type":"multiple","difficulty":"medium","question":"Which of these book series is by James Patterson?","correct_answer":"Maximum Ride","incorrect_answers":["Harry Potter","The Legend of Xanth","The Bartemaeus Trilogy"]},{"category":"Entertainment: Video Games","type":"multiple","difficulty":"medium","question":"In &quot;Fallout 4&quot;, what is the name of the dog you find at Red Rocket truck stop?","correct_answer":"Dogmeat","incorrect_answers":["Sparky","Quazar","Chop"]},{"category":"Entertainment: Video Games","type":"multiple","difficulty":"medium","question":"Which of these operators from &quot;Tom Clancy&#039;s Rainbow Six Siege&quot; has the ability to damage reinforced walls?","correct_answer":"Jordan &quot;Thermite&quot; Trace","incorrect_answers":["Eliza &quot;Ash&quot; Cohen","Seamus &quot;Sledge&quot; Cowden","Dominic &quot;Bandit&quot; Brunsmeier"]},{"category":"Entertainment: Japanese Anime & Manga","type":"multiple","difficulty":"medium","question":"The heroine of &quot;Humanity Has Declined&quot; is a mediator between humans and what?","correct_answer":"Fairies","incorrect_answers":["Elves","The Earth","Animals"]},{"category":"History","type":"multiple","difficulty":"hard","question":"What was the aim of the &quot;Umbrella Revolution&quot; in Hong Kong in 2014?","correct_answer":"Genuine universal suffrage","incorrect_answers":["Gaining Independence","Go back under British Rule","Lower taxes"]},{"category":"Entertainment: Japanese Anime & Manga","type":"multiple","difficulty":"easy","question":"What year did &quot;Attack on Titan&quot; first air?","correct_answer":"2013","incorrect_answers":["2014","2012","2015"]},{"category":"Entertainment: Video Games","type":"multiple","difficulty":"easy","question":"In &quot;Call Of Duty: Zombies&quot;, what is the name of the Pack-A-Punched Crossbow?","correct_answer":"Awful Lawton","incorrect_answers":["Longinus","V-R11","Predator"]},{"category":"Geography","type":"multiple","difficulty":"hard","question":"In which country is Tallinn located?","correct_answer":"Estonia","incorrect_answers":["Finland","Sweden","Poland"]},{"category":"General Knowledge","type":"multiple","difficulty":"medium","question":"Earl Grey tea is black tea flavoured with what?","correct_answer":"Bergamot oil","incorrect_answers":["Lavender","Vanilla","Honey"]},{"category":"Entertainment: Film","type":"multiple","difficulty":"medium","question":"Which actor plays the character &quot;Tommy Jarvis&quot; in &quot;Friday the 13th: The Final Chapter&quot; (1984)?","correct_answer":"Corey Feldman","incorrect_answers":["Macaulay Culkin","Mel Gibson","Mark Hamill"]},{"category":"History","type":"multiple","difficulty":"hard","question":"In addition to his career as an astrologer and &quot;prophet&quot;, Nostradamus published a 1555 treatise that included a section on what?","correct_answer":"Making jams and jellies","incorrect_answers":["Teaching parrots to talk","Cheating at card games","Digging graves"]},{"category":"Entertainment: Music","type":"multiple","difficulty":"medium","question":"From which country does the piano originate?","correct_answer":"Italy","incorrect_answers":["Germany","Austria","France"]},{"category":"Entertainment: Video Games","type":"multiple","difficulty":"easy","question":"In CoD: Black Ops III, what is the name of the rogue A.I. antagonist?","correct_answer":"Corvus","incorrect_answers":["Cabal","Legion","Icarus"]},{"category":"Entertainment: Music","type":"multiple","difficulty":"hard","question":"What is the first track on the Dave Matthews Band album &quot;Before These Crowded Streets&quot;?","correct_answer":"Pantala Naga Pampa","incorrect_answers":["Stay (Wasting Time)","Rapunzel","Don&#039;t Drink The Water"]},{"category":"Entertainment: Music","type":"multiple","difficulty":"hard","question":"Chino Moreno is the lead singer of which alternative metal band?","correct_answer":"Deftones","incorrect_answers":["Tool","Korn","Type O Negative"]},{"category":"Mythology","type":"multiple","difficulty":"hard","question":"What immense structure is referred to in Norse Mythology as the Yggdrasil.","correct_answer":"Tree","incorrect_answers":["Mountain","Temple","Castle"]},{"category":"Entertainment: Cartoon & Animations","type":"multiple","difficulty":"hard","question":"In the 1968 Cartoon Show &quot;Wacky Races&quot; what was the name of cavemen duo who rode in The Boulder Mobile?","correct_answer":"The Slag Brothers","incorrect_answers":["The Slate Brothers","The Rock Brothers","The Stone Brothers"]},{"category":"Entertainment: Cartoon & Animations","type":"multiple","difficulty":"hard","question":"Benny, Brain, Fancy-Fancy, Spook and Choo-Choo were known associates of what Hanna Barbera cartoon character?","correct_answer":"Top Cat","incorrect_answers":["Yogi Bear","Snagglepuss","Scooby-Doo"]},{"category":"Sports","type":"multiple","difficulty":"easy","question":"Which African American is in part responsible for integrating  Major League baseball?","correct_answer":"Jackie Robinson","incorrect_answers":["Curt Flood","Roy Campanella","Satchell Paige"]},{"category":"Entertainment: Books","type":"multiple","difficulty":"medium","question":"Who is the author of the series &quot;Malazan Book of the Fallen&quot;?","correct_answer":"Steven Erikson","incorrect_answers":["Ian Cameron Esslemont","George R. R. Martin","J. R. R. Tolkien"]},{"category":"Sports","type":"multiple","difficulty":"easy","question":"Who won the UEFA Champions League in 2017?","correct_answer":"Real Madrid C.F.","incorrect_answers":["Atletico Madrid","AS Monaco FC","Juventus F.C."]},{"category":"General Knowledge","type":"multiple","difficulty":"easy","question":"Who is the youngest person to recieve a Nobel Prize?","correct_answer":"Malala Yousafzai","incorrect_answers":["Lawrence Bragg","Werner Heisenberg","Yasser Arafat"]},{"category":"Vehicles","type":"multiple","difficulty":"medium","question":"Which of these cars is NOT considered one of the 5 Modern Supercars by Ferrari?","correct_answer":"Testarossa","incorrect_answers":["Enzo Ferrari","F40","288 GTO"]},{"category":"Entertainment: Music","type":"multiple","difficulty":"easy","question":"What is the name of Rivers Cuomo&#039;s wife?","correct_answer":"Kyoko Ito","incorrect_answers":["Yoko Ono","Kyary Pamyu Pamyu","LiSA"]},{"category":"Entertainment: Video Games","type":"multiple","difficulty":"easy","question":"In Splatoon 2, who are the members of Off The Hook?","correct_answer":"Pearl &amp; Marina","incorrect_answers":["Callie &amp; Marie","Diamond &amp; Aquamarina","DJ Octavio &amp; Crusty Sean"]},{"category":"Entertainment: Film","type":"multiple","difficulty":"medium","question":"What is the birth name of Michael Caine?","correct_answer":"Maurice Micklewhite","incorrect_answers":["Morris Coleman","Carl Myers","Martin Michaels"]}]}