{"response_code":0,"results":[{"category":"Geography","type":"multiple","difficulty":"medium","question":"On a London Underground map, what colour is the Circle Line?","correct_answer":"Yellow","incorrect_answers":["Red","Blue","Green"]},{"category":"Science & Nature","type":"multiple","difficulty":"medium","question":"The moons, Miranda, Ariel, Umbriel, Titania and Oberon orbit which planet?","correct_answer":"Uranus","incorrect_answers":["Jupiter","Venus","Neptune"]},{"category":"Entertainment: Music","type":"multiple","difficulty":"easy","question":"Who is the frontman of the band 30 Seconds to Mars?","correct_answer":"Jared Leto","incorrect_answers":["Gerard Way","Matthew Bellamy","Mike Shinoda"]},{"category":"Entertainment: Books","type":"multiple","difficulty":"easy","question":"&quot;Green Eggs And Ham&quot; is a book by which author?","correct_answer":"Dr. Seuss","incorrect_answers":["Beatrix Potter","Roald Dahl","A.A. Milne"]},{"category":"Entertainment: Video Games","type":"multiple","difficulty":"medium","question":"The original Planetside was released in North America on...","correct_answer":"May 20, 2003","incorrect_answers":["June 17, 2001","September 29, 2003","January 14, 2005"]},{"category":"Entertainment: Board Games","type":"boolean","difficulty":"medium","question":"In the game &quot;Racko&quot; you may pick up ANY card from the discard pile.","correct_answer":"False","incorrect_answers":["True"]},{"category":"Politics","type":"multiple","difficulty":"hard","question":"Which Native American tribe\/nation requires at least one half blood quantum (equivalent to one parent) to be eligible for membership?","correct_answer":"Yomba Shoshone Tribe","incorrect_answers":["Standing Rock Sioux Tribe","Kiowa Tribe of Oklahoma","Pawnee Nation of Oklahoma"]},{"category":"Entertainment: Comics","type":"multiple","difficulty":"medium","question":"What was the name of the first Robin in the Batman comics?","correct_answer":"Dick Grayson","incorrect_answers":["Bruce Wayne","Jason Todd","Tim Drake"]},{"category":"Entertainment: Video Games","type":"multiple","difficulty":"medium","question":"What is the name of the virus in &quot;Metal Gear Solid 1&quot;?","correct_answer":"FOXDIE","incorrect_answers":["FOXENGINE","FOXALIVE","FOXKILL"]},{"category":"Entertainment: Video Games","type":"multiple","difficulty":"easy","question":"How many Chaos Emeralds are there in the &quot;Sonic the Hedgehog&quot; universe?","correct_answer":"7","incorrect_answers":["6","8","14"]},{"category":"History","type":"multiple","difficulty":"medium","question":"In the War of the Pacific (1879 - 1883), Bolivia lost its access to the Pacific Ocean after being defeated by which South American country?","correct_answer":"Chile","incorrect_answers":["Peru","Brazil","Argentina"]},{"category":"General Knowledge","type":"multiple","difficulty":"easy","question":"What is the nickname of the US state of California?","correct_answer":"Golden State","incorrect_answers":["Sunshine State","Bay State","Treasure State"]},{"category":"Entertainment: Video Games","type":"multiple","difficulty":"medium","question":"In the Portal series, Aperture Science was founded under what name in the early 1940s?","correct_answer":"Aperture Fixtures","incorrect_answers":["Aperture Lavatories","Aperture Science Innovators","Wheatley Laboratories"]},{"category":"Entertainment: Video Games","type":"multiple","difficulty":"easy","question":"Who created the 2011 Video Game &quot;Minecraft&quot;?","correct_answer":"Markus Persson","incorrect_answers":["Jens Bergensten","Daniel Rosenfeld","Carl Manneh"]},{"category":"Entertainment: Japanese Anime & Manga","type":"multiple","difficulty":"hard","question":"What is the last line muttered in the anime film &quot;The End of Evangelion&quot;?","correct_answer":"&quot;How disgusting.&quot;","incorrect_answers":["&quot;Idiot, I won&#039;t let you kill me!&quot;","&quot;Nothing.&quot;","&quot;Goddammit, Shinji.&quot;"]},{"category":"Entertainment: Cartoon & Animations","type":"multiple","difficulty":"hard","question":"In the web-comic Homestuck, what is the name of the game the 4 kids play?","correct_answer":"Sburb","incorrect_answers":["Homesick","Husslie","Hiveswap"]},{"category":"Entertainment: Music","type":"multiple","difficulty":"medium","question":"Which of these bands are NOT from Australia?","correct_answer":"The Naked and Famous","incorrect_answers":["Cut Copy","Empire of the Sun","Tame Impala"]},{"category":"Mythology","type":"multiple","difficulty":"easy","question":"Which Greek &amp; Roman god was known as the god of music, truth and prophecy, healing, the sun and light, plague, poetry, and more?","correct_answer":"Apollo","incorrect_answers":["Aphrodite","Artemis","Athena"]},{"category":"Science & Nature","type":"multiple","difficulty":"medium","question":"The human right lung has how many lobes?","correct_answer":"3","incorrect_answers":["4","2","1"]},{"category":"Entertainment: Video Games","type":"multiple","difficulty":"medium","question":"In the game Destiny, who succeeded Peter Dinklage in voicing the protagonist&#039;s &quot;Ghost&quot;?","correct_answer":"Nolan North","incorrect_answers":["John DiMaggio","Mark Hamill"," Troy Baker"]},{"category":"Entertainment: Comics","type":"boolean","difficulty":"easy","question":"The &quot;Pepe&quot; meme originated from a comic drawn by Matt Furie called &quot;Boy&#039;s Club&quot;?","correct_answer":"True","incorrect_answers":["False"]},{"category":"Entertainment: Books","type":"multiple","difficulty":"easy","question":"What is the name of the three headed dog in Harry Potter and the Sorcerer&#039;s Stone?","correct_answer":"Fluffy","incorrect_answers":["Spike","Poofy","Spot"]},{"category":"Entertainment: Books","type":"multiple","difficulty":"easy","question":"What is the title of the first Sherlock Holmes book by Arthur Conan Doyle?","correct_answer":"A Study in Scarlet","incorrect_answers":["The Sign of the Four","A Case of Identity","The Doings of Raffles Haw"]},{"category":"Science: Computers","type":"boolean","difficulty":"easy","question":"The Windows ME operating system was released in the year 2000.","correct_answer":"True","incorrect_answers":["False"]},{"category":"Entertainment: Video Games","type":"multiple","difficulty":"medium","question":"In the game &quot;Terraria&quot;, which of these bosses are pre-hardmode bosses?","correct_answer":"Eye of Cthulhu","incorrect_answers":["Plantera","Skeletron Prime","The Destroyer"]},{"category":"Politics","type":"multiple","difficulty":"hard","question":"Which of the following United States Presidents served the shortest term in office?","correct_answer":"William Henry Harrison","incorrect_answers":["Zachary Taylor","James A. Garfield","Warren G. Harding"]},{"category":"General Knowledge","type":"multiple","difficulty":"medium","question":"What year was Apple Inc. founded?","correct_answer":"1976","incorrect_answers":["1978","1980","1974"]},{"category":"Entertainment: Music","type":"boolean","difficulty":"easy","question":"Daft Punk originated in France.","correct_answer":"True","incorrect_answers":["False"]},{"category":"Entertainment: Television","type":"multiple","difficulty":"hard","question":"In Star Trek, what is the name of Spock&#039;s father?","correct_answer":"Sarek","incorrect_answers":["Tuvok","T&#039;Pal","Surak"]},{"category":"Entertainment: Television","type":"multiple","difficulty":"easy","question":"In &quot;Breaking Bad&quot;, Walter White is a high school teacher diagnosed with which form of cancer?","correct_answer":"Lung Cancer","incorrect_answers":["Prostate Cancer","Brain Cancer","Testicular Cancer"]},{"category":"Politics","type":"boolean","difficulty":"hard","question":"Nazi Germany surrendered on Harry Truman&#039;s birthday while he was president.","correct_answer":"True","incorrect_answers":["False"]},{"category":"Celebrities","type":"boolean","difficulty":"hard","question":"Lady Gaga&#039;s real name is Stefani Joanne Angelina Germanotta.","correct_answer":"True","incorrect_answers":["False"]},{"category":"Vehicles","type":"multiple","difficulty":"hard","question":"Which Audi does not use Haldex based all wheel drive system?","correct_answer":"Audi A8","incorrect_answers":["Audi TT","Audi S3","Audi A3"]},{"category":"Entertainment: Comics","type":"multiple","difficulty":"easy","question":"What is the alter-ego of the DC comics character &quot;Superman&quot;?","correct_answer":"Clark Kent","incorrect_answers":["Bruce Wayne","Arthur Curry","John Jones"]},{"category":"Geography","type":"multiple","difficulty":"medium","question":"What is the capital city of New Zealand?","correct_answer":"Wellington","incorrect_answers":["Auckland","Christchurch","Melbourne"]},{"category":"Entertainment: Video Games","type":"multiple","difficulty":"medium","question":"In &quot;Call Of Duty: Zombies&quot;, completing which map&#039;s main easter egg will reward you with the achievement, &quot;Little Lost Girl&quot;?","correct_answer":"Origins","incorrect_answers":["Revelations","Moon","Tranzit"]},{"category":"Entertainment: Music","type":"multiple","difficulty":"medium","question":"Which of these songs did Jimi Hendrix cover?","correct_answer":"All of these songs","incorrect_answers":["Sgt. Pepper&#039;s Lonely Hearts Club Band","All Along the Watchtower","House of the Rising Sun"]},{"category":"Entertainment: Video Games","type":"multiple","difficulty":"medium","question":"What is the name of the 8th installment in the Fire Emblem series?","correct_answer":"The Sacred Stones","incorrect_answers":["Blazing Sword","Awakening","Path of Radiance"]},{"category":"Entertainment: Board Games","type":"multiple","difficulty":"hard","question":"The board game &quot;Ra&quot; was designed by which designer? ","correct_answer":"Reiner Knizia","incorrect_answers":["Bruno Cathala","Uwe Rosenburg","Allison Kline"]},{"category":"Entertainment: Video Games","type":"multiple","difficulty":"medium","question":"Which of the following Call of Duty games was a PS3 launch title?","correct_answer":"Call of Duty 3","incorrect_answers":["Call of Duty 4: Modern Warfare","Call of Duty: World at War","Call of Duty: Roads to Victory"]},{"category":"Entertainment: Japanese Anime & Manga","type":"multiple","difficulty":"hard","question":"Which animation studio produced &quot;Log Horizon&quot;?","correct_answer":"Satelite","incorrect_answers":["Sunrise","Xebec","Production I.G"]},{"category":"Entertainment: Video Games","type":"multiple","difficulty":"easy","question":"In the Halo series, which era of SPARTAN is Master Chief? ","correct_answer":"SPARTAN-II","incorrect_answers":["SPARTAN-I","SPARTAN-III","SPARTAN-IV"]},{"category":"General Knowledge","type":"multiple","difficulty":"easy","question":"How many furlongs are there in a mile?","correct_answer":"Eight","incorrect_answers":["Two","Four","Six"]},{"category":"Entertainment: Video Games","type":"multiple","difficulty":"easy","question":"In &quot;PUBATTLEGROUNDS&quot; which ammo type does the M24 use?","correct_answer":"7.62mm","incorrect_answers":["5.56mm","9mm",".300 Magnum"]},{"category":"Entertainment: Video Games","type":"multiple","difficulty":"easy","question":"In Counter-Strike: Global Offensive, what&#039;s the rarity of discontinued skins called?","correct_answer":"Contraband","incorrect_answers":["Discontinued","Diminshed","Limited"]},{"category":"Geography","type":"multiple","difficulty":"hard","question":"Which of these cities is NOT in England?","correct_answer":"Edinburgh","incorrect_answers":["Oxford","Manchester","Southampton"]},{"category":"Entertainment: Video Games","type":"boolean","difficulty":"easy","question":"In Until Dawn, both characters Sam and Mike cannot be killed under any means until the final chapter of the game.","correct_answer":"True","incorrect_answers":["False"]},{"category":"History","type":"multiple","difficulty":"hard","question":"Which U.S. president was said to have been too honest to lie to his father about chopping down a cherry tree?","correct_answer":"George Washington","incorrect_answers":["Abraham Lincoln","Thomas Jefferson","James Monroe"]},{"category":"Science: Gadgets","type":"multiple","difficulty":"medium","question":"What is the most significant side venture the popular firearms company, Remington, has pursued?","correct_answer":"Typewriters","incorrect_answers":["Blenders","Ceiling Fans","Door Knobs"]},{"category":"Entertainment: Video Games","type":"multiple","difficulty":"hard","question":"Which retro video game was released first?","correct_answer":"Space Invaders","incorrect_answers":["Galaga","Pac-Man","Asteroids"]}]}