{"response_code":0,"results":[{"category":"Entertainment: Japanese Anime & Manga","type":"multiple","difficulty":"medium","question":"Who wrote and directed the animated movie &quot;Spirited Away&quot; (2001)?","correct_answer":"Hayao Miyazaki","incorrect_answers":["Isao Takahata","Mamoru Hosoda","Hidetaka Miyazaki"]},{"category":"Sports","type":"multiple","difficulty":"medium","question":"Which German sportswear company&#039;s logo is the &#039;Formstripe&#039;?","correct_answer":"Puma","incorrect_answers":["Nike","Adidas","Reebok"]},{"category":"Science & Nature","type":"multiple","difficulty":"medium","question":"Which of these stars is the largest?","correct_answer":"UY Scuti","incorrect_answers":["VY Canis Majoris","Betelgeuse","RW Cephei"]},{"category":"Science: Computers","type":"boolean","difficulty":"medium","question":"The very first recorded computer &quot;bug&quot; was a moth found inside a Harvard Mark II computer.","correct_answer":"True","incorrect_answers":["False"]},{"category":"Entertainment: Music","type":"multiple","difficulty":"easy","question":"Which member of the Foo Fighters was previously the drummer for Nirvana?","correct_answer":"Dave Grohl","incorrect_answers":["Taylor Hawkins","Nate Mendel","Chris Shiflett"]},{"category":"Geography","type":"multiple","difficulty":"medium","question":"Which European city has the highest mileage of canals in the world?","correct_answer":"Birmingham","incorrect_answers":["Venice","Amsterdam","Berlin"]},{"category":"Vehicles","type":"boolean","difficulty":"medium","question":"The Japanese Shinkansen beat the French TGV&#039;s speed record for fastest electric rail train.","correct_answer":"False","incorrect_answers":["True"]},{"category":"General Knowledge","type":"boolean","difficulty":"medium","question":"The sum of all the numbers on a roulette wheel is 666.","correct_answer":"True","incorrect_answers":["False"]},{"category":"Science: Mathematics","type":"boolean","difficulty":"easy","question":"The &#039;Squaring the Circle&#039; problem is solvable.","correct_answer":"False","incorrect_answers":["True"]},{"category":"Entertainment: Cartoon & Animations","type":"multiple","difficulty":"medium","question":"What is the standard frame rate for animation?","correct_answer":"24 FPS","incorrect_answers":["12 FPS","30 FPS","60 FPS"]},{"category":"Politics","type":"boolean","difficulty":"easy","question":"Despite being seperated into multiple countries, The Scandinavian countries are unified by all having the same monarch.","correct_answer":"False","incorrect_answers":["True"]},{"category":"History","type":"multiple","difficulty":"hard","question":"During the Wars of the Roses (1455 - 1487) which Englishman was dubbed &quot;the Kingmaker&quot;?","correct_answer":"Richard Neville","incorrect_answers":["Richard III","Henry V","Thomas Warwick"]},{"category":"General Knowledge","type":"boolean","difficulty":"medium","question":"Kissing someone for one minute burns about 2 calories.","correct_answer":"True","incorrect_answers":["False"]},{"category":"Entertainment: Board Games","type":"boolean","difficulty":"easy","question":"The Angry Video Game Nerd&#039;s alter ego is &quot;Board James&quot;.","correct_answer":"True","incorrect_answers":["False"]},{"category":"Entertainment: Video Games","type":"multiple","difficulty":"medium","question":"In &quot;Overwatch&quot;, what is the name of Mercy&#039;s &quot;ultimate ability&quot;?","correct_answer":"Valkyrie","incorrect_answers":["Earthshatter","Rocket Barrage","Molten Core"]},{"category":"History","type":"boolean","difficulty":"easy","question":"The United States of America declared their independence from the British Empire on July 4th, 1776.","correct_answer":"True","incorrect_answers":["False"]},{"category":"General Knowledge","type":"multiple","difficulty":"easy","question":"Who is depicted on the US hundred dollar bill?","correct_answer":"Benjamin Franklin","incorrect_answers":["George Washington","Abraham Lincoln","Thomas Jefferson"]},{"category":"Entertainment: Video Games","type":"multiple","difficulty":"medium","question":"When was Chapter 1 of the Source Engine mod &quot;Underhell&quot; released?","correct_answer":"September 1st, 2013","incorrect_answers":["March 3rd, 2011","September 12th, 2013","October 2nd, 2012"]},{"category":"Entertainment: Japanese Anime & Manga","type":"multiple","difficulty":"medium","question":"In the anime Assassination Classroom what is the class that Korosensei teaches?","correct_answer":"Class 3-E","incorrect_answers":["Class 3-A","Class 3-B","Class 3-D"]},{"category":"History","type":"multiple","difficulty":"medium","question":"What was the transfer of disease, crops, and people across the Atlantic shortly after the discovery of the Americas called?","correct_answer":"The Columbian Exchange","incorrect_answers":["Triangle Trade","Transatlantic Slave Trade","The Silk Road"]},{"category":"Entertainment: Video Games","type":"multiple","difficulty":"easy","question":"What is the name of the main character in &quot;Life is Strange&quot;?","correct_answer":"Maxine Caulfield","incorrect_answers":["Victoria Chase","Stella Hill","Chloe Price"]},{"category":"Entertainment: Comics","type":"multiple","difficulty":"hard","question":"What year was the first San Diego Comic-Con?","correct_answer":"1970","incorrect_answers":["2000","1990","1985"]},{"category":"Entertainment: Board Games","type":"multiple","difficulty":"easy","question":"The board game Monopoly takes its street names from which real American city?","correct_answer":"Atlantic City, New Jersey","incorrect_answers":["Las Vegas, Nevada","Duluth, Minnesota","Charleston, South Carolina"]},{"category":"Celebrities","type":"multiple","difficulty":"medium","question":"If he was still alive, in what year would Elvis Presley celebrate his 100th birthday?","correct_answer":"2035","incorrect_answers":["2030","2040","2045"]},{"category":"Entertainment: Video Games","type":"multiple","difficulty":"medium","question":"This weapon in Counter-Strike: Global Offensive does not exist in real life.","correct_answer":"M4A4","incorrect_answers":["AWP","M4A1","MP9"]},{"category":"History","type":"multiple","difficulty":"medium","question":"Which of the following snipers has the highest amount of confirmed kills?","correct_answer":"Simo H&auml;yh&auml;","incorrect_answers":["Chris Kyle","Vasily Zaytsev","Craig Harrison"]},{"category":"Entertainment: Film","type":"multiple","difficulty":"easy","question":"When does &quot;Rogue One: A Star Wars Story&quot; take place chronologically in the series?","correct_answer":"Between Episode 3 and 4","incorrect_answers":["After Episode 6","Before Episode 1","Between Episode 4 and 5"]},{"category":"Science & Nature","type":"multiple","difficulty":"medium","question":"What is radiation measured in?","correct_answer":"Gray ","incorrect_answers":["Watt","Decibel","Kelvin"]},{"category":"Science & Nature","type":"multiple","difficulty":"hard","question":"What does the term &quot;isolation&quot; refer to in microbiology?","correct_answer":"The separation of a strain from a natural, mixed population of living microbes","incorrect_answers":["A lack of nutrition in microenviroments","The nitrogen level in soil","Testing effects of certain microorganisms in an isolated enviroments, such as caves"]},{"category":"Science: Computers","type":"multiple","difficulty":"hard","question":"What was the first company to use the term &quot;Golden Master&quot;?","correct_answer":"Apple","incorrect_answers":["IBM","Microsoft","Google"]},{"category":"Entertainment: Video Games","type":"multiple","difficulty":"hard","question":"In &quot;Starbound&quot;, what is the max HP of the monster &quot;Punchy&quot;?","correct_answer":"50,000 HP","incorrect_answers":["9,000,000 HP","100 HP","150,000 HP"]},{"category":"Politics","type":"multiple","difficulty":"medium","question":"In United States history, how many vice presidents did Franklin D. Roosevelt have during his time in office as president?","correct_answer":"3","incorrect_answers":["1","2","0"]},{"category":"Art","type":"multiple","difficulty":"hard","question":"How many paint and pastel versions of &quot;The Scream&quot; is Norwegian painter Edvard Munch believed to have produced?","correct_answer":"4","incorrect_answers":["1","3","2"]},{"category":"Entertainment: Music","type":"multiple","difficulty":"hard","question":"What is the stage name of New Zealand singer Phillipa &quot;Pip&quot; Brown?","correct_answer":"Ladyhawke","incorrect_answers":["Lorde","Kesha","Anika Moa"]},{"category":"Entertainment: Japanese Anime & Manga","type":"multiple","difficulty":"medium","question":"In &quot;Little Witch Academia&quot;, what is Shiny Chariot&#039;s alias at Luna Nova Academy?","correct_answer":"Ursula Callistis","incorrect_answers":["Croix Meridies","Miranda Holbrook","Anne Finnelan"]},{"category":"Entertainment: Books","type":"multiple","difficulty":"medium","question":"In &quot;Little Women&quot;, which of the March sisters married Laurie?","correct_answer":"Amy","incorrect_answers":["Beth","Jo","Meg"]},{"category":"Entertainment: Japanese Anime & Manga","type":"multiple","difficulty":"hard","question":"Which animation studio produced &quot;Sword Art Online&quot;?","correct_answer":"A-1 Pictures","incorrect_answers":["Production I.G","Silver Link","Kyoto Animation"]},{"category":"Entertainment: Board Games","type":"multiple","difficulty":"hard","question":"In Magic: The Gathering, what term for blocking was established in the Portal set?","correct_answer":"Intercepting","incorrect_answers":["Blocking","Resisting","Shielding"]},{"category":"Geography","type":"multiple","difficulty":"medium","question":"Which of the following is the longest river in Europe?","correct_answer":"Volga","incorrect_answers":["Danube","Ural","Dnieper"]},{"category":"Entertainment: Film","type":"multiple","difficulty":"hard","question":"In Big Hero 6, what were Baymax&#039;s motions modeled after?","correct_answer":"Baby penguins","incorrect_answers":["Baby monkeys","Baby ostriches","Baby bears"]},{"category":"Entertainment: Video Games","type":"multiple","difficulty":"medium","question":"In the game Tom Clancy&#039;s Rainbow 6 Siege, what organization is Valkyrie from?","correct_answer":"Navy Seals","incorrect_answers":["S.A.S","G.I.G.N","F.B.I"]},{"category":"Entertainment: Video Games","type":"multiple","difficulty":"medium","question":"Who created Agent 47 in the game series &quot;Hitman&quot;?","correct_answer":"Dr. Otto Wolfgang Ort-Meyer","incorrect_answers":["Professor Hertz Amadeus Schneider","Dr. Josef Mengele","Professor Otto Rothwinkler"]},{"category":"Entertainment: Japanese Anime & Manga","type":"multiple","difficulty":"easy","question":"What is the theme song of &quot;Neon Genesis Evangelion&quot;?","correct_answer":"A Cruel Angel&#039;s Thesis","incorrect_answers":["Stardust Crusaders","Requiem for a Dream","God Knows"]},{"category":"Entertainment: Video Games","type":"boolean","difficulty":"medium","question":"In career mode of &quot;Need for Speed: Underground 2&quot;, the first car the player can drive is the BMW M3 GTR.","correct_answer":"False","incorrect_answers":["True"]},{"category":"Geography","type":"multiple","difficulty":"medium","question":"What is the name of the only remaining Grand Duchy in the world ?","correct_answer":"Luxembourg","incorrect_answers":["Montenegro","Liechtenstein","Andorra"]},{"category":"Entertainment: Video Games","type":"multiple","difficulty":"medium","question":"Which soccer player is featured on the cover of EA Sport&#039;s FIFA 18?","correct_answer":"Cristiano Ronaldo","incorrect_answers":["Lionel Messi","Neymar","Harry Kane"]},{"category":"Entertainment: Music","type":"multiple","difficulty":"easy","question":"Which of the following is an album by punk rock band Anti-Flag?","correct_answer":"For Blood And Empire","incorrect_answers":["Infinity On High","21st Century Breakdown","No Pads, No Helmets...Just Balls"]},{"category":"Entertainment: Cartoon & Animations","type":"multiple","difficulty":"medium","question":"What is the name of Ruby Rose&#039;s weapon from RWBY?","correct_answer":"Crescent Rose","incorrect_answers":["Thorned Rosebud","Magnhild","Crooked Scythe"]},{"category":"Entertainment: Video Games","type":"boolean","difficulty":"easy","question":"The shotgun appears in every numbered Resident Evil game.","correct_answer":"True","incorrect_answers":["False"]},{"category":"General Knowledge","type":"multiple","difficulty":"easy","question":"Which of these Marvel games was released on the Playstation 2?","correct_answer":"Spider-Man 2","incorrect_answers":["Silver Surfer","Howard the Duck","Wolverine: Adamantium Rage"]}]}